record_number,match_status,matched_master_customer_id,reason,customer_id,name,email,phone,address,city
1,partial_match,C02658,"Matched using customer_id, but the incoming record has missing values",C02658,Rehaan Mahajan,,,35 Shetty,
2,incomplete_match,,Too little reliable information is available,,Lekha Mitra,,,,
3,incomplete_match,,Too little reliable information is available,,,,,,
4,incomplete_match,,Too little reliable information is available,,Ekansh Sodhi,,,,
5,incomplete_match,,Too little reliable information is available,,,,,,Vadodara
6,complete_match,C02957,Matched using customer_id and all available values agree,C02957,Divya Char,divya.char2957@yahoo.com,6450533098,29/327 Devi Street,Kumbakonam
7,no_match_new_entity,,No reliable master record was found,N00085,Warjas Kata,warjas.kata3085@gmail.com,7696195872,"011, Shan Nagar",Morbi
8,no_match_new_entity,,No reliable master record was found,N00260,Raagini Bassi,raagini.bassi3260@yahoo.com,8998534235,H.No. 91 Kakar Chowk,Ghaziabad
9,partial_match,C00098,"Matched using name with city/address, but the incoming record has missing values",,Yamini Roy,,,46 Solanki Ganj,Panvel
10,no_match_new_entity,,No reliable master record was found,N00235,Karan Viswanathan,karan.viswanathan3235@hotmail.com,7861827888,H.No. 30 Chandran Ganj,Karimnagar
11,partial_match,C01131,"Matched using customer_id, but the incoming record has missing values",C01131,Faris Pal,,,"77, Dave Street",
12,partial_match,C01529,"Matched using customer_id, but the incoming record has missing values",C01529,Kevin Mannan,,8082066985,,
13,conflicting_information,C01165,"Matched using customer_id, but one or more values conflict",C01165,Ikshita Swamy,ekalinga.narayanan48812@example.in,8014527723,H.No. 977 Morar,Udupi
14,complete_match,C00958,Matched using customer_id and all available values agree,C00958,Siya Kaur,siya.kaur958@yahoo.com,6863800006,"91/94, Narayan Street",Vijayanagaram
15,incomplete_match,,Too little reliable information is available,,,,,,
16,conflicting_information,C01580,"Matched using customer_id, but one or more values conflict",C01580,Mekhala Golla,mekhala.golla1580@example.in,7526250384,434 Kar Circle,Durg
17,complete_match,C01522,Matched using customer_id and all available values agree,C01522,Upasna Bhat,upasna.bhat1522@gmail.com,7124097814,15 Chahal Road,Dhanbad
18,incomplete_match,,Too little reliable information is available,,Madhavi Agate,,,,
19,conflicting_information,C02101,"Matched using customer_id, but one or more values conflict",C02101,Nitara Saxena,nitara.saxena2101@yahoo.com,7355778293,26/99 Mani Chowk,Solapur
20,no_match_new_entity,,No reliable master record was found,N00208,Diya Dube,diya.dube3208@example.in,6458138370,534 Venkatesh Nagar,Sri Ganganagar
21,partial_match,C02535,"Matched using name with city/address, but the incoming record has missing values",,Ayushman Sant,,,"11/826, Pai Circle",Raichur
22,incomplete_match,,Too little reliable information is available,,Darpan Bhatnagar,,,,
23,complete_match,C01076,Matched using customer_id and all available values agree,C01076,Upadhriti Atwal,upadhriti.atwal1076@gmail.com,9903709496,88/002 Manda Road,Panvel
24,conflicting_information,C00878,"Matched using customer_id, but one or more values conflict",C00878,Gautami Bedi,gautami.bedi878@outlook.com,9387155829,"70/52, Chaudry Marg",Rourkela
25,no_match_new_entity,,No reliable master record was found,N00381,Anthony Bail,anthony.bail3381@yahoo.com,9204566863,"41, Morar Road",Belgaum
26,conflicting_information,C02666,"Matched using customer_id, but one or more values conflict",C02666,Adya Yadav,omkaar.salvi2666@yahoo.com,9960209067,"57/92, Tailor Chowk",Jalgaon
27,conflicting_information,C01759,"Matched using customer_id, but one or more values conflict",C01759,Maanas Ben,maanas.ben1759@example.in,8327069035,61/623 Chaudhuri Street,Kota
28,no_match_new_entity,,No reliable master record was found,N00386,Brinda Gole,brinda.gole3386@yahoo.com,7621767353,H.No. 108 Bava,Tadipatri
29,complete_match,C02424,Matched using customer_id and all available values agree,C02424,Chanakya Kumar,chanakya.kumar2424@outlook.com,8771308976,"33/07, Karpe Path",Yamunanagar
30,incomplete_match,,Too little reliable information is available,,,,,,
31,conflicting_information,C02747,"Matched using customer_id, but one or more values conflict",C02747,Joshua Saran,ekiya.krishna25704@hotmail.com,9130212412,72/43 Loyal Street,Kumbakonam
32,partial_match,C01257,"Matched using email or phone, but the incoming record has missing values",,DARSH KATA,,6612746349,H.No. 057 Goda Street,Bettiah
33,partial_match,C01675,"Matched using customer_id, but the incoming record has missing values",C01675,Raagini Keer,raagini.keer1675@example.in,,,Ambattur
34,incomplete_match,,Too little reliable information is available,,Bhavika Bobal,,,,
35,no_match_new_entity,,No reliable master record was found,N00034,Aadi Mody,aadi.mody3034@gmail.com,9867472224,"71/322, Patla Road",South Dumdum
36,partial_match,C00856,"Matched using customer_id, but the incoming record has missing values",C00856,Luke Sane,luke.sane856@gmail.com,8440833518,,Karimnagar
37,complete_match,C02801,Matched using customer_id and all available values agree,C02801,Prisha Gola,prisha.gola2801@yahoo.com,6501023127,55/602 Rout Road,Kolhapur
38,incomplete_match,,Too little reliable information is available,,Joshua Lala,,,,
39,conflicting_information,C02559,"Matched using customer_id, but one or more values conflict",C02559,Karan Shah,dev.natt2559@yahoo.com,6418572881,57/94 Rai Chowk,Khammam
40,no_match_new_entity,,No reliable master record was found,N00159,Yuvraj Chatterjee,yuvraj.chatterjee3159@hotmail.com,6923954342,"47/613, D’Alia Chowk",Eluru
41,conflicting_information,C02714,"Matched using customer_id, but one or more values conflict",C02714,Vaishnavi Ahluwalia,sudiksha.chauhan63058@hotmail.com,9057892356,"H.No. 728, Radhakrishnan",Arrah
42,no_match_new_entity,,No reliable master record was found,N00005,Gavin Singh,gavin.singh3005@hotmail.com,6908427841,"45/83, Deshmukh Circle",Durg
43,partial_match,C00823,"Matched using email or phone, but the incoming record has missing values",,SAMAR NARANG,,8234277686,H.No. 452 Bumb Street,Hosur
44,partial_match,C02329,"Matched using email or phone, but the incoming record has missing values",,YOCHANA RAMAN,,6510775494,H.No. 193 Venkataraman Marg,Gandhinagar
45,no_match_new_entity,,No reliable master record was found,N00141,Aachal Mall,aachal.mall3141@gmail.com,9104940755,25/307 Sinha Zila,Belgaum
46,conflicting_information,C00779,"Matched using customer_id, but one or more values conflict",C00779,Ekta Deshpande,ekta.deshpande779@outlook.com,8119102732,62/663 Nayar Path,Lucknow
47,complete_match,C00992,Matched using customer_id and all available values agree,C00992,Gaurangi Char,gaurangi.char992@yahoo.com,6723861372,02/765 Tank Street,Miryalaguda
48,partial_match,C02737,"Matched using email or phone, but the incoming record has missing values",,,ansh.atwal2737@outlook.com,8454472706,,Gaya
49,complete_match,C02936,Matched using customer_id and all available values agree,C02936,Inaya Zacharia,inaya.zacharia2936@outlook.com,6776551246,"33/12, Puri Circle",Bharatpur
50,partial_match,C02870,"Matched using customer_id, but the incoming record has missing values",C02870,Hiral Biswas,hiral.biswas2870@outlook.com,8697806783,72/16 Chana Zila,
51,partial_match,C02907,"Matched using customer_id, but the incoming record has missing values",C02907,Pallavi Goswami,pallavi.goswami2907@gmail.com,9493551247,"H.No. 373, Chacko Street",
52,complete_match,C01923,Matched using customer_id and all available values agree,C01923,Aashi Nair,aashi.nair1923@yahoo.com,7044099155,09/91 Palan,Bhopal
53,partial_match,C02229,"Matched using name with city/address, but the incoming record has missing values",,Isaiah Saini,,,,Siwan
54,partial_match,C02220,"Matched using customer_id, but the incoming record has missing values",C02220,Gayathri Sarraf,gayathri.sarraf2220@hotmail.com,,"904, Rau Circle",
55,no_match_new_entity,,No reliable master record was found,N00088,George Swamy,george.swamy3088@hotmail.com,6298605044,"99, Deep Ganj",Karnal
56,no_match_new_entity,,No reliable master record was found,N00311,Jackson Bera,jackson.bera3311@yahoo.com,7381206437,"H.No. 455, Chand Marg",Kanpur
57,incomplete_match,,Too little reliable information is available,,,,,,Raichur
58,complete_match,C02999,Matched using customer_id and all available values agree,C02999,Libni Baria,libni.baria2999@yahoo.com,7512191957,"193, Issac Ganj",Tirunelveli
59,complete_match,C00646,Matched using customer_id and all available values agree,C00646,Zinal Randhawa,zinal.randhawa646@yahoo.com,7771354388,"509, Gola Nagar",Dhule
60,partial_match,C00021,"Matched using email or phone, but the incoming record has missing values",,RANBIR PANDIT,,7393522425,H.No. 483 Kuruvilla Ganj,Nizamabad
61,conflicting_information,C02879,"Matched using customer_id, but one or more values conflict",C02879,Yuvraj Baria,omya.sarna58837@outlook.com,7879041198,854 Deep Path,Shimla
62,complete_match,C01674,Matched using customer_id and all available values agree,C01674,Champak Aurora,champak.aurora1674@hotmail.com,8682858856,"933, Swamy Circle",Serampore
63,partial_match,C01187,"Matched using name with city/address, but the incoming record has missing values",,Bhavya Karpe,,,,Raebareli
64,incomplete_match,,Too little reliable information is available,,Ubika Loyal,,,,
65,partial_match,C02747,"Matched using customer_id, but the incoming record has missing values",C02747,Ekapad De,,,72/43 Loyal Street,
66,no_match_new_entity,,No reliable master record was found,N00207,Vedhika Rajan,vedhika.rajan3207@hotmail.com,9170383791,"195, Lata Circle",Sagar
67,complete_match,C00479,Matched using customer_id and all available values agree,C00479,Harini Barad,harini.barad479@gmail.com,7509360523,"H.No. 067, Mukherjee Nagar",Kamarhati
68,partial_match,C02645,"Matched using customer_id, but the incoming record has missing values",C02645,Bahadurjit Buch,bahadurjit.buch2645@gmail.com,6273010435,,Guna
69,partial_match,C01279,"Matched using customer_id, but the incoming record has missing values",C01279,Lakshit Char,lakshit.char1279@outlook.com,,"822, Kari Circle",Jamshedpur
70,no_match_new_entity,,No reliable master record was found,N00127,Xiti Varughese,xiti.varughese3127@gmail.com,7847579994,H.No. 02 Ravel Marg,Jamnagar
71,complete_match,C01817,Matched using customer_id and all available values agree,C01817,Ria Apte,ria.apte1817@example.in,9908585474,"64/730, Kibe Street",New Delhi
72,partial_match,C00916,"Matched using customer_id, but the incoming record has missing values",C00916,Chaitanya Chada,,7841238306,H.No. 58 Chahal,
73,no_match_new_entity,,No reliable master record was found,N00339,Abdul Oommen,abdul.oommen3339@gmail.com,9448490998,31/836 Sinha,Gangtok
74,no_match_new_entity,,No reliable master record was found,N00332,Yoshita Narula,yoshita.narula3332@outlook.com,6449790929,"13, Ganesan Circle",Jhansi
75,no_match_new_entity,,No reliable master record was found,N00292,Darpan Tara,darpan.tara3292@yahoo.com,7837348648,20/303 Comar Path,Nagpur
76,conflicting_information,C01051,"Matched using customer_id, but one or more values conflict",C01051,Laksh Tata,laksh.tata1051@hotmail.com,9988302580,"H.No. 366, Narain Nagar",Tumkur
77,incomplete_match,,Too little reliable information is available,,,,,,
78,no_match_new_entity,,No reliable master record was found,N00077,Falan Dugar,falan.dugar3077@yahoo.com,7407428807,"16/821, Gupta Street",Pimpri-Chinchwad
79,partial_match,C01288,"Matched using customer_id, but the incoming record has missing values",C01288,Maya Bava,maya.bava1288@gmail.com,,,
80,no_match_new_entity,,No reliable master record was found,N00014,Anusha Kala,anusha.kala3014@hotmail.com,6046856265,49 Gill Ganj,Jhansi
81,conflicting_information,C01234,"Matched using customer_id, but one or more values conflict",C01234,Brinda Chokshi,om.iyer1234@yahoo.com,6683258729,H.No. 34 Handa Ganj,Firozabad
82,no_match_new_entity,,No reliable master record was found,N00346,Bhavya Karnik,bhavya.karnik3346@yahoo.com,9728205333,"92/508, Bail Road",Bellary
83,complete_match,C00053,Matched using customer_id and all available values agree,C00053,Ishanvi Shah,ishanvi.shah53@outlook.com,6354975856,987 Tiwari Road,Machilipatnam
84,conflicting_information,C02488,"Matched using customer_id, but one or more values conflict",C02488,Vrinda Nayar,vrinda.nayar2488@outlook.com,9924596170,"199, Krish Marg",Ghaziabad
85,complete_match,C02084,Matched using customer_id and all available values agree,C02084,Vansha Raja,vansha.raja2084@hotmail.com,9195954862,"H.No. 717, Mann Path",Mehsana
86,conflicting_information,C00346,"Matched using customer_id, but one or more values conflict",C00346,Shivansh Devi,vrinda.mukherjee38157@gmail.com,9178345767,"94/08, Vyas Path",Faridabad
87,no_match_new_entity,,No reliable master record was found,N00150,Aachal Agarwal,aachal.agarwal3150@yahoo.com,6912505003,H.No. 669 Goel Circle,Imphal
88,no_match_new_entity,,No reliable master record was found,N00358,Advay Cherian,advay.cherian3358@example.in,7176669832,"12, Sachdev Nagar",Anantapur
89,incomplete_match,,Too little reliable information is available,,Falak Brar,,,,
90,no_match_new_entity,,No reliable master record was found,N00239,Nilima Kothari,nilima.kothari3239@example.in,9992922297,96/461 Mukhopadhyay Zila,Ballia
91,complete_match,C01774,Matched using customer_id and all available values agree,C01774,Gopal Talwar,gopal.talwar1774@example.in,8952349867,96/810 Singhal Path,Thane
92,conflicting_information,C02423,"Matched using customer_id, but one or more values conflict",C02423,Daksh Dayal,nakul.walla75722@yahoo.com,9488521414,03/931 Sibal,Dhule
93,no_match_new_entity,,No reliable master record was found,N00377,Yagnesh Mittal,yagnesh.mittal3377@yahoo.com,7890258950,"152, Wable Nagar",Amravati
94,conflicting_information,C01688,"Matched using customer_id, but one or more values conflict",C01688,Devika Brahmbhatt,farhan.bir1688@hotmail.com,9478595939,H.No. 57 Borde Nagar,Kottayam
95,complete_match,C01858,Matched using customer_id and all available values agree,C01858,Zansi Murthy,zansi.murthy1858@example.in,7934535890,H.No. 43 Chhabra Marg,Pudukkottai
96,incomplete_match,,Too little reliable information is available,,Megha Naik,,,,
97,conflicting_information,C02917,"Matched using customer_id, but one or more values conflict",C02917,Pallavi Edwin,pallavi.edwin2917@example.in,7624581062,"87, Bala Chowk",Korba
98,partial_match,C02839,"Matched using customer_id, but the incoming record has missing values",C02839,Umang Wagle,,9670526801,78 Agarwal Zila,Barasat
99,conflicting_information,C02888,"Matched using customer_id, but one or more values conflict",C02888,Tejas Patla,tejas.patla2888@hotmail.com,6124597880,"492, Grover Nagar",Bardhaman
100,conflicting_information,C02985,"Matched using customer_id, but one or more values conflict",C02985,Nachiket Rout,pooja.bawa56533@yahoo.com,9207213807,"77/781, Chacko Circle",Aurangabad
101,conflicting_information,C00203,"Matched using customer_id, but one or more values conflict",C00203,Mohini Garde,mohini.garde203@example.in,9701537076,"37, Sangha Nagar",Serampore
102,incomplete_match,,Too little reliable information is available,,,,,,Guntakal
103,no_match_new_entity,,No reliable master record was found,N00330,Nimrat Bera,nimrat.bera3330@gmail.com,6306682374,36/31 Saha Zila,Sagar
104,partial_match,C02703,"Matched using email or phone, but the incoming record has missing values",,YASHAWINI DIXIT,,7510356657,"395, Sachdeva Nagar",Jodhpur
105,no_match_new_entity,,No reliable master record was found,N00218,Nidhi Badal,nidhi.badal3218@outlook.com,6515434976,H.No. 82 Issac Road,Allahabad
106,partial_match,C00550,"Matched using customer_id, but the incoming record has missing values",C00550,Kai Thakkar,,,H.No. 77 Dewan Marg,Delhi
107,partial_match,C01659,"Matched using customer_id, but the incoming record has missing values",C01659,Geetika Bhargava,geetika.bhargava1659@example.in,6226389988,,Phusro
108,no_match_new_entity,,No reliable master record was found,N00177,Balveer Kibe,balveer.kibe3177@outlook.com,9766478845,21 Walia Nagar,Maheshtala
109,partial_match,C02550,"Matched using customer_id, but the incoming record has missing values",C02550,Qadim Rana,,,16 Shere Street,
110,complete_match,C00177,Matched using customer_id and all available values agree,C00177,Ronith Bir,ronith.bir177@hotmail.com,9359910742,H.No. 94 Nadkarni Chowk,Sasaram
111,incomplete_match,,Too little reliable information is available,,Leela Mangal,,,,
112,partial_match,C01857,"Matched using customer_id, but the incoming record has missing values",C01857,Banjeet Dave,banjeet.dave1857@gmail.com,7083464717,,Raebareli
113,complete_match,C00125,Matched using customer_id and all available values agree,C00125,Anthony Khalsa,anthony.khalsa125@gmail.com,7171487641,"605, Tella Path",Bijapur
114,partial_match,C01869,"Matched using customer_id, but the incoming record has missing values",C01869,Farhan Mani,,6248541083,23/964 Vora Marg,
115,conflicting_information,C01918,"Matched using customer_id, but one or more values conflict",C01918,Devansh Sharma,devansh.sharma1918@example.in,9457807439,"H.No. 201, Sachdeva Ganj",Gopalpur
116,incomplete_match,,Too little reliable information is available,,,,,,
117,partial_match,C00019,"Matched using email or phone, but the incoming record has missing values",,AARINI OZA,,6215477346,H.No. 422 Kari Marg,Berhampore
118,incomplete_match,,Too little reliable information is available,,Vyanjana Samra,,,,
119,no_match_new_entity,,No reliable master record was found,N00123,Banjeet Madan,banjeet.madan3123@gmail.com,8218131615,401 Dash Chowk,Hindupur
120,partial_match,C02697,"Matched using customer_id, but the incoming record has missing values",C02697,Xalak Devi,xalak.devi2697@gmail.com,,,
121,complete_match,C02378,Matched using customer_id and all available values agree,C02378,Ethan Gade,ethan.gade2378@gmail.com,9113760113,925 Prabhu Street,Hospet
122,conflicting_information,C01059,"Matched using customer_id, but one or more values conflict",C01059,Jairaj Pau,lohit.sahota1059@example.in,9674589054,"H.No. 884, Setty Path",Jamalpur
123,complete_match,C02546,Matched using customer_id and all available values agree,C02546,Girik Bera,girik.bera2546@gmail.com,8827076216,75 Balakrishnan Marg,Raipur
124,incomplete_match,,Too little reliable information is available,,Dipta Bobal,,,,
125,incomplete_match,,Too little reliable information is available,,Panini Mander,,,,
126,partial_match,C01565,"Matched using customer_id, but the incoming record has missing values",C01565,Eshana Chahal,,8409175816,,
127,partial_match,C00736,"Matched using customer_id, but the incoming record has missing values",C00736,Falak Batta,falak.batta736@gmail.com,8347369874,,Singrauli
128,partial_match,C01736,"Matched using customer_id, but the incoming record has missing values",C01736,Balveer Suri,,9673275900,,Raichur
129,partial_match,C01408,"Matched using name with city/address, but the incoming record has missing values",,Rachita Baria,,,,Rourkela
130,complete_match,C00014,Matched using customer_id and all available values agree,C00014,Keya Hayre,keya.hayre14@yahoo.com,8232656018,94/960 Ganesh Path,Ambarnath
131,complete_match,C00775,Matched using customer_id and all available values agree,C00775,Barkha Sama,barkha.sama775@yahoo.com,6570398593,"H.No. 56, Hans Street",Khammam
132,partial_match,C01625,"Matched using customer_id, but the incoming record has missing values",C01625,Christopher Verma,,,298 Master,
133,incomplete_match,,Too little reliable information is available,,Oeshi Butala,,,,
134,no_match_new_entity,,No reliable master record was found,N00155,Faraj Chatterjee,faraj.chatterjee3155@yahoo.com,9717839716,H.No. 94 Garg Street,Saharsa
135,incomplete_match,,Too little reliable information is available,,,,,,
136,conflicting_information,C01423,"Matched using customer_id, but one or more values conflict",C01423,Nidhi Zachariah,nidhi.zachariah1423@outlook.com,7427267358,"22, Sem Path",Rajkot
137,no_match_new_entity,,No reliable master record was found,N00053,Yutika Ravi,yutika.ravi3053@yahoo.com,7962701404,"74, Koshy Street",Kishanganj
138,incomplete_match,,Too little reliable information is available,,,,,,Kulti
139,partial_match,C01704,"Matched using customer_id, but the incoming record has missing values",C01704,Chandran Swamy,,7265093762,,
140,partial_match,C02788,"Matched using customer_id, but the incoming record has missing values",C02788,Rudra Sachdev,rudra.sachdev2788@gmail.com,,H.No. 01 Balakrishnan Marg,
141,partial_match,C01946,"Matched using customer_id, but the incoming record has missing values",C01946,Vincent Malhotra,,,"34, Hora Circle",
142,conflicting_information,C00324,"Matched using customer_id, but one or more values conflict",C00324,Irya Mane,jhalak.mohan324@gmail.com,7100653697,54/251 Badal Ganj,Mathura
143,conflicting_information,C02168,"Matched using customer_id, but one or more values conflict",C02168,Bahadurjit Bhagat,nilima.oommen2168@yahoo.com,8779201523,"58, Natt Path",Panchkula
144,conflicting_information,C02902,"Matched using customer_id, but one or more values conflict",C02902,Dominic Tandon,advaith.mutti95398@gmail.com,7004499474,55/586 Golla Chowk,Bellary
145,complete_match,C00578,Matched using customer_id and all available values agree,C00578,Dev Nadig,dev.nadig578@example.in,9177496891,401 Badal Circle,Tadepalligudem
146,complete_match,C01860,Matched using customer_id and all available values agree,C01860,Girik Contractor,girik.contractor1860@gmail.com,7026011639,H.No. 189 Dara Chowk,Bhagalpur
147,complete_match,C02271,Matched using customer_id and all available values agree,C02271,Harshil Kalita,harshil.kalita2271@hotmail.com,7529726963,"57, Saha Zila",Narasaraopet
148,partial_match,C01212,"Matched using customer_id, but the incoming record has missing values",C01212,Gaurangi Mann,gaurangi.mann1212@outlook.com,,,
149,complete_match,C00833,Matched using customer_id and all available values agree,C00833,Lohit Patil,lohit.patil833@yahoo.com,6257675933,H.No. 09 Narain Ganj,Panchkula
150,partial_match,C02810,"Matched using customer_id, but the incoming record has missing values",C02810,Aarush Sane,,,92/358 Banik Path,Rampur
151,conflicting_information,C00323,"Matched using customer_id, but one or more values conflict",C00323,Veda Date,veda.date323@example.in,9100240806,86 De Nagar,Kozhikode
152,incomplete_match,,Too little reliable information is available,,Christopher Sha,,,,
153,partial_match,C02643,"Matched using customer_id, but the incoming record has missing values",C02643,Eshana Dewan,eshana.dewan2643@hotmail.com,,,
154,no_match_new_entity,,No reliable master record was found,N00008,Robert Mitter,robert.mitter3008@yahoo.com,9390259232,"50/38, Barad Path",Avadi
155,partial_match,C00583,"Matched using customer_id, but the incoming record has missing values",C00583,Qabil Swaminathan,,7750345045,,
156,incomplete_match,,Too little reliable information is available,,,,,,
157,complete_match,C01032,Matched using customer_id and all available values agree,C01032,Januja Natt,januja.natt1032@outlook.com,6250858936,"838, Koshy Chowk",Kumbakonam
158,complete_match,C01988,Matched using customer_id and all available values agree,C01988,Ridhi Kale,ridhi.kale1988@yahoo.com,8970900895,"H.No. 57, Mangal Street",Kurnool
159,partial_match,C00370,"Matched using customer_id, but the incoming record has missing values",C00370,Vamakshi Bala,,,21 Sama Zila,Dehri
160,conflicting_information,C01302,"Matched using customer_id, but one or more values conflict",C01302,Gunbir Lad,benjamin.sanghvi97232@hotmail.com,8795614418,"48/31, Contractor Marg",Kochi
161,complete_match,C01492,Matched using customer_id and all available values agree,C01492,Yashvi Sarraf,yashvi.sarraf1492@hotmail.com,9241590072,"78, Cherian Nagar",Dewas
162,incomplete_match,,Too little reliable information is available,,Chaitaly Dixit,,,,
163,complete_match,C00737,Matched using customer_id and all available values agree,C00737,Harish Dhillon,harish.dhillon737@gmail.com,7897344657,"02/012, Kulkarni",Phusro
164,complete_match,C01800,Matched using customer_id and all available values agree,C01800,Eta Kaul,eta.kaul1800@hotmail.com,7191271007,"722, Tiwari Nagar",Agartala
165,partial_match,C01446,"Matched using email or phone, but the incoming record has missing values",,DIPTA DATTA,,8230705219,90 Banik Chowk,Phagwara
166,partial_match,C01498,"Matched using customer_id, but the incoming record has missing values",C01498,Oviya Nagy,,9418076103,284 Muni Street,
167,conflicting_information,C02083,"Matched using customer_id, but one or more values conflict",C02083,Neelima Mahajan,wyatt.pandya2083@outlook.com,9633300601,"78, Bhatnagar",Deoghar
168,no_match_new_entity,,No reliable master record was found,N00345,Netra Prabhakar,netra.prabhakar3345@hotmail.com,6676400450,85 Sheth Circle,Varanasi
169,conflicting_information,C00669,"Matched using customer_id, but one or more values conflict",C00669,Chakrika Chaudry,kritika.mukherjee25697@example.in,7070618675,"92/28, Choudhary Ganj",Hospet
170,incomplete_match,,Too little reliable information is available,,Chasmum Dhingra,,,,
171,conflicting_information,C01068,"Matched using customer_id, but one or more values conflict",C01068,Vincent Kala,pratyush.bhatia79620@hotmail.com,6622356154,H.No. 169 Sridhar Circle,Kishanganj
172,partial_match,C02682,"Matched using customer_id, but the incoming record has missing values",C02682,David Bhakta,,9935832125,"98, Randhawa Zila",Korba
173,conflicting_information,C01050,"Matched using customer_id, but one or more values conflict",C01050,Aradhana Hari,megha.char1050@gmail.com,6959826954,85/435 Lanka Marg,Bulandshahr
174,incomplete_match,,Too little reliable information is available,,Yoshita Bajaj,,,,
175,partial_match,C01955,"Matched using customer_id, but the incoming record has missing values",C01955,Tanvi Kuruvilla,tanvi.kuruvilla1955@gmail.com,,,Ahmedabad
176,partial_match,C00592,"Matched using email or phone, but the incoming record has missing values",,chaaya verma,chaaya.verma592@hotmail.com,,"H.No. 438, Kapoor Zila",Kanpur
177,incomplete_match,,Too little reliable information is available,,,,,,
178,complete_match,C01136,Matched using customer_id and all available values agree,C01136,Balvan Ratta,balvan.ratta1136@outlook.com,9434292254,38/085 Sahni Circle,Bhiwandi
179,complete_match,C00270,Matched using customer_id and all available values agree,C00270,Irya Misra,irya.misra270@example.in,6173604473,38/548 Chanda Nagar,Pallavaram
180,complete_match,C01182,Matched using customer_id and all available values agree,C01182,Shravya Soman,shravya.soman1182@outlook.com,7241474606,46 Shroff Ganj,Kulti
181,no_match_new_entity,,No reliable master record was found,N00211,Joshua Nanda,joshua.nanda3211@hotmail.com,9285955915,H.No. 88 Desai Zila,Ongole
182,partial_match,C00982,"Matched using customer_id, but the incoming record has missing values",C00982,Wishi Upadhyay,wishi.upadhyay982@example.in,,,
183,no_match_new_entity,,No reliable master record was found,N00378,Urvashi Desai,urvashi.desai3378@outlook.com,9645416981,"H.No. 894, Ram Marg",Aizawl
184,partial_match,C02007,"Matched using email or phone, but the incoming record has missing values",,,champak.solanki2007@outlook.com,7908640363,,Raichur
185,partial_match,C01193,"Matched using customer_id, but the incoming record has missing values",C01193,Dakshesh Minhas,,,"95, Om Nagar",Morbi
186,no_match_new_entity,,No reliable master record was found,N00352,Leela Nayak,leela.nayak3352@hotmail.com,7226141869,23/49 Ratta Chowk,Aurangabad
187,complete_match,C02997,Matched using customer_id and all available values agree,C02997,Charita Sachar,charita.sachar2997@example.in,8811958594,22/431 Aggarwal Marg,Rohtak
188,partial_match,C00903,"Matched using email or phone, but the incoming record has missing values",,OLIVER SANGHVI,,7352752331,"H.No. 814, Bhakta Zila",Bongaigaon
189,partial_match,C02913,"Matched using customer_id, but the incoming record has missing values",C02913,Abhimanyu Dube,,6064020246,,
190,partial_match,C02755,"Matched using name with city/address, but the incoming record has missing values",,Tejas Mani,,,,Begusarai
191,incomplete_match,,Too little reliable information is available,,Gabriel Kala,,,,
192,partial_match,C00614,"Matched using customer_id, but the incoming record has missing values",C00614,Yatin Bala,yatin.bala614@yahoo.com,,,Srinagar
193,partial_match,C01327,"Matched using customer_id, but the incoming record has missing values",C01327,Neha Bhalla,neha.bhalla1327@gmail.com,,"72, Kumar Chowk",
194,complete_match,C02769,Matched using customer_id and all available values agree,C02769,Siya Chawla,siya.chawla2769@outlook.com,9438298752,973 Madan Road,Bikaner
195,partial_match,C01701,"Matched using customer_id, but the incoming record has missing values",C01701,Yochana Anand,yochana.anand1701@gmail.com,9890820515,,Noida
196,partial_match,C02033,"Matched using customer_id, but the incoming record has missing values",C02033,Omaja Dubey,,,"87, Goel Ganj",Amravati
197,no_match_new_entity,,No reliable master record was found,N00082,Chatura Chowdhury,chatura.chowdhury3082@hotmail.com,7608939197,"H.No. 51, Mittal Road",Bally
198,no_match_new_entity,,No reliable master record was found,N00230,Niharika Toor,niharika.toor3230@example.in,8748554968,79/073 Rajan Zila,Nagaon
199,incomplete_match,,Too little reliable information is available,,,,,,Bettiah
200,partial_match,C02226,"Matched using customer_id, but the incoming record has missing values",C02226,Aarav Gopal,,,"532, Saxena Nagar",
201,partial_match,C00526,"Matched using customer_id, but the incoming record has missing values",C00526,Nirja Manne,nirja.manne526@yahoo.com,7570806138,,Tirupati
202,partial_match,C02491,"Matched using email or phone, but the incoming record has missing values",,,ekta.gill2491@hotmail.com,8606706977,,Haldia
203,complete_match,C02606,Matched using customer_id and all available values agree,C02606,Ishani Chakraborty,ishani.chakraborty2606@gmail.com,9267428261,"56/133, Raghavan Chowk",Jorhat
204,partial_match,C01937,"Matched using customer_id, but the incoming record has missing values",C01937,Tanmayi Gokhale,tanmayi.gokhale1937@gmail.com,9322860189,058 Vyas Ganj,
205,complete_match,C00598,Matched using customer_id and all available values agree,C00598,Hiral Bahl,hiral.bahl598@example.in,7323064166,"12, Aggarwal Zila",Saharsa
206,complete_match,C01641,Matched using customer_id and all available values agree,C01641,Rayaan Lala,rayaan.lala1641@gmail.com,8063415370,00/67 Doshi,Sri Ganganagar
207,no_match_new_entity,,No reliable master record was found,N00050,Gaurang Pai,gaurang.pai3050@gmail.com,8846594908,"73/292, Solanki Road",Haldia
208,conflicting_information,C02814,"Matched using customer_id, but one or more values conflict",C02814,Orinder Choudhry,orinder.choudhry2814@gmail.com,6371299957,"H.No. 10, Gill Chowk",Rampur
209,partial_match,C00076,"Matched using email or phone, but the incoming record has missing values",,neha kanda,neha.kanda76@yahoo.com,,"H.No. 83, Ratta Road",Bihar Sharif
210,incomplete_match,,Too little reliable information is available,,Nitara Saxena,,,,
211,partial_match,C02309,"Matched using customer_id, but the incoming record has missing values",C02309,Daniel Varma,daniel.varma2309@hotmail.com,,,Gangtok
212,no_match_new_entity,,No reliable master record was found,N00376,Bachittar Cherian,bachittar.cherian3376@gmail.com,8263465205,79/86 Raja Circle,Bhiwani
213,complete_match,C00597,Matched using customer_id and all available values agree,C00597,Samesh D’Alia,samesh.d’alia597@yahoo.com,6489646760,"07/59, Zacharia Marg",Bharatpur
214,no_match_new_entity,,No reliable master record was found,N00288,Balvan Randhawa,balvan.randhawa3288@gmail.com,8256461595,435 Koshy Circle,Raichur
215,conflicting_information,C01016,"Matched using customer_id, but one or more values conflict",C01016,Urvashi Raval,urvashi.raval1016@yahoo.com,9677711723,"52/31, Sandal Circle",Thiruvananthapuram
216,incomplete_match,,Too little reliable information is available,,Hemal Boase,,,,
217,no_match_new_entity,,No reliable master record was found,N00388,Sudiksha Kurian,sudiksha.kurian3388@yahoo.com,7577448583,52 Nagi Nagar,Danapur
218,partial_match,C00517,"Matched using customer_id, but the incoming record has missing values",C00517,Jack Dyal,jack.dyal517@gmail.com,,,
219,partial_match,C00296,"Matched using email or phone, but the incoming record has missing values",,idika behl,idika.behl296@outlook.com,,04/249 Parmar Circle,Gaya
220,conflicting_information,C00181,"Matched using customer_id, but one or more values conflict",C00181,Eshana Bir,eshana.bir181@yahoo.com,9795342698,"52/97, Sarma Path",Shahjahanpur
221,no_match_new_entity,,No reliable master record was found,N00203,Yachana Saraf,yachana.saraf3203@gmail.com,8895273029,66 Nagi Road,Motihari
222,conflicting_information,C02408,"Matched using customer_id, but one or more values conflict",C02408,Rajata Kulkarni,hemangini.baria2408@example.in,7066248997,50 Dey Marg,Amravati
223,partial_match,C01710,"Matched using customer_id, but the incoming record has missing values",C01710,Samuel Ray,samuel.ray1710@hotmail.com,6131418435,,Guna
224,no_match_new_entity,,No reliable master record was found,N00277,Mugdha Loke,mugdha.loke3277@gmail.com,9453212475,"H.No. 628, Pandey Marg",Bhavnagar
225,no_match_new_entity,,No reliable master record was found,N00280,Yatin Kapur,yatin.kapur3280@hotmail.com,8307167448,"H.No. 14, Suresh Path",Siwan
226,complete_match,C01018,Matched using customer_id and all available values agree,C01018,Manya Ray,manya.ray1018@hotmail.com,9291806530,34/98 Mody Chowk,Vijayanagaram
227,partial_match,C01443,"Matched using customer_id, but the incoming record has missing values",C01443,Neha Nagar,neha.nagar1443@yahoo.com,9769121808,,
228,partial_match,C00638,"Matched using email or phone, but the incoming record has missing values",,NATHAN KHARE,,7448188705,52/831 Sathe Path,Sri Ganganagar
229,partial_match,C00761,"Matched using customer_id, but the incoming record has missing values",C00761,Irya Bedi,irya.bedi761@yahoo.com,,,
230,no_match_new_entity,,No reliable master record was found,N00354,Logan Sidhu,logan.sidhu3354@example.in,6641965436,96/68 Hari Path,Purnia
231,no_match_new_entity,,No reliable master record was found,N00183,Advaith Tara,advaith.tara3183@outlook.com,7120693445,"094, Khurana Chowk",Deoghar
232,partial_match,C01322,"Matched using customer_id, but the incoming record has missing values",C01322,Harinakshi Prashad,harinakshi.prashad1322@gmail.com,,967 Jain Chowk,Bardhaman
233,no_match_new_entity,,No reliable master record was found,N00226,Azaan Kohli,azaan.kohli3226@gmail.com,8312523057,"H.No. 287, Maharaj Street",Anantapuram
234,conflicting_information,C00636,"Matched using customer_id, but one or more values conflict",C00636,Meghana Sastry,madhavi.nair34463@gmail.com,9021169504,"H.No. 279, Mital Chowk",Vijayanagaram
235,incomplete_match,,Too little reliable information is available,,Yoshita Buch,,,,
236,partial_match,C02202,"Matched using customer_id, but the incoming record has missing values",C02202,Yashawini Chokshi,,,"H.No. 481, Balan Nagar",Coimbatore
237,partial_match,C00847,"Matched using customer_id, but the incoming record has missing values",C00847,Abeer Gill,,,,Bhopal
238,incomplete_match,,Too little reliable information is available,,,,,,
239,no_match_new_entity,,No reliable master record was found,N00360,Ayaan Lad,ayaan.lad3360@example.in,7146729768,"86/554, Biswas Marg",Gurgaon
240,partial_match,C02589,"Matched using name with city/address, but the incoming record has missing values",,Yoshita Narula,,,,Shahjahanpur
241,conflicting_information,C02651,"Matched using customer_id, but one or more values conflict",C02651,Radhika Rajagopalan,radhika.rajagopalan2651@yahoo.com,8951855345,73/174 Raman Zila,Moradabad
242,conflicting_information,C02361,"Matched using customer_id, but one or more values conflict",C02361,Widisha Yogi,widisha.yogi2361@hotmail.com,9855952952,"31/29, De Marg",Vasai-Virar
243,partial_match,C00049,"Matched using customer_id, but the incoming record has missing values",C00049,Jonathan Kala,,8346619082,"H.No. 679, Murthy Circle",Bhavnagar
244,partial_match,C00112,"Matched using customer_id, but the incoming record has missing values",C00112,Arya Dutta,arya.dutta112@gmail.com,,,
245,partial_match,C02833,"Matched using customer_id, but the incoming record has missing values",C02833,Jai Mall,jai.mall2833@yahoo.com,,"H.No. 755, Varty Path",
246,complete_match,C00491,Matched using customer_id and all available values agree,C00491,Om Mahal,om.mahal491@yahoo.com,6818033867,33 Wadhwa Street,Phusro
247,conflicting_information,C00197,"Matched using customer_id, but one or more values conflict",C00197,Qadim Sura,qadim.sura197@outlook.com,8471674301,"77/60, Pillay Path",Raurkela Industrial Township
248,partial_match,C00363,"Matched using customer_id, but the incoming record has missing values",C00363,Noah Char,noah.char363@yahoo.com,,,
249,no_match_new_entity,,No reliable master record was found,N00112,Dev Sastry,dev.sastry3112@hotmail.com,8709473343,H.No. 75 Shetty Zila,Bidhannagar
250,no_match_new_entity,,No reliable master record was found,N00317,Chakrika Nagi,chakrika.nagi3317@gmail.com,7475123987,H.No. 31 Nair Zila,Morbi
251,no_match_new_entity,,No reliable master record was found,N00361,Janaki Prabhu,janaki.prabhu3361@example.in,9343673027,"18, Mall Street",Pimpri-Chinchwad
252,partial_match,C00054,"Matched using customer_id, but the incoming record has missing values",C00054,Gaurika Joshi,,9672511899,H.No. 292 Deol Ganj,Jhansi
253,conflicting_information,C02774,"Matched using customer_id, but one or more values conflict",C02774,Barkha Sankaran,meghana.bera2774@yahoo.com,6460246403,"898, Raju Ganj",Hapur
254,no_match_new_entity,,No reliable master record was found,N00349,Veda Mani,veda.mani3349@yahoo.com,9692596572,"37/852, Shenoy Circle",Secunderabad
255,partial_match,C00562,"Matched using customer_id, but the incoming record has missing values",C00562,Yashvi Menon,yashvi.menon562@gmail.com,,"86/98, Bhalla Circle",Bhiwandi
256,conflicting_information,C00476,"Matched using customer_id, but one or more values conflict",C00476,Patrick Zachariah,eesha.keer98918@gmail.com,6888745428,"68/296, Yadav Street",Kamarhati
257,partial_match,C02387,"Matched using email or phone, but the incoming record has missing values",,NIRJA PALLA,,8936643766,93/21 Dhawan Circle,Bathinda
258,incomplete_match,,Too little reliable information is available,,Mitesh Gulati,,,,
259,partial_match,C02520,"Matched using customer_id, but the incoming record has missing values",C02520,Vedant Sachdev,vedant.sachdev2520@gmail.com,,62/335 Dara Chowk,Thoothukudi
260,no_match_new_entity,,No reliable master record was found,N00217,Ekanta Bhavsar,ekanta.bhavsar3217@example.in,8260966501,"H.No. 16, Jayaraman Path",Rajkot
261,conflicting_information,C02244,"Matched using customer_id, but one or more values conflict",C02244,Karan Sangha,karan.sangha2244@gmail.com,7900631390,"29, Joshi Street",Mirzapur
262,partial_match,C01097,"Matched using customer_id, but the incoming record has missing values",C01097,Champak Palla,,,86 Anne Chowk,
263,partial_match,C00281,"Matched using customer_id, but the incoming record has missing values",C00281,Prisha Acharya,prisha.acharya281@outlook.com,9024210190,"276, Dubey Circle",
264,no_match_new_entity,,No reliable master record was found,N00129,Laksh Vohra,laksh.vohra3129@hotmail.com,7430580681,61/38 Sami Road,Ajmer
265,partial_match,C00232,"Matched using email or phone, but the incoming record has missing values",,maanav ray,maanav.ray232@hotmail.com,,"H.No. 19, Mohan Zila",Amaravati
266,conflicting_information,C00112,"Matched using customer_id, but one or more values conflict",C00112,Arya Dutta,arya.dutta112@gmail.com,9936372800,H.No. 75 Pingle Road,Warangal
267,no_match_new_entity,,No reliable master record was found,N00191,Michael Nagi,michael.nagi3191@example.in,9160021716,H.No. 782 Nagar,Hubli–Dharwad
268,partial_match,C02823,"Matched using email or phone, but the incoming record has missing values",,ojasvi doctor,ojasvi.doctor2823@example.in,,91 Narasimhan Zila,Muzaffarpur
269,partial_match,C02004,"Matched using customer_id, but the incoming record has missing values",C02004,Radhika Ghosh,radhika.ghosh2004@hotmail.com,6333607157,747 Dhillon Zila,
270,complete_match,C01109,Matched using customer_id and all available values agree,C01109,Agastya Kade,agastya.kade1109@hotmail.com,7171064632,"H.No. 74, Sarraf Road",Morena
271,incomplete_match,,Too little reliable information is available,,Urmi Varughese,,,,
272,conflicting_information,C02024,"Matched using customer_id, but one or more values conflict",C02024,Gavin Parmer,gavin.parmer2024@gmail.com,9788249617,"H.No. 97, Murthy Road",Amaravati
273,complete_match,C01981,Matched using customer_id and all available values agree,C01981,Eesha Bains,eesha.bains1981@yahoo.com,9492125907,80 Narayanan Zila,Panipat
274,no_match_new_entity,,No reliable master record was found,N00200,Barkha Seth,barkha.seth3200@gmail.com,9510668287,"22, Dua Nagar",Ambala
275,partial_match,C02777,"Matched using customer_id, but the incoming record has missing values",C02777,Mohini Mann,,7018826133,749 Bhatti Marg,Silchar
276,partial_match,C01881,"Matched using email or phone, but the incoming record has missing values",,,kiaan.gola1881@outlook.com,7075707007,,Sangli-Miraj & Kupwad
277,partial_match,C01307,"Matched using name with city/address, but the incoming record has missing values",,Teerth Kanda,,,H.No. 988 Chaudhari Path,Begusarai
278,no_match_new_entity,,No reliable master record was found,N00367,Ranbir Natarajan,ranbir.natarajan3367@hotmail.com,7620706023,H.No. 04 Narasimhan,Ghaziabad
279,complete_match,C00760,Matched using customer_id and all available values agree,C00760,Thomas Merchant,thomas.merchant760@example.in,7929215492,"H.No. 863, Ramachandran Zila",Dindigul
280,conflicting_information,C00508,"Matched using customer_id, but one or more values conflict",C00508,Amrita Mane,shaurya.deshpande32727@yahoo.com,7831527733,"42/40, Shanker Zila",Bhilwara
281,complete_match,C00848,Matched using customer_id and all available values agree,C00848,Tanvi Palla,tanvi.palla848@yahoo.com,9137290410,"869, Vora Road",Latur
282,complete_match,C00233,Matched using customer_id and all available values agree,C00233,Siddharth Dyal,siddharth.dyal233@gmail.com,8748020622,"H.No. 31, Dugal Zila",Kakinada
283,complete_match,C02666,Matched using customer_id and all available values agree,C02666,Omkaar Salvi,omkaar.salvi2666@yahoo.com,9960209067,58 Raja Marg,Jalgaon
284,incomplete_match,,Too little reliable information is available,,Laban Sem,,,,
285,no_match_new_entity,,No reliable master record was found,N00061,Teerth Khosla,teerth.khosla3061@example.in,7061693766,"H.No. 02, Borah Path",Surendranagar Dudhrej
286,complete_match,C02868,Matched using customer_id and all available values agree,C02868,Nicholas Jaggi,nicholas.jaggi2868@outlook.com,6112261110,"462, Lad Ganj",Kulti
287,complete_match,C00561,Matched using customer_id and all available values agree,C00561,Banjeet Ganesh,banjeet.ganesh561@outlook.com,6636761331,72/41 Grewal,Jhansi
288,conflicting_information,C02270,"Matched using customer_id, but one or more values conflict",C02270,Inaya Ghosh,inaya.ghosh2270@hotmail.com,9970047816,85/35 Nath Chowk,Mira-Bhayandar
289,complete_match,C02450,Matched using customer_id and all available values agree,C02450,Oni Tak,oni.tak2450@outlook.com,9197148761,H.No. 979 Mammen Ganj,Ludhiana
290,conflicting_information,C00331,"Matched using customer_id, but one or more values conflict",C00331,Yochana Wason,samar.lad89164@yahoo.com,9170863771,801 Devan Road,Panipat
291,partial_match,C00144,"Matched using customer_id, but the incoming record has missing values",C00144,Riya Tandon,riya.tandon144@yahoo.com,,,Srikakulam
292,partial_match,C00148,"Matched using name with city/address, but the incoming record has missing values",,Tanvi Balasubramanian,,,"544, Mander Nagar",Adoni
293,complete_match,C00364,Matched using customer_id and all available values agree,C00364,Zayyan Bandi,zayyan.bandi364@gmail.com,7559318740,860 Kata,Tirunelveli
294,incomplete_match,,Too little reliable information is available,,,,,,
295,partial_match,C00071,"Matched using customer_id, but the incoming record has missing values",C00071,Qarin Dada,qarin.dada71@example.in,,,Gandhinagar
296,complete_match,C01575,Matched using customer_id and all available values agree,C01575,Sachi Wason,sachi.wason1575@outlook.com,8895371227,"H.No. 51, Mitter Path",Tiruchirappalli
297,complete_match,C02824,Matched using customer_id and all available values agree,C02824,Chasmum Kulkarni,chasmum.kulkarni2824@outlook.com,8523667425,67/500 Doshi Ganj,Varanasi
298,no_match_new_entity,,No reliable master record was found,N00389,Vasana Mukherjee,vasana.mukherjee3389@gmail.com,6547220487,"983, Sheth Circle",Jaunpur
299,conflicting_information,C01209,"Matched using customer_id, but one or more values conflict",C01209,Jyoti Gola,ekanta.dugar1209@example.in,6655222768,"72/087, Murthy Nagar",Ghaziabad
300,conflicting_information,C01983,"Matched using customer_id, but one or more values conflict",C01983,Mason Ganesh,anya.bandi1983@hotmail.com,8331496764,"H.No. 645, Saran Zila",Madurai
301,conflicting_information,C02790,"Matched using customer_id, but one or more values conflict",C02790,Aahana Nagar,anthony.narula2790@yahoo.com,8618947021,"16/06, Modi Ganj",Etawah
302,partial_match,C01226,"Matched using customer_id, but the incoming record has missing values",C01226,Jeremiah Narayan,jeremiah.narayan1226@hotmail.com,,60/077 Uppal Nagar,
303,no_match_new_entity,,No reliable master record was found,N00371,Nirja Kothari,nirja.kothari3371@gmail.com,8232066579,77 Dave Zila,Dehri
304,partial_match,C02748,"Matched using customer_id, but the incoming record has missing values",C02748,Madhav Vora,madhav.vora2748@hotmail.com,8690312600,"H.No. 055, Warrior",
305,partial_match,C00791,"Matched using customer_id, but the incoming record has missing values",C00791,Zehaan Ramaswamy,,6541286195,,
306,conflicting_information,C00160,"Matched using customer_id, but one or more values conflict",C00160,Yashoda Sule,ucchal.sawhney98462@yahoo.com,6666730197,H.No. 98 Sethi Circle,Indore
307,conflicting_information,C02335,"Matched using customer_id, but one or more values conflict",C02335,Nidra Dua,nidra.dua2335@gmail.com,7046761123,"94, Prabhu Circle",Tiruppur
308,partial_match,C01532,"Matched using name with city/address, but the incoming record has missing values",,Xalak Sani,,,"H.No. 15, Bhatnagar Street",Katni
309,complete_match,C00373,Matched using customer_id and all available values agree,C00373,Robert Bhargava,robert.bhargava373@yahoo.com,8019691359,"885, Grewal",Amroha
310,complete_match,C02013,Matched using customer_id and all available values agree,C02013,Radhika Rau,radhika.rau2013@hotmail.com,9499670264,"31/821, Koshy Path",Burhanpur
311,no_match_new_entity,,No reliable master record was found,N00255,Ranbir Chada,ranbir.chada3255@yahoo.com,6469642872,H.No. 312 Sengupta Chowk,Bhopal
312,no_match_new_entity,,No reliable master record was found,N00336,Ojas Sahota,ojas.sahota3336@example.in,6655764702,H.No. 549 Sagar Circle,Noida
313,partial_match,C00353,"Matched using customer_id, but the incoming record has missing values",C00353,Aarav Kar,,,,Ramagundam
314,partial_match,C01964,"Matched using customer_id, but the incoming record has missing values",C01964,Yatan Kamdar,,7162974205,"H.No. 96, Bhatia Ganj",Srikakulam
315,complete_match,C00923,Matched using customer_id and all available values agree,C00923,Bachittar Sheth,bachittar.sheth923@example.in,6885303221,"H.No. 83, Mandal Marg",Sri Ganganagar
316,partial_match,C02912,"Matched using customer_id, but the incoming record has missing values",C02912,Umang Gola,,,"29/87, Buch Chowk",
317,no_match_new_entity,,No reliable master record was found,N00212,Krish Dhar,krish.dhar3212@gmail.com,8229534052,47 Narain Nagar,Malegaon
318,conflicting_information,C01726,"Matched using customer_id, but one or more values conflict",C01726,Zilmil Ganguly,maanav.wable30940@outlook.com,9918562024,"H.No. 76, Sodhi Chowk",Vadodara
319,complete_match,C00498,Matched using customer_id and all available values agree,C00498,Tristan Lala,tristan.lala498@yahoo.com,7307523192,"H.No. 76, Sampath Path",Bhagalpur
320,complete_match,C01479,Matched using customer_id and all available values agree,C01479,Balhaar Garde,balhaar.garde1479@yahoo.com,6306894241,82/48 Kashyap Street,Allahabad
321,partial_match,C01234,"Matched using name with city/address, but the incoming record has missing values",,Om Iyer,,,,Firozabad
322,partial_match,C01681,"Matched using customer_id, but the incoming record has missing values",C01681,Atharv Mangal,,7876174924,,Mangalore
323,partial_match,C00658,"Matched using customer_id, but the incoming record has missing values",C00658,Harinakshi Dhar,,7145221639,"82, Parmar Chowk",
324,conflicting_information,C02883,"Matched using customer_id, but one or more values conflict",C02883,Nakul Kapur,nakul.kapur2883@yahoo.com,9775681206,"H.No. 99, Chakraborty Marg",Ongole
325,no_match_new_entity,,No reliable master record was found,N00010,Gaurangi Kadakia,gaurangi.kadakia3010@example.in,9359259596,41/255 Bhagat Path,Nandyal
326,partial_match,C01780,"Matched using customer_id, but the incoming record has missing values",C01780,Agastya Lala,agastya.lala1780@example.in,,,
327,conflicting_information,C02808,"Matched using customer_id, but one or more values conflict",C02808,Joshua Kalla,joshua.kalla2808@yahoo.com,8423672250,"H.No. 04, Gill Road",Mau
328,no_match_new_entity,,No reliable master record was found,N00087,Viraj Narang,viraj.narang3087@gmail.com,9892857770,H.No. 80 Tripathi Street,Ahmedabad
329,no_match_new_entity,,No reliable master record was found,N00347,Xalak Padmanabhan,xalak.padmanabhan3347@outlook.com,6050020189,14 Basu Road,Haridwar
330,conflicting_information,C01243,"Matched using customer_id, but one or more values conflict",C01243,Veda Sandal,pratyush.dua72709@example.in,8190039071,02/46 Mutti Marg,Pondicherry
331,conflicting_information,C01467,"Matched using customer_id, but one or more values conflict",C01467,Ijaya Goel,mitali.pingle95851@example.in,7938379785,H.No. 436 Dubey Nagar,Bhilwara
332,partial_match,C01084,"Matched using customer_id, but the incoming record has missing values",C01084,Kashish Radhakrishnan,,,,Jamnagar
333,complete_match,C00037,Matched using customer_id and all available values agree,C00037,Omya Seth,omya.seth37@example.in,7497330399,67 Murthy Zila,Kota
334,no_match_new_entity,,No reliable master record was found,N00092,Jagrati Rama,jagrati.rama3092@yahoo.com,8050721262,84/07 Kant Circle,Yamunanagar
335,conflicting_information,C00194,"Matched using customer_id, but one or more values conflict",C00194,Simon Minhas,shivansh.sahni194@hotmail.com,9093476835,39/404 Cheema Chowk,Ozhukarai
336,no_match_new_entity,,No reliable master record was found,N00310,Zayyan Raval,zayyan.raval3310@outlook.com,6099026289,332 Mishra Marg,Madhyamgram
337,conflicting_information,C01647,"Matched using customer_id, but one or more values conflict",C01647,Sai Ranganathan,avi.dugar1647@gmail.com,9378330807,H.No. 094 Khatri Chowk,Srinagar
338,complete_match,C01452,Matched using customer_id and all available values agree,C01452,Dhruv Datta,dhruv.datta1452@yahoo.com,9284228953,"800, Dara Circle",Erode
339,partial_match,C02854,"Matched using customer_id, but the incoming record has missing values",C02854,Xavier Mistry,xavier.mistry2854@hotmail.com,,,Meerut
340,incomplete_match,,Too little reliable information is available,,,,,,
341,conflicting_information,C00686,"Matched using customer_id, but one or more values conflict",C00686,Urmi Borde,urmi.borde686@hotmail.com,7527780261,486 Singhal Circle,Akola
342,no_match_new_entity,,No reliable master record was found,N00118,Jalsa Salvi,jalsa.salvi3118@gmail.com,6930454046,"67/63, Dewan Nagar",Sultan Pur Majra
343,partial_match,C01655,"Matched using customer_id, but the incoming record has missing values",C01655,Jeevika Natarajan,,,23/571 Chawla,
344,no_match_new_entity,,No reliable master record was found,N00394,Vinaya Arya,vinaya.arya3394@example.in,7310339606,"78/76, Kannan",Bilaspur
345,complete_match,C00387,Matched using customer_id and all available values agree,C00387,Ijaya Bajwa,ijaya.bajwa387@yahoo.com,7426123243,"92/57, Lad Road",Bhavnagar
346,no_match_new_entity,,No reliable master record was found,N00227,Yamini Palan,yamini.palan3227@hotmail.com,7099642510,"05, Bhagat Path",Giridih
347,incomplete_match,,Too little reliable information is available,,,,,,Madhyamgram
348,conflicting_information,C00375,"Matched using customer_id, but one or more values conflict",C00375,Amaira Bhargava,yagnesh.grewal375@example.in,6299702576,81/16 Pillai,Madhyamgram
349,partial_match,C00509,"Matched using email or phone, but the incoming record has missing values",,hemangini dhaliwal,hemangini.dhaliwal509@gmail.com,,"H.No. 47, Kapur Marg",Unnao
350,complete_match,C00773,Matched using customer_id and all available values agree,C00773,Bina Raval,bina.raval773@gmail.com,9703190453,"16/839, Hayre",Bhatpara
351,incomplete_match,,Too little reliable information is available,,Naksh Gara,,,,
352,conflicting_information,C01792,"Matched using customer_id, but one or more values conflict",C01792,Kamala Apte,kamala.apte1792@example.in,7756115134,81/143 Bala Road,Adoni
353,complete_match,C00929,Matched using customer_id and all available values agree,C00929,Widisha Ramaswamy,widisha.ramaswamy929@yahoo.com,9947430859,838 Chopra Path,Muzaffarnagar
354,incomplete_match,,Too little reliable information is available,,,,,,
355,partial_match,C02804,"Matched using customer_id, but the incoming record has missing values",C02804,Daniel Rastogi,daniel.rastogi2804@yahoo.com,,"H.No. 808, Edwin Chowk",
356,partial_match,C00491,"Matched using customer_id, but the incoming record has missing values",C00491,Om Mahal,om.mahal491@yahoo.com,,,
357,complete_match,C00893,Matched using customer_id and all available values agree,C00893,Harinakshi Oommen,harinakshi.oommen893@outlook.com,7074632857,44/85 Sridhar Circle,Kumbakonam
358,complete_match,C00042,Matched using customer_id and all available values agree,C00042,Matthew Gokhale,matthew.gokhale42@gmail.com,7971067250,"H.No. 184, Borah Marg",Salem
359,partial_match,C01851,"Matched using customer_id, but the incoming record has missing values",C01851,Anusha Padmanabhan,anusha.padmanabhan1851@hotmail.com,8434474510,89/490 Das Nagar,
360,complete_match,C00567,Matched using customer_id and all available values agree,C00567,Nikita Gopal,nikita.gopal567@outlook.com,6316006697,"H.No. 796, Chacko Street",Durgapur
361,incomplete_match,,Too little reliable information is available,,Warinder Nori,,,,
362,conflicting_information,C01018,"Matched using customer_id, but one or more values conflict",C01018,Benjamin Gera,manya.ray1018@hotmail.com,9291806530,32/243 Chad Ganj,Vijayanagaram
363,partial_match,C01163,"Matched using customer_id, but the incoming record has missing values",C01163,Chandresh Rajagopalan,,7562951977,,
364,no_match_new_entity,,No reliable master record was found,N00342,Teerth Agarwal,teerth.agarwal3342@hotmail.com,9858984768,30/378 Narayanan Marg,Junagadh
365,partial_match,C00958,"Matched using name with city/address, but the incoming record has missing values",,Siya Kaur,,,,Vijayanagaram
366,partial_match,C01886,"Matched using customer_id, but the incoming record has missing values",C01886,Oeshi Thakur,,,,Arrah
367,partial_match,C01478,"Matched using customer_id, but the incoming record has missing values",C01478,Kala Hans,kala.hans1478@outlook.com,6410939484,,Rajahmundry
368,partial_match,C02100,"Matched using customer_id, but the incoming record has missing values",C02100,Aarav Arya,aarav.arya2100@outlook.com,,"01, Natt Chowk",
369,no_match_new_entity,,No reliable master record was found,N00151,Hredhaan Sachdeva,hredhaan.sachdeva3151@yahoo.com,9870011877,10/58 Dhar Circle,Tenali
370,complete_match,C01526,Matched using customer_id and all available values agree,C01526,Champak Bir,champak.bir1526@yahoo.com,7412525470,"346, Walia Zila",Anantapuram
371,no_match_new_entity,,No reliable master record was found,N00149,Yashvi Koshy,yashvi.koshy3149@hotmail.com,7930993075,"25/51, Wadhwa Path",Gorakhpur
372,conflicting_information,C02053,"Matched using customer_id, but one or more values conflict",C02053,Tanvi Edwin,tanvi.edwin2053@example.in,9210063438,543 Tripathi Circle,Junagadh
373,partial_match,C01764,"Matched using customer_id, but the incoming record has missing values",C01764,Warda Jaggi,warda.jaggi1764@gmail.com,7459390527,,Rajpur Sonarpur
374,complete_match,C02257,Matched using customer_id and all available values agree,C02257,Isaac Palla,isaac.palla2257@example.in,7042030264,"36/637, Rajan Circle",Purnia
375,no_match_new_entity,,No reliable master record was found,N00145,Nitesh Pandya,nitesh.pandya3145@yahoo.com,6970287388,"47, Sengupta Street",Indore
376,conflicting_information,C01509,"Matched using customer_id, but one or more values conflict",C01509,Aayush Cherian,siddharth.chada59534@hotmail.com,9981807911,862 Joshi Street,Amaravati
377,complete_match,C00661,Matched using customer_id and all available values agree,C00661,Maanav Deol,maanav.deol661@outlook.com,7390612716,"287, Vala Ganj",Panvel
378,conflicting_information,C00512,"Matched using customer_id, but one or more values conflict",C00512,Priya Char,priya.char512@example.in,6680789343,"61/720, Agarwal Chowk",Dharmavaram
379,conflicting_information,C00015,"Matched using customer_id, but one or more values conflict",C00015,Mahika Kamdar,anmol.aurora48100@outlook.com,9824550403,"408, Tella Nagar",Howrah
380,partial_match,C02236,"Matched using customer_id, but the incoming record has missing values",C02236,Yashvi Doctor,yashvi.doctor2236@example.in,9121728158,,
381,incomplete_match,,Too little reliable information is available,,Arya Mohanty,,,,
382,partial_match,C01421,"Matched using customer_id, but the incoming record has missing values",C01421,Patrick Parsa,patrick.parsa1421@gmail.com,8902159460,H.No. 64 Parikh Zila,
383,no_match_new_entity,,No reliable master record was found,N00109,Ladli Sawhney,ladli.sawhney3109@gmail.com,7136419038,"H.No. 517, Chand Path",Kota
384,no_match_new_entity,,No reliable master record was found,N00251,Farhan Saha,farhan.saha3251@hotmail.com,7764632377,01 Bobal Nagar,Kakinada
385,partial_match,C01733,"Matched using customer_id, but the incoming record has missing values",C01733,Libni Batra,libni.batra1733@gmail.com,,,
386,partial_match,C02598,"Matched using customer_id, but the incoming record has missing values",C02598,Girik Lad,,,,Jaipur
387,no_match_new_entity,,No reliable master record was found,N00094,Vivaan Cherian,vivaan.cherian3094@gmail.com,7078939278,"H.No. 898, Bahl Road",Tiruchirappalli
388,incomplete_match,,Too little reliable information is available,,Sachi Thakkar,,,,
389,partial_match,C01576,"Matched using email or phone, but the incoming record has missing values",,DIPTA DE,,8487304431,"380, Narang Chowk",Narasaraopet
390,no_match_new_entity,,No reliable master record was found,N00063,Sara Bail,sara.bail3063@hotmail.com,8443566298,"35/44, Butala Chowk",Solapur
391,no_match_new_entity,,No reliable master record was found,N00113,Ansh Varty,ansh.varty3113@example.in,6888462644,"H.No. 893, Batra Ganj",Patna
392,no_match_new_entity,,No reliable master record was found,N00039,Elijah Warrior,elijah.warrior3039@example.in,7941214101,"20/124, Thaker Zila",Ujjain
393,partial_match,C01104,"Matched using customer_id, but the incoming record has missing values",C01104,Nandini Guha,nandini.guha1104@example.in,,,
394,conflicting_information,C00856,"Matched using customer_id, but one or more values conflict",C00856,Vedhika Subramanian,luke.sane856@gmail.com,8440833518,H.No. 58 Karpe Chowk,Karimnagar
395,partial_match,C00007,"Matched using email or phone, but the incoming record has missing values",,MANAN RAU,,6585056840,"49/614, Kalita Path",Ramagundam
396,partial_match,C00357,"Matched using customer_id, but the incoming record has missing values",C00357,Tarak Subramaniam,,,25/20 Dhillon Chowk,Warangal
397,incomplete_match,,Too little reliable information is available,,Amaira Behl,,,,
398,conflicting_information,C01565,"Matched using customer_id, but one or more values conflict",C01565,Rudra Vaidya,samaksh.mander14347@outlook.com,8409175816,"04/85, Gupta Street",Sikar
399,no_match_new_entity,,No reliable master record was found,N00272,Harshil Sinha,harshil.sinha3272@yahoo.com,8713273526,"64/17, Ahluwalia Street",Silchar
400,conflicting_information,C00561,"Matched using customer_id, but one or more values conflict",C00561,Ekiya Bajwa,banjeet.ganesh561@outlook.com,6636761331,"36/45, Dube Path",Jhansi
401,no_match_new_entity,,No reliable master record was found,N00328,Pooja Agrawal,pooja.agrawal3328@hotmail.com,9163759273,"463, Lanka Ganj",Raebareli
402,partial_match,C01807,"Matched using customer_id, but the incoming record has missing values",C01807,Ishwar Vig,ishwar.vig1807@hotmail.com,7708254516,"H.No. 18, Nagy Road",
403,partial_match,C02397,"Matched using name with city/address, but the incoming record has missing values",,Aarush Raval,,,,Agartala
404,partial_match,C00610,"Matched using customer_id, but the incoming record has missing values",C00610,Rohan Bala,,,H.No. 371 Rau Street,
405,conflicting_information,C02982,"Matched using customer_id, but one or more values conflict",C02982,Chakradev Iyengar,wriddhish.chaudhuri2982@hotmail.com,7342654519,"H.No. 249, Dave Road",Jaipur
406,conflicting_information,C00712,"Matched using customer_id, but one or more values conflict",C00712,Parth Pandit,irya.sem712@outlook.com,8211951954,"39/89, Bhagat Ganj",Gwalior
407,conflicting_information,C00569,"Matched using customer_id, but one or more values conflict",C00569,Forum Virk,peter.chowdhury569@example.in,6999056767,"69/59, Sem Path",Anantapur
408,partial_match,C01116,"Matched using customer_id, but the incoming record has missing values",C01116,Ekanta Bassi,ekanta.bassi1116@hotmail.com,,,Narasaraopet
409,conflicting_information,C00267,"Matched using customer_id, but one or more values conflict",C00267,Krish Mani,krish.mani267@yahoo.com,7920621882,35 Gaba Street,Dhanbad
410,conflicting_information,C01536,"Matched using customer_id, but one or more values conflict",C01536,Aachal Bhandari,aachal.bhandari1536@gmail.com,6237045676,"H.No. 10, Chowdhury Path",Ratlam
411,conflicting_information,C01552,"Matched using customer_id, but one or more values conflict",C01552,Turvi Garg,turvi.garg1552@example.in,6920440116,"99/276, Dasgupta Zila",Ahmedabad
412,no_match_new_entity,,No reliable master record was found,N00072,Ryan Chandra,ryan.chandra3072@outlook.com,8411053335,93 Chakraborty,Raiganj
413,partial_match,C02812,"Matched using customer_id, but the incoming record has missing values",C02812,Gaurika Rajagopalan,,,906 Chana,
414,partial_match,C02026,"Matched using customer_id, but the incoming record has missing values",C02026,Atharv Dugar,,,"092, Kannan Ganj",Amritsar
415,conflicting_information,C01804,"Matched using customer_id, but one or more values conflict",C01804,Anya Agarwal,anjali.mitter16289@outlook.com,8690478893,"38/40, Tandon Street",Tezpur
416,no_match_new_entity,,No reliable master record was found,N00190,Victor Bhatti,victor.bhatti3190@example.in,9858601144,H.No. 00 Dass Nagar,Nizamabad
417,partial_match,C01735,"Matched using customer_id, but the incoming record has missing values",C01735,Charles Butala,,7360464910,,
418,no_match_new_entity,,No reliable master record was found,N00300,Mohammed Kibe,mohammed.kibe3300@gmail.com,6964656157,"H.No. 77, Tella Street",Shimoga
419,partial_match,C02867,"Matched using customer_id, but the incoming record has missing values",C02867,Isaiah Tripathi,isaiah.tripathi2867@outlook.com,6368876759,,
420,no_match_new_entity,,No reliable master record was found,N00162,Balvan Tank,balvan.tank3162@outlook.com,9937881140,"84, Gopal Circle",Guntakal
421,complete_match,C02415,Matched using customer_id and all available values agree,C02415,Max Sangha,max.sangha2415@example.in,7806687293,93/588 Kumer Marg,Gangtok
422,partial_match,C01750,"Matched using customer_id, but the incoming record has missing values",C01750,Vritti Kaul,,8411804181,,Adoni
423,complete_match,C00742,Matched using customer_id and all available values agree,C00742,Barkha Dasgupta,barkha.dasgupta742@example.in,6343509841,"52/26, Bajwa Road",Ambarnath
424,conflicting_information,C02299,"Matched using customer_id, but one or more values conflict",C02299,Yatin Kar,yatin.kar2299@outlook.com,8443368063,H.No. 561 Vyas Ganj,Tiruchirappalli
425,partial_match,C02307,"Matched using name with city/address, but the incoming record has missing values",,Ikshita Narayan,,,"09/30, Gade Street",Bidhannagar
426,partial_match,C01486,"Matched using customer_id, but the incoming record has missing values",C01486,Nidra Pant,,7527515669,,
427,complete_match,C00733,Matched using customer_id and all available values agree,C00733,Vasana Agarwal,vasana.agarwal733@gmail.com,9151023680,H.No. 010 Cheema Path,Moradabad
428,conflicting_information,C01972,"Matched using customer_id, but one or more values conflict",C01972,Chameli Mishra,gaurangi.bath48345@outlook.com,6139733918,"H.No. 23, Murthy Zila",Guntur
429,partial_match,C02775,"Matched using customer_id, but the incoming record has missing values",C02775,Vanya Menon,vanya.menon2775@example.in,,,Dindigul
430,partial_match,C00366,"Matched using email or phone, but the incoming record has missing values",,,advay.iyengar366@hotmail.com,9199175060,,Lucknow
431,conflicting_information,C01373,"Matched using customer_id, but one or more values conflict",C01373,Ishani Aggarwal,ekanta.bhalla83350@outlook.com,6291644791,"05/982, Hans Marg",Ahmedabad
432,partial_match,C02987,"Matched using name with city/address, but the incoming record has missing values",,Ishanvi Venkataraman,,,"98/95, Kothari Nagar",Pimpri-Chinchwad
433,incomplete_match,,Too little reliable information is available,,Kabir Mani,,,,
434,partial_match,C02361,"Matched using customer_id, but the incoming record has missing values",C02361,Widisha Yogi,widisha.yogi2361@hotmail.com,,,Vasai-Virar
435,complete_match,C02634,Matched using customer_id and all available values agree,C02634,Eiravati Prabhakar,eiravati.prabhakar2634@hotmail.com,8196782289,162 Bansal Nagar,Pondicherry
436,complete_match,C00803,Matched using customer_id and all available values agree,C00803,Agastya Nagarajan,agastya.nagarajan803@yahoo.com,9801208120,"874, Kadakia Circle",Kanpur
437,complete_match,C00002,Matched using customer_id and all available values agree,C00002,Yashica Venkataraman,yashica.venkataraman2@gmail.com,7466356815,"42/22, Koshy Road",Guntur
438,partial_match,C01076,"Matched using customer_id, but the incoming record has missing values",C01076,Upadhriti Atwal,,9903709496,88/002 Manda Road,
439,no_match_new_entity,,No reliable master record was found,N00168,Amruta Parmar,amruta.parmar3168@example.in,6424373036,"H.No. 78, Swaminathan Ganj",Uluberia
440,no_match_new_entity,,No reliable master record was found,N00055,Indira Nair,indira.nair3055@outlook.com,8908518029,553 Viswanathan Zila,Rajahmundry
441,no_match_new_entity,,No reliable master record was found,N00278,Devika Narula,devika.narula3278@yahoo.com,6342395311,H.No. 48 Chakraborty,Mangalore
442,complete_match,C00635,Matched using customer_id and all available values agree,C00635,Jyoti Kota,jyoti.kota635@outlook.com,6562161370,60 Dugar Road,Mehsana
443,conflicting_information,C02659,"Matched using customer_id, but one or more values conflict",C02659,Ekanta Aggarwal,zinal.walia2659@gmail.com,7387123157,149 Borde Nagar,Gangtok
444,partial_match,C01957,"Matched using customer_id, but the incoming record has missing values",C01957,Tristan Mall,tristan.mall1957@outlook.com,6269132568,,
445,no_match_new_entity,,No reliable master record was found,N00385,Matthew Raju,matthew.raju3385@yahoo.com,9079706358,"487, Bail Chowk",Bareilly
446,partial_match,C00773,"Matched using customer_id, but the incoming record has missing values",C00773,Bina Raval,bina.raval773@gmail.com,9703190453,,Bhatpara
447,partial_match,C02362,"Matched using customer_id, but the incoming record has missing values",C02362,Finn Gara,,8063742111,,
448,partial_match,C01830,"Matched using customer_id, but the incoming record has missing values",C01830,Nathan Prabhakar,,,,Ghaziabad
449,conflicting_information,C01061,"Matched using customer_id, but one or more values conflict",C01061,Zilmil Rao,vyanjana.madan1061@example.in,8902304301,14/48 Tata Street,Amaravati
450,partial_match,C00123,"Matched using customer_id, but the incoming record has missing values",C00123,Yatin Patla,yatin.patla123@hotmail.com,,,Fatehpur
451,complete_match,C02026,Matched using customer_id and all available values agree,C02026,Atharv Dugar,atharv.dugar2026@outlook.com,9964228472,"092, Kannan Ganj",Amritsar
452,incomplete_match,,Too little reliable information is available,,Aarush Subramaniam,,,,
453,conflicting_information,C01518,"Matched using customer_id, but one or more values conflict",C01518,Brijesh Sachdev,brijesh.sachdev1518@hotmail.com,7859285476,"H.No. 420, Dhaliwal Zila",Pimpri-Chinchwad
454,no_match_new_entity,,No reliable master record was found,N00216,Upadhriti Vaidya,upadhriti.vaidya3216@gmail.com,6481013591,"H.No. 59, Srivastava Marg",Howrah
455,partial_match,C02876,"Matched using customer_id, but the incoming record has missing values",C02876,Gautami Krishna,,8204632563,27/25 Balasubramanian Path,
456,partial_match,C02341,"Matched using customer_id, but the incoming record has missing values",C02341,Ganga Sura,ganga.sura2341@yahoo.com,,"79/868, Subramanian Street",Panvel
457,complete_match,C01431,Matched using customer_id and all available values agree,C01431,Lavanya Virk,lavanya.virk1431@hotmail.com,6273260970,H.No. 59 Solanki Marg,Navi Mumbai
458,incomplete_match,,Too little reliable information is available,,,,,,Avadi
459,partial_match,C02628,"Matched using name with city/address, but the incoming record has missing values",,Ekantika Bali,,,39 Choudhary Chowk,Gudivada
460,partial_match,C01168,"Matched using customer_id, but the incoming record has missing values",C01168,Osha Korpal,,9871586786,"63/535, Bora Road",
461,complete_match,C00106,Matched using customer_id and all available values agree,C00106,Dakshesh Prabhakar,dakshesh.prabhakar106@yahoo.com,9339681525,"H.No. 52, Kapur Zila",Ramagundam
462,partial_match,C02061,"Matched using customer_id, but the incoming record has missing values",C02061,Rachana Panchal,,,42/770 Gupta Ganj,
463,partial_match,C00755,"Matched using email or phone, but the incoming record has missing values",,faraj dyal,faraj.dyal755@outlook.com,,"30/852, Basu Circle",Nanded
464,conflicting_information,C00813,"Matched using customer_id, but one or more values conflict",C00813,Oviya Saini,gautam.goyal94940@gmail.com,7015926230,"642, Bhatti",Bharatpur
465,no_match_new_entity,,No reliable master record was found,N00131,Amara Grover,amara.grover3131@gmail.com,6298507889,30/64 Korpal Nagar,Ghaziabad
466,conflicting_information,C00312,"Matched using customer_id, but one or more values conflict",C00312,Anthony Mahal,anthony.mahal312@gmail.com,8245825500,"52/427, Hayre Street",Karaikudi
467,complete_match,C01887,Matched using customer_id and all available values agree,C01887,Arjun Munshi,arjun.munshi1887@gmail.com,6341222881,"47, Shah Ganj",Kollam
468,complete_match,C01317,Matched using customer_id and all available values agree,C01317,Daksha Grover,daksha.grover1317@example.in,6836008902,"H.No. 271, Mand Chowk",Gulbarga
469,partial_match,C00400,"Matched using customer_id, but the incoming record has missing values",C00400,Madhavi Agate,madhavi.agate400@hotmail.com,,,Nangloi Jat
470,incomplete_match,,Too little reliable information is available,,Yasti Dhaliwal,,,,
471,partial_match,C02193,"Matched using name with city/address, but the incoming record has missing values",,Turvi Rau,,,,Dharmavaram
472,complete_match,C02204,Matched using customer_id and all available values agree,C02204,Charvi Rai,charvi.rai2204@gmail.com,8649808344,"09/869, Banik Circle",Guntur
473,complete_match,C00335,Matched using customer_id and all available values agree,C00335,Idika Pillay,idika.pillay335@yahoo.com,6142909552,"H.No. 058, Sood Nagar",Guna
474,partial_match,C01065,"Matched using name with city/address, but the incoming record has missing values",,Bhavini Kaul,,,,Nagaon
475,no_match_new_entity,,No reliable master record was found,N00380,Charan Karnik,charan.karnik3380@yahoo.com,9279475979,"61/28, Kaul Ganj",Ambattur
476,complete_match,C02087,Matched using customer_id and all available values agree,C02087,Kabir Tank,kabir.tank2087@outlook.com,8639938391,"H.No. 53, Sama Circle",Bongaigaon
477,incomplete_match,,Too little reliable information is available,,,,,,Kottayam
478,partial_match,C02465,"Matched using email or phone, but the incoming record has missing values",,GAGAN SURA,,8789852232,"473, Rai Street",Muzaffarnagar
479,partial_match,C01507,"Matched using customer_id, but the incoming record has missing values",C01507,Prisha Menon,prisha.menon1507@example.in,,"67, Natt Nagar",
480,partial_match,C01970,"Matched using email or phone, but the incoming record has missing values",,chandresh saha,chandresh.saha1970@gmail.com,,H.No. 788 Babu Circle,Mau
481,incomplete_match,,Too little reliable information is available,,Warhi Sen,,,,
482,complete_match,C02835,Matched using customer_id and all available values agree,C02835,George Mittal,george.mittal2835@hotmail.com,9293024076,858 Char Nagar,Proddatur
483,no_match_new_entity,,No reliable master record was found,N00308,Tripti Ramaswamy,tripti.ramaswamy3308@outlook.com,7766798336,97/026 Chandra Marg,Mahbubnagar
484,no_match_new_entity,,No reliable master record was found,N00219,Qushi Lanka,qushi.lanka3219@example.in,8182105895,"054, Mall",Naihati
485,partial_match,C00521,"Matched using customer_id, but the incoming record has missing values",C00521,Ansh Prabhakar,ansh.prabhakar521@yahoo.com,6259193163,"92, Kumer Chowk",
486,partial_match,C02994,"Matched using customer_id, but the incoming record has missing values",C02994,Arya Pandya,,8402766032,,
487,partial_match,C00152,"Matched using name with city/address, but the incoming record has missing values",,Azaan More,,,"H.No. 42, Aggarwal Circle",Loni
488,no_match_new_entity,,No reliable master record was found,N00350,Kala Sandal,kala.sandal3350@outlook.com,7938470569,"67/73, Dugar Zila",Kumbakonam
489,no_match_new_entity,,No reliable master record was found,N00359,Vyanjana Sekhon,vyanjana.sekhon3359@gmail.com,8032128454,"460, Nadkarni Circle",Tirupati
490,partial_match,C01800,"Matched using customer_id, but the incoming record has missing values",C01800,Eta Kaul,eta.kaul1800@hotmail.com,,,
491,complete_match,C00824,Matched using customer_id and all available values agree,C00824,Aarna Oak,aarna.oak824@gmail.com,9636976349,89/824 Parekh Zila,Yamunanagar
492,no_match_new_entity,,No reliable master record was found,N00324,Dhriti De,dhriti.de3324@gmail.com,9291428451,"754, Joshi Road",Medininagar
493,partial_match,C01885,"Matched using name with city/address, but the incoming record has missing values",,Thomas Gokhale,,,"H.No. 265, Solanki Marg",Howrah
494,conflicting_information,C02989,"Matched using customer_id, but one or more values conflict",C02989,Lila Om,lila.om2989@yahoo.com,6092178934,"64/403, Saha Road",Sambalpur
495,complete_match,C02315,Matched using customer_id and all available values agree,C02315,Jai Sarraf,jai.sarraf2315@hotmail.com,7918999852,354 Sehgal Ganj,Karaikudi
496,partial_match,C00191,"Matched using customer_id, but the incoming record has missing values",C00191,Bahadurjit Khurana,bahadurjit.khurana191@yahoo.com,,"14/878, Barman Circle",
497,partial_match,C02039,"Matched using name with city/address, but the incoming record has missing values",,Tanmayi Nadkarni,,,,Saharanpur
498,partial_match,C02494,"Matched using customer_id, but the incoming record has missing values",C02494,Jagdish Sahota,jagdish.sahota2494@yahoo.com,,48/759 Devan Path,Narasaraopet
499,complete_match,C01768,Matched using customer_id and all available values agree,C01768,Dalaja Sawhney,dalaja.sawhney1768@yahoo.com,9892968538,"30/861, Apte Path",Sirsa
500,conflicting_information,C00220,"Matched using customer_id, but one or more values conflict",C00220,Nathaniel Din,nathaniel.din220@example.in,6111117119,80/05 Kant,Tezpur
501,incomplete_match,,Too little reliable information is available,,,,,,
502,conflicting_information,C02218,"Matched using customer_id, but one or more values conflict",C02218,Faqid Baria,faqid.baria2218@example.in,6472041531,"82/65, Bhatnagar Path",Maheshtala
503,no_match_new_entity,,No reliable master record was found,N00185,Abhimanyu Kapur,abhimanyu.kapur3185@outlook.com,7292413077,955 Vig Street,Ramgarh
504,complete_match,C02517,Matched using customer_id and all available values agree,C02517,Zilmil Raja,zilmil.raja2517@outlook.com,8500347975,H.No. 67 Sabharwal Marg,Kumbakonam
505,complete_match,C02448,Matched using customer_id and all available values agree,C02448,Ati Taneja,ati.taneja2448@hotmail.com,6317077017,"31/00, Raman Zila",Karimnagar
506,no_match_new_entity,,No reliable master record was found,N00344,Arjun Sahota,arjun.sahota3344@example.in,9909586113,H.No. 49 Wali,Guwahati
507,partial_match,C02888,"Matched using email or phone, but the incoming record has missing values",,tejas patla,tejas.patla2888@hotmail.com,,446 Pall Ganj,Bardhaman
508,partial_match,C00604,"Matched using customer_id, but the incoming record has missing values",C00604,Arjun Rajan,arjun.rajan604@outlook.com,,,
509,partial_match,C00754,"Matched using customer_id, but the incoming record has missing values",C00754,Nidra Bera,,9102196659,"H.No. 68, Kade Path",Dehradun
510,partial_match,C02332,"Matched using name with city/address, but the incoming record has missing values",,Ganga Bhatti,,,,Mira-Bhayandar
511,no_match_new_entity,,No reliable master record was found,N00040,Chanakya Sen,chanakya.sen3040@outlook.com,8819218662,H.No. 92 Sastry Path,Bharatpur
512,partial_match,C00730,"Matched using customer_id, but the incoming record has missing values",C00730,Gagan Memon,,8172133022,,
513,partial_match,C01042,"Matched using email or phone, but the incoming record has missing values",,,ojasvi.kala1042@example.in,7984495055,,Nagpur
514,complete_match,C00725,Matched using customer_id and all available values agree,C00725,Dayamai Mani,dayamai.mani725@yahoo.com,7556421194,"209, Goda Nagar",Akola
515,partial_match,C01157,"Matched using customer_id, but the incoming record has missing values",C01157,Noah Andra,,,288 Chaudhuri Street,
516,incomplete_match,,Too little reliable information is available,,Chandran Venkataraman,,,,
517,conflicting_information,C00438,"Matched using customer_id, but one or more values conflict",C00438,Megha Sekhon,utkarsh.date36055@outlook.com,8650839223,"65, Bhakta Nagar",Sasaram
518,incomplete_match,,Too little reliable information is available,,Ryan Chaudhry,,,,
519,no_match_new_entity,,No reliable master record was found,N00351,Sai Kuruvilla,sai.kuruvilla3351@yahoo.com,7851673070,92/400 Lalla Zila,Pudukkottai
520,no_match_new_entity,,No reliable master record was found,N00184,Yoshita Sathe,yoshita.sathe3184@hotmail.com,7076633421,H.No. 843 Bobal Circle,Tadepalligudem
521,incomplete_match,,Too little reliable information is available,,,,,,
522,no_match_new_entity,,No reliable master record was found,N00245,Avi Badal,avi.badal3245@hotmail.com,7816613201,"15/52, Prabhakar Chowk",Rajpur Sonarpur
523,conflicting_information,C00738,"Matched using customer_id, but one or more values conflict",C00738,Barkha Hans,barkha.hans738@gmail.com,9555434403,"99/77, Kota Circle",Ludhiana
524,partial_match,C02708,"Matched using customer_id, but the incoming record has missing values",C02708,Aarna Iyengar,,,43/907 Morar Marg,Bhavnagar
525,complete_match,C01752,Matched using customer_id and all available values agree,C01752,Wyatt Khare,wyatt.khare1752@outlook.com,9758300839,56/37 Khatri Chowk,Bidar
526,incomplete_match,,Too little reliable information is available,,,,,,Yamunanagar
527,partial_match,C01581,"Matched using email or phone, but the incoming record has missing values",,TRISTAN SANKAR,,9677643804,918 Yohannan Ganj,Ramgarh
528,complete_match,C00717,Matched using customer_id and all available values agree,C00717,Jagvi Swamy,jagvi.swamy717@gmail.com,7619343181,56 Choudhary Path,Sultan Pur Majra
529,no_match_new_entity,,No reliable master record was found,N00364,Vincent Behl,vincent.behl3364@outlook.com,8717246501,"H.No. 79, Raj",Rohtak
530,partial_match,C00540,"Matched using customer_id, but the incoming record has missing values",C00540,Falguni Balakrishnan,,7384686415,21 Bajaj Street,Machilipatnam
531,no_match_new_entity,,No reliable master record was found,N00057,Fiyaz Soman,fiyaz.soman3057@example.in,9809347774,679 Bahl,Muzaffarpur
532,conflicting_information,C02487,"Matched using customer_id, but one or more values conflict",C02487,Balveer Sharma,bakhshi.hegde2487@outlook.com,8202217260,346 Dyal,Shivpuri
533,partial_match,C00159,"Matched using customer_id, but the incoming record has missing values",C00159,Anthony Jayaraman,anthony.jayaraman159@yahoo.com,,"H.No. 212, Edwin Street",Udupi
534,partial_match,C02696,"Matched using customer_id, but the incoming record has missing values",C02696,Xiti Manne,xiti.manne2696@gmail.com,8653183881,,
535,partial_match,C02748,"Matched using name with city/address, but the incoming record has missing values",,Madhav Vora,,,,Erode
536,conflicting_information,C01937,"Matched using customer_id, but one or more values conflict",C01937,Tanmayi Gokhale,adweta.sharma45819@example.in,9322860189,058 Vyas Ganj,Kishanganj
537,complete_match,C00089,Matched using customer_id and all available values agree,C00089,Amara Randhawa,amara.randhawa89@hotmail.com,6500721461,57/936 Char,Nagaon
538,partial_match,C00724,"Matched using customer_id, but the incoming record has missing values",C00724,Riya Pathak,,7171996625,,Tadepalligudem
539,partial_match,C00148,"Matched using customer_id, but the incoming record has missing values",C00148,Tanvi Balasubramanian,,7179075614,"544, Mander Nagar",
540,no_match_new_entity,,No reliable master record was found,N00038,Jagrati Rana,jagrati.rana3038@hotmail.com,8236408830,"01, Shroff Road",Secunderabad
541,no_match_new_entity,,No reliable master record was found,N00254,Dhruv Parmer,dhruv.parmer3254@gmail.com,8500154053,12/08 Deshpande Circle,Sirsa
542,incomplete_match,,Too little reliable information is available,,Eshana Kakar,,,,
543,complete_match,C01177,Matched using customer_id and all available values agree,C01177,Tarak Bumb,tarak.bumb1177@gmail.com,9126362587,12/528 Dugar Circle,Nandyal
544,partial_match,C02224,"Matched using customer_id, but the incoming record has missing values",C02224,Lohit Mani,,7573957270,76/21 Memon Ganj,Pune
545,conflicting_information,C02521,"Matched using customer_id, but one or more values conflict",C02521,Watika Thakur,arya.dara78204@example.in,6704956564,88/99 Biswas Ganj,Bhusawal
546,partial_match,C00974,"Matched using customer_id, but the incoming record has missing values",C00974,Shravya Raja,,6905717634,"H.No. 41, Sawhney Road",Kota
547,no_match_new_entity,,No reliable master record was found,N00074,Balvan Nadkarni,balvan.nadkarni3074@outlook.com,7247483430,H.No. 375 Prasad Circle,Anantapuram
548,conflicting_information,C01901,"Matched using customer_id, but one or more values conflict",C01901,Bina Sagar,chakradev.dubey33353@example.in,6356685568,H.No. 883 Sem Nagar,Hosur
549,partial_match,C00742,"Matched using name with city/address, but the incoming record has missing values",,Barkha Dasgupta,,,"52/26, Bajwa Road",Ambarnath
550,no_match_new_entity,,No reliable master record was found,N00046,Anjali Sarin,anjali.sarin3046@yahoo.com,9810723747,H.No. 820 Choudhary Nagar,Bhalswa Jahangir Pur
551,partial_match,C01026,"Matched using customer_id, but the incoming record has missing values",C01026,Maya Grewal,maya.grewal1026@example.in,,,
552,no_match_new_entity,,No reliable master record was found,N00282,Idika Sanghvi,idika.sanghvi3282@outlook.com,7156824674,"414, Barman Street",Guntakal
553,partial_match,C01637,"Matched using customer_id, but the incoming record has missing values",C01637,Pranit Padmanabhan,pranit.padmanabhan1637@gmail.com,,,
554,partial_match,C01215,"Matched using customer_id, but the incoming record has missing values",C01215,Bahadurjit Ram,bahadurjit.ram1215@gmail.com,,43 Sharma,Amaravati
555,partial_match,C02028,"Matched using customer_id, but the incoming record has missing values",C02028,Ekantika Sanghvi,,7886068670,H.No. 010 Sodhi Nagar,Alwar
556,partial_match,C00052,"Matched using name with city/address, but the incoming record has missing values",,Ranbir Chanda,,,H.No. 90 Borah Chowk,Kota
557,partial_match,C02500,"Matched using customer_id, but the incoming record has missing values",C02500,Chatura Nazareth,chatura.nazareth2500@example.in,8382037063,,Kirari Suleman Nagar
558,partial_match,C01776,"Matched using customer_id, but the incoming record has missing values",C01776,Sanya Krishnan,,,"08/26, Majumdar Path",
559,partial_match,C00167,"Matched using customer_id, but the incoming record has missing values",C00167,Adweta Soni,adweta.soni167@gmail.com,,"H.No. 31, Verma Zila",Amritsar
560,incomplete_match,,Too little reliable information is available,,,,,,
561,partial_match,C00309,"Matched using email or phone, but the incoming record has missing values",,,inaya.mohan309@outlook.com,9728654525,,Vasai-Virar
562,partial_match,C00059,"Matched using customer_id, but the incoming record has missing values",C00059,Mahika Chander,mahika.chander59@example.in,6307438633,"96, Babu",
563,no_match_new_entity,,No reliable master record was found,N00090,Kamya Dayal,kamya.dayal3090@yahoo.com,9095765073,"12/404, Ratta Chowk",Vellore
564,complete_match,C01279,Matched using customer_id and all available values agree,C01279,Lakshit Char,lakshit.char1279@outlook.com,8584722322,"822, Kari Circle",Jamshedpur
565,no_match_new_entity,,No reliable master record was found,N00244,Banjeet Rana,banjeet.rana3244@example.in,9588358903,"99/943, Sharma Marg",Hyderabad
566,complete_match,C01901,Matched using customer_id and all available values agree,C01901,Sanya Warrior,sanya.warrior1901@outlook.com,6356685568,H.No. 883 Sem Nagar,Hosur
567,no_match_new_entity,,No reliable master record was found,N00224,Ladli Kohli,ladli.kohli3224@yahoo.com,6702515310,"556, Devan Nagar",Tinsukia
568,conflicting_information,C02598,"Matched using customer_id, but one or more values conflict",C02598,Girik Lad,girik.lad2598@hotmail.com,6380753865,"805, Radhakrishnan Zila",Jaipur
569,complete_match,C00028,Matched using customer_id and all available values agree,C00028,Pranit Mangat,pranit.mangat28@yahoo.com,7407336375,"80, Rastogi Street",Naihati
570,partial_match,C00417,"Matched using customer_id, but the incoming record has missing values",C00417,Vedhika Mand,,9940207252,"H.No. 236, Babu Path",
571,conflicting_information,C00059,"Matched using customer_id, but one or more values conflict",C00059,Mahika Chander,mahika.chander59@example.in,9136168283,"96, Babu",Singrauli
572,partial_match,C02597,"Matched using customer_id, but the incoming record has missing values",C02597,Rajata Bala,rajata.bala2597@gmail.com,6585734490,,Ambarnath
573,partial_match,C01780,"Matched using email or phone, but the incoming record has missing values",,AGASTYA LALA,,6137852363,90 Gour Chowk,Ulhasnagar
574,conflicting_information,C02277,"Matched using customer_id, but one or more values conflict",C02277,Reyansh Pandya,reyansh.pandya2277@gmail.com,8448197821,"H.No. 86, Varughese Path",Sambalpur
575,no_match_new_entity,,No reliable master record was found,N00067,Chakradhar Randhawa,chakradhar.randhawa3067@example.in,8590786088,H.No. 778 Nair Street,Mirzapur
576,partial_match,C01178,"Matched using customer_id, but the incoming record has missing values",C01178,Upkaar Chakrabarti,,,,Shahjahanpur
577,no_match_new_entity,,No reliable master record was found,N00313,Chaaya Ghosh,chaaya.ghosh3313@example.in,9254645313,28/33 Menon Road,Jodhpur
578,partial_match,C00253,"Matched using customer_id, but the incoming record has missing values",C00253,Lajita Gupta,,,,Kadapa
579,complete_match,C00166,Matched using customer_id and all available values agree,C00166,Zehaan Thaker,zehaan.thaker166@yahoo.com,8025435837,"628, Sarma Path",Hindupur
580,incomplete_match,,Too little reliable information is available,,Hamsini Brahmbhatt,,,,
581,complete_match,C01764,Matched using customer_id and all available values agree,C01764,Warda Jaggi,warda.jaggi1764@gmail.com,7459390527,"060, Dubey Path",Rajpur Sonarpur
582,conflicting_information,C02572,"Matched using customer_id, but one or more values conflict",C02572,Libni Wali,libni.wali2572@outlook.com,9926279557,982 Balakrishnan Path,Tiruvottiyur
583,complete_match,C02944,Matched using customer_id and all available values agree,C02944,Nidhi Jhaveri,nidhi.jhaveri2944@hotmail.com,8888789978,"04/00, Loyal Street",Burhanpur
584,conflicting_information,C00308,"Matched using customer_id, but one or more values conflict",C00308,Qabil Samra,qabil.samra308@yahoo.com,7765118580,60 Rama Street,Chandigarh
585,partial_match,C01396,"Matched using customer_id, but the incoming record has missing values",C01396,Hemani Thakur,,,"580, Sant Zila",
586,conflicting_information,C01532,"Matched using customer_id, but one or more values conflict",C01532,Chandresh Desai,sanya.mani17724@gmail.com,6795813103,"H.No. 15, Bhatnagar Street",Katni
587,no_match_new_entity,,No reliable master record was found,N00293,Damyanti Vig,damyanti.vig3293@outlook.com,8115817231,61 Hora Road,Kottayam
588,conflicting_information,C00313,"Matched using customer_id, but one or more values conflict",C00313,Ubika Narula,aarnav.chopra98812@outlook.com,8189846702,71/832 Goswami Road,Unnao
589,complete_match,C01067,Matched using customer_id and all available values agree,C01067,Om Kunda,om.kunda1067@hotmail.com,6802027462,16/815 Thakkar,Udaipur
590,incomplete_match,,Too little reliable information is available,,,,,,
591,partial_match,C00580,"Matched using customer_id, but the incoming record has missing values",C00580,Christopher Varkey,,,"92/741, Choudhry Path",Nellore
592,partial_match,C02545,"Matched using customer_id, but the incoming record has missing values",C02545,Amara Balay,,,,Hajipur
593,conflicting_information,C02480,"Matched using customer_id, but one or more values conflict",C02480,Warda Kanda,warda.kanda2480@yahoo.com,7519995273,"68/185, Ramesh Nagar",Nagpur
594,conflicting_information,C00073,"Matched using customer_id, but one or more values conflict",C00073,Caleb Chaudhary,jagat.badal73@gmail.com,7310795767,"H.No. 18, Desai Marg",Saharsa
595,conflicting_information,C00794,"Matched using customer_id, but one or more values conflict",C00794,Girindra Gupta,girindra.gupta794@hotmail.com,6012874012,"52/92, Garde Path",Suryapet
596,complete_match,C01730,Matched using customer_id and all available values agree,C01730,Januja Ramanathan,januja.ramanathan1730@yahoo.com,6244749560,H.No. 774 Bandi Circle,Sambhal
597,partial_match,C01642,"Matched using name with city/address, but the incoming record has missing values",,Wakeeta Aurora,,,"19, Kanda Chowk",Ozhukarai
598,partial_match,C02666,"Matched using customer_id, but the incoming record has missing values",C02666,Omkaar Salvi,,9960209067,,
599,partial_match,C02925,"Matched using customer_id, but the incoming record has missing values",C02925,Robert Soni,robert.soni2925@outlook.com,,"006, Narula",
600,partial_match,C02784,"Matched using customer_id, but the incoming record has missing values",C02784,Zaid Parekh,,6745776166,"71/59, Agarwal Chowk",
601,complete_match,C00063,Matched using customer_id and all available values agree,C00063,Amaira Sangha,amaira.sangha63@outlook.com,6120541861,"201, Khalsa Street",Raichur
602,partial_match,C02415,"Matched using customer_id, but the incoming record has missing values",C02415,Max Sangha,max.sangha2415@example.in,,,Gangtok
603,partial_match,C02866,"Matched using customer_id, but the incoming record has missing values",C02866,Eshana Parsa,eshana.parsa2866@yahoo.com,,93/11 Krishnan Ganj,Loni
604,partial_match,C00972,"Matched using customer_id, but the incoming record has missing values",C00972,Utkarsh Keer,,,"H.No. 38, Bhardwaj Street",
605,complete_match,C02833,Matched using customer_id and all available values agree,C02833,Jai Mall,jai.mall2833@yahoo.com,7852507409,"H.No. 755, Varty Path",Asansol
606,partial_match,C02808,"Matched using email or phone, but the incoming record has missing values",,JOSHUA KALLA,,9154427710,"H.No. 689, Prabhu Marg",Mau
607,complete_match,C01261,Matched using customer_id and all available values agree,C01261,Yashoda Shenoy,yashoda.shenoy1261@example.in,7629587636,703 Basu,Jabalpur
608,no_match_new_entity,,No reliable master record was found,N00023,Naksh Bhalla,naksh.bhalla3023@yahoo.com,6466150975,H.No. 16 Parikh Chowk,Dehri
609,conflicting_information,C00564,"Matched using customer_id, but one or more values conflict",C00564,Chatura Kade,chatura.kade564@yahoo.com,8084787465,84/50 Chakrabarti Nagar,Kulti
610,complete_match,C00232,Matched using customer_id and all available values agree,C00232,Maanav Ray,maanav.ray232@hotmail.com,6490611492,"H.No. 19, Mohan Zila",Amaravati
611,incomplete_match,,Too little reliable information is available,,,,,,Kirari Suleman Nagar
612,partial_match,C00801,"Matched using customer_id, but the incoming record has missing values",C00801,Rehaan Sachar,rehaan.sachar801@gmail.com,9732541855,,
613,no_match_new_entity,,No reliable master record was found,N00051,Ranbir Mutti,ranbir.mutti3051@hotmail.com,6777601987,H.No. 66 Hari Path,Narasaraopet
614,incomplete_match,,Too little reliable information is available,,Siya Chacko,,,,
615,partial_match,C00013,"Matched using name with city/address, but the incoming record has missing values",,Bishakha Shetty,,,,Khammam
616,complete_match,C01649,Matched using customer_id and all available values agree,C01649,Inaya Pandey,inaya.pandey1649@gmail.com,6523708605,"H.No. 98, Savant Nagar",Bhiwandi
617,complete_match,C00885,Matched using customer_id and all available values agree,C00885,Wahab Palla,wahab.palla885@yahoo.com,8337608141,"H.No. 91, Tandon Nagar",Surendranagar Dudhrej
618,complete_match,C00008,Matched using customer_id and all available values agree,C00008,Yug Madan,yug.madan8@yahoo.com,9862667226,"03, Handa Street",Vadodara
619,partial_match,C00480,"Matched using email or phone, but the incoming record has missing values",,JASMIT WARRIOR,,8108590641,"988, Halder Zila",Kirari Suleman Nagar
620,complete_match,C02988,Matched using customer_id and all available values agree,C02988,Qarin Loke,qarin.loke2988@hotmail.com,9835939924,"H.No. 940, Yadav Marg",Jamnagar
621,conflicting_information,C01628,"Matched using customer_id, but one or more values conflict",C01628,Mahika Banik,praneel.naik98032@gmail.com,9318909756,"H.No. 69, Nair Zila",Tiruchirappalli
622,conflicting_information,C02087,"Matched using customer_id, but one or more values conflict",C02087,Kabir Tank,kabir.tank2087@outlook.com,8639938391,"H.No. 938, Ganguly",Kolkata
623,no_match_new_entity,,No reliable master record was found,N00030,Manbir Chawla,manbir.chawla3030@example.in,8975752074,53/367 Hayer,Jamnagar
624,conflicting_information,C02147,"Matched using customer_id, but one or more values conflict",C02147,Mason Dugar,mason.dugar2147@hotmail.com,6024345858,H.No. 99 Bala Ganj,Karimnagar
625,conflicting_information,C01221,"Matched using customer_id, but one or more values conflict",C01221,Bhavya Toor,vasana.subramanian1221@example.in,6413606330,886 Chana Street,Siliguri
626,incomplete_match,,Too little reliable information is available,,,,,,Chandrapur
627,no_match_new_entity,,No reliable master record was found,N00137,Jatin Acharya,jatin.acharya3137@example.in,7831002387,"H.No. 833, Krishna Marg",Khora
628,complete_match,C01772,Matched using customer_id and all available values agree,C01772,Triveni Jaggi,triveni.jaggi1772@yahoo.com,9631848875,H.No. 333 Mani Ganj,Noida
629,partial_match,C00966,"Matched using customer_id, but the incoming record has missing values",C00966,Laksh Puri,,8483407546,,
630,conflicting_information,C00298,"Matched using customer_id, but one or more values conflict",C00298,Anya Shah,dhriti.ahuja298@yahoo.com,7763742605,49 Bedi,Aurangabad
631,partial_match,C01020,"Matched using customer_id, but the incoming record has missing values",C01020,Jeevika Dua,,,,Imphal
632,no_match_new_entity,,No reliable master record was found,N00086,Vansha Kurian,vansha.kurian3086@example.in,8003895765,92/01 Menon,Ludhiana
633,conflicting_information,C00338,"Matched using customer_id, but one or more values conflict",C00338,Jalsa Vasa,jalsa.vasa338@outlook.com,6378449265,H.No. 03 Ram Nagar,Muzaffarpur
634,conflicting_information,C00915,"Matched using customer_id, but one or more values conflict",C00915,Yatan Kaur,pallavi.mahajan78906@example.in,6130484084,62 Raja Circle,Varanasi
635,conflicting_information,C00484,"Matched using customer_id, but one or more values conflict",C00484,Aryan Hegde,aryan.hegde484@example.in,8646047868,H.No. 845 Mohan Road,Patiala
636,complete_match,C02446,Matched using customer_id and all available values agree,C02446,William Lad,william.lad2446@gmail.com,9318941478,"230, Soman Marg",Nandyal
637,conflicting_information,C02171,"Matched using customer_id, but one or more values conflict",C02171,Tanish Sachdeva,tanish.sachdeva2171@gmail.com,7105543309,H.No. 743 Varghese,Nagaon
638,incomplete_match,,Too little reliable information is available,,Dakshesh Prabhakar,,,,
639,complete_match,C01407,Matched using customer_id and all available values agree,C01407,Omkaar Narasimhan,omkaar.narasimhan1407@example.in,6419818789,"226, Dutt Road",Kottayam
640,complete_match,C00683,Matched using customer_id and all available values agree,C00683,Udyati Luthra,udyati.luthra683@hotmail.com,9732282637,21/197 Oza Zila,Ongole
641,partial_match,C02511,"Matched using email or phone, but the incoming record has missing values",,MEGHANA YADAV,,9399426377,"04/550, Parikh Road",Danapur
642,partial_match,C02392,"Matched using customer_id, but the incoming record has missing values",C02392,Naveen Agarwal,naveen.agarwal2392@hotmail.com,9299722495,"45/88, Parsa Road",
643,no_match_new_entity,,No reliable master record was found,N00289,Forum Rastogi,forum.rastogi3289@hotmail.com,7224127646,"61/146, Bains Chowk",Jalna
644,complete_match,C01001,Matched using customer_id and all available values agree,C01001,Charan Nagi,charan.nagi1001@outlook.com,7614224845,57/646 Mane Zila,Shahjahanpur
645,incomplete_match,,Too little reliable information is available,,,,,,
646,complete_match,C00739,Matched using customer_id and all available values agree,C00739,Devika Saxena,devika.saxena739@gmail.com,7613444454,342 Hans Circle,Raurkela Industrial Township
647,partial_match,C02519,"Matched using email or phone, but the incoming record has missing values",,yashawini shere,yashawini.shere2519@outlook.com,,H.No. 17 Lad Ganj,Latur
648,no_match_new_entity,,No reliable master record was found,N00187,Laban Malhotra,laban.malhotra3187@gmail.com,8932872281,52/45 Dani Nagar,Varanasi
649,partial_match,C01129,"Matched using email or phone, but the incoming record has missing values",,jeremiah mukhopadhyay,jeremiah.mukhopadhyay1129@example.in,,"18/068, Talwar Street",Bhiwani
650,complete_match,C00167,Matched using customer_id and all available values agree,C00167,Adweta Soni,adweta.soni167@gmail.com,6248184978,"H.No. 31, Verma Zila",Amritsar
651,partial_match,C01935,"Matched using name with city/address, but the incoming record has missing values",,Kala Samra,,,,Guntakal
652,complete_match,C02335,Matched using customer_id and all available values agree,C02335,Nidra Dua,nidra.dua2335@gmail.com,8090708417,"94, Prabhu Circle",Tiruppur
653,conflicting_information,C02702,"Matched using customer_id, but one or more values conflict",C02702,Henry Pandey,eesha.khanna2702@example.in,9881982554,"09, Karnik Marg",Mango
654,conflicting_information,C02444,"Matched using customer_id, but one or more values conflict",C02444,Shaurya Bhatti,shaurya.bhatti2444@yahoo.com,8885768246,"H.No. 40, Mody Street",Serampore
655,complete_match,C02435,Matched using customer_id and all available values agree,C02435,Vrishti Trivedi,vrishti.trivedi2435@hotmail.com,6451776897,"47, Dara Nagar",Pallavaram
656,complete_match,C02782,Matched using customer_id and all available values agree,C02782,Nitara Srivastava,nitara.srivastava2782@yahoo.com,6457167525,44 Contractor Street,Kozhikode
657,partial_match,C01809,"Matched using email or phone, but the incoming record has missing values",,,urmi.dhaliwal1809@example.in,7873089461,,Korba
658,complete_match,C00087,Matched using customer_id and all available values agree,C00087,Patrick Dube,patrick.dube87@hotmail.com,8538026322,"012, Tiwari Chowk",Orai
659,incomplete_match,,Too little reliable information is available,,Anika Handa,,,,
660,no_match_new_entity,,No reliable master record was found,N00373,Eiravati Sem,eiravati.sem3373@yahoo.com,9533557892,H.No. 259 Sibal Path,Satara
661,no_match_new_entity,,No reliable master record was found,N00390,Vinaya Wadhwa,vinaya.wadhwa3390@gmail.com,7699555251,"096, Mall Path",Jorhat
662,conflicting_information,C02730,"Matched using customer_id, but one or more values conflict",C02730,Chavvi Chakrabarti,joshua.bandi2730@outlook.com,8622230314,"113, Misra Chowk",Berhampur
663,complete_match,C02267,Matched using customer_id and all available values agree,C02267,William Pal,william.pal2267@gmail.com,6963551235,"02/16, Ravel",Chandrapur
664,complete_match,C02108,Matched using customer_id and all available values agree,C02108,Zayyan Sami,zayyan.sami2108@outlook.com,9985917108,"19/783, Varughese Road",Sambalpur
665,incomplete_match,,Too little reliable information is available,,Peter Jha,,,,
666,no_match_new_entity,,No reliable master record was found,N00124,Zayan Bedi,zayan.bedi3124@yahoo.com,7865303750,H.No. 796 Sachdeva Path,Mango
667,conflicting_information,C00108,"Matched using customer_id, but one or more values conflict",C00108,Sanya Nagar,sanya.nagar108@gmail.com,6227680529,"32/71, Kala",Gulbarga
668,complete_match,C02647,Matched using customer_id and all available values agree,C02647,Oscar Lalla,oscar.lalla2647@example.in,6303885357,"59/53, Chokshi Street",Jalna
669,no_match_new_entity,,No reliable master record was found,N00368,Vinaya Keer,vinaya.keer3368@yahoo.com,7083852384,"58/13, Bir Chowk",Salem
670,complete_match,C00316,Matched using customer_id and all available values agree,C00316,Nihal Chopra,nihal.chopra316@gmail.com,7916312147,165 Balakrishnan Path,Vadodara
671,partial_match,C00770,"Matched using email or phone, but the incoming record has missing values",,MAX SANE,,8534319874,"030, Misra Zila",Gangtok
672,partial_match,C01233,"Matched using customer_id, but the incoming record has missing values",C01233,Quincy Khare,quincy.khare1233@outlook.com,,,Nangloi Jat
673,complete_match,C00801,Matched using customer_id and all available values agree,C00801,Rehaan Sachar,rehaan.sachar801@gmail.com,9732541855,24/741 Vaidya Nagar,Bhagalpur
674,partial_match,C02983,"Matched using name with city/address, but the incoming record has missing values",,Manan Kale,,,,Suryapet
675,partial_match,C01766,"Matched using name with city/address, but the incoming record has missing values",,Aradhana Dave,,,86 Raj Road,Satna
676,no_match_new_entity,,No reliable master record was found,N00134,Anamika Lala,anamika.lala3134@yahoo.com,6529860332,"H.No. 59, Ramachandran Nagar",Etawah
677,partial_match,C02527,"Matched using email or phone, but the incoming record has missing values",,ekaraj sami,ekaraj.sami2527@outlook.com,,67 Malhotra Street,Vijayawada
678,no_match_new_entity,,No reliable master record was found,N00012,Ekani Kara,ekani.kara3012@gmail.com,9624255659,216 Nath Marg,Siwan
679,partial_match,C02683,"Matched using email or phone, but the incoming record has missing values",,,tripti.sridhar2683@yahoo.com,8515357106,,Adoni
680,partial_match,C01423,"Matched using name with city/address, but the incoming record has missing values",,Nidhi Zachariah,,,"22, Sem Path",Rajkot
681,no_match_new_entity,,No reliable master record was found,N00399,Eshana Bir,eshana.bir3399@gmail.com,8802699792,"21/17, Mukhopadhyay Zila",Loni
682,partial_match,C00306,"Matched using customer_id, but the incoming record has missing values",C00306,Vinaya Sawhney,vinaya.sawhney306@hotmail.com,,,
683,complete_match,C00121,Matched using customer_id and all available values agree,C00121,Ekantika Chowdhury,ekantika.chowdhury121@gmail.com,6811354220,"96/816, Mall Street",Akola
684,incomplete_match,,Too little reliable information is available,,Utkarsh Badal,,,,
685,partial_match,C01115,"Matched using customer_id, but the incoming record has missing values",C01115,Nisha Sathe,nisha.sathe1115@hotmail.com,,59/62 Chander Path,
686,partial_match,C01811,"Matched using customer_id, but the incoming record has missing values",C01811,Anjali Patel,anjali.patel1811@gmail.com,,05 Jhaveri Chowk,
687,complete_match,C00779,Matched using customer_id and all available values agree,C00779,Ekta Deshpande,ekta.deshpande779@outlook.com,8119102732,"71, Ghosh Path",Lucknow
688,complete_match,C00510,Matched using customer_id and all available values agree,C00510,Mitesh Wason,mitesh.wason510@outlook.com,9874768167,145 Kaur Nagar,Panipat
689,partial_match,C02276,"Matched using name with city/address, but the incoming record has missing values",,Gaurangi Jhaveri,,,"90/38, Rout Circle",Bihar Sharif
690,partial_match,C02545,"Matched using name with city/address, but the incoming record has missing values",,Amara Balay,,,"H.No. 30, Parikh Road",Hajipur
691,no_match_new_entity,,No reliable master record was found,N00179,Yadavi Khanna,yadavi.khanna3179@hotmail.com,7235304468,H.No. 85 Kadakia Circle,Thrissur
692,partial_match,C00248,"Matched using customer_id, but the incoming record has missing values",C00248,Ishanvi Mishra,,6058806740,,
693,conflicting_information,C02114,"Matched using customer_id, but one or more values conflict",C02114,Arya Borde,arya.borde2114@example.in,6083401819,88/026 Halder Road,Naihati
694,partial_match,C02636,"Matched using customer_id, but the incoming record has missing values",C02636,Wazir Sachdev,,9099477503,"663, Brar Chowk",Gudivada
695,complete_match,C02908,Matched using customer_id and all available values agree,C02908,Utkarsh Kapoor,utkarsh.kapoor2908@gmail.com,7158590497,"27/12, Mander Nagar",Raipur
696,partial_match,C00983,"Matched using customer_id, but the incoming record has missing values",C00983,Jasmit Doshi,,8648814740,,
697,no_match_new_entity,,No reliable master record was found,N00220,Timothy Randhawa,timothy.randhawa3220@outlook.com,6055028753,H.No. 557 Savant Path,Fatehpur
698,complete_match,C02962,Matched using customer_id and all available values agree,C02962,Deepa Sodhi,deepa.sodhi2962@outlook.com,9389155334,436 Cheema Road,Nizamabad
699,partial_match,C02307,"Matched using customer_id, but the incoming record has missing values",C02307,Ikshita Narayan,ikshita.narayan2307@yahoo.com,,"09/30, Gade Street",
700,no_match_new_entity,,No reliable master record was found,N00334,Nilima Chander,nilima.chander3334@yahoo.com,8691868995,"H.No. 183, Batra Chowk",Meerut
701,partial_match,C01097,"Matched using email or phone, but the incoming record has missing values",,CHAMPAK PALLA,,7703513135,86 Anne Chowk,Arrah
702,partial_match,C01692,"Matched using customer_id, but the incoming record has missing values",C01692,Ladli Mangal,ladli.mangal1692@hotmail.com,,"473, Comar Road",Naihati
703,partial_match,C01859,"Matched using customer_id, but the incoming record has missing values",C01859,Ranveer Bhatti,,6389821512,,
704,conflicting_information,C00743,"Matched using customer_id, but one or more values conflict",C00743,Ekantika Narayanan,ekantika.narayanan743@outlook.com,9334377705,49/081 Lad Marg,Berhampur
705,partial_match,C01806,"Matched using email or phone, but the incoming record has missing values",,,ishita.raju1806@example.in,8027190202,,Tiruvottiyur
706,incomplete_match,,Too little reliable information is available,,,,,,
707,partial_match,C01345,"Matched using customer_id, but the incoming record has missing values",C01345,Sarthak Murthy,,,,Medininagar
708,complete_match,C02073,Matched using customer_id and all available values agree,C02073,Rohan Desai,rohan.desai2073@outlook.com,6572656709,"H.No. 59, Sood Ganj",Tumkur
709,partial_match,C01424,"Matched using customer_id, but the incoming record has missing values",C01424,Arin Raval,arin.raval1424@example.in,7981335052,509 Om Ganj,
710,partial_match,C01228,"Matched using customer_id, but the incoming record has missing values",C01228,Dhriti Dey,,6509624125,"53/81, Bhatia Nagar",
711,conflicting_information,C00057,"Matched using customer_id, but one or more values conflict",C00057,Mitali Ramaswamy,mitali.ramaswamy57@example.in,9820432460,45 Dixit Path,Raurkela Industrial Township
712,complete_match,C01991,Matched using customer_id and all available values agree,C01991,Aishani Ahluwalia,aishani.ahluwalia1991@yahoo.com,6901012517,69 Rastogi Path,Ahmednagar
713,no_match_new_entity,,No reliable master record was found,N00355,Shivansh Devan,shivansh.devan3355@hotmail.com,9000978770,"47/818, Dasgupta Marg",Akola
714,no_match_new_entity,,No reliable master record was found,N00033,Pushti Prakash,pushti.prakash3033@yahoo.com,9181573740,"62, Choudhury Street",Siwan
715,complete_match,C02286,Matched using customer_id and all available values agree,C02286,Omaja Sandhu,omaja.sandhu2286@yahoo.com,7650534083,590 Butala Circle,Thrissur
716,complete_match,C01503,Matched using customer_id and all available values agree,C01503,Amruta Dalal,amruta.dalal1503@yahoo.com,7195596372,"93, Pant Road",Aligarh
717,conflicting_information,C01952,"Matched using customer_id, but one or more values conflict",C01952,Laban Shenoy,laban.shenoy1952@yahoo.com,7512711913,H.No. 895 Bhasin Chowk,Unnao
718,complete_match,C00188,Matched using customer_id and all available values agree,C00188,Aadhya Sheth,aadhya.sheth188@outlook.com,6724582470,81/87 Doshi Chowk,Darbhanga
719,partial_match,C01120,"Matched using customer_id, but the incoming record has missing values",C01120,Yashica Behl,,7223042025,,Ghaziabad
720,incomplete_match,,Too little reliable information is available,,Kalpit Khatri,,,,
721,complete_match,C00800,Matched using customer_id and all available values agree,C00800,Atharv Jani,atharv.jani800@gmail.com,7485918850,"983, Chandra Street",Ranchi
722,no_match_new_entity,,No reliable master record was found,N00270,Chakrika Thaman,chakrika.thaman3270@yahoo.com,6275100312,35 Gopal Zila,Latur
723,no_match_new_entity,,No reliable master record was found,N00091,Veda Bedi,veda.bedi3091@outlook.com,7608536080,"011, Yohannan Chowk",Jehanabad
724,complete_match,C01500,Matched using customer_id and all available values agree,C01500,Bimala Basu,bimala.basu1500@gmail.com,6521117789,"55/004, Mani Ganj",Nagpur
725,incomplete_match,,Too little reliable information is available,,Matthew Gokhale,,,,
726,partial_match,C00592,"Matched using customer_id, but the incoming record has missing values",C00592,Chaaya Verma,,8703046836,,Kanpur
727,partial_match,C02046,"Matched using customer_id, but the incoming record has missing values",C02046,Shaurya Shenoy,shaurya.shenoy2046@yahoo.com,,,
728,partial_match,C00231,"Matched using customer_id, but the incoming record has missing values",C00231,Lakshit Sangha,lakshit.sangha231@gmail.com,9509519981,47 Dugal Ganj,
729,complete_match,C02065,Matched using customer_id and all available values agree,C02065,William Baria,william.baria2065@outlook.com,8423871609,H.No. 13 Mangal Marg,Ludhiana
730,partial_match,C02161,"Matched using name with city/address, but the incoming record has missing values",,Vincent Barman,,,,Bhiwani
731,partial_match,C00079,"Matched using name with city/address, but the incoming record has missing values",,Onveer Merchant,,,,Howrah
732,partial_match,C02314,"Matched using customer_id, but the incoming record has missing values",C02314,Tripti Prashad,,8057385230,,
733,partial_match,C01472,"Matched using customer_id, but the incoming record has missing values",C01472,Peter Jha,,,,Gandhinagar
734,no_match_new_entity,,No reliable master record was found,N00003,Raagini Ray,raagini.ray3003@example.in,7479030098,"66/58, Vora Circle",Bijapur
735,no_match_new_entity,,No reliable master record was found,N00268,Anmol Bobal,anmol.bobal3268@yahoo.com,7177714088,"479, Naidu Chowk",Sri Ganganagar
736,complete_match,C00351,Matched using customer_id and all available values agree,C00351,Vasana Bose,vasana.bose351@example.in,6277455493,48 Muni Street,Bhilwara
737,partial_match,C02801,"Matched using email or phone, but the incoming record has missing values",,,prisha.gola2801@yahoo.com,6501023127,,Kolhapur
738,complete_match,C00526,Matched using customer_id and all available values agree,C00526,Nirja Manne,nirja.manne526@yahoo.com,7570806138,"434, Dhar Chowk",Tirupati
739,partial_match,C02759,"Matched using customer_id, but the incoming record has missing values",C02759,Zinal Narayanan,,,"H.No. 94, Pai Zila",
740,incomplete_match,,Too little reliable information is available,,Omya Kurian,,,,
741,partial_match,C02419,"Matched using name with city/address, but the incoming record has missing values",,Harita Ganguly,,,,Berhampore
742,partial_match,C02509,"Matched using customer_id, but the incoming record has missing values",C02509,Siddharth Kari,,,H.No. 14 Mukhopadhyay Marg,Gurgaon
743,conflicting_information,C02466,"Matched using customer_id, but one or more values conflict",C02466,Jai Raval,chaitaly.dugar55787@example.in,8442048822,66/608 Kurian Street,Coimbatore
744,complete_match,C00697,Matched using customer_id and all available values agree,C00697,Sanaya Chada,sanaya.chada697@yahoo.com,6619446468,71 Jayaraman,Bhalswa Jahangir Pur
745,incomplete_match,,Too little reliable information is available,,,,,,Rohtak
746,conflicting_information,C00339,"Matched using customer_id, but one or more values conflict",C00339,Ishani Sandal,yasti.narayanan73034@yahoo.com,6332082013,72/04 Narang Marg,Tiruvottiyur
747,partial_match,C02756,"Matched using email or phone, but the incoming record has missing values",,QADIM ISSAC,,7165184788,"55, Mann Circle",Hapur
748,complete_match,C00703,Matched using customer_id and all available values agree,C00703,Naksh Lad,naksh.lad703@outlook.com,7274530335,"24, Chauhan Street",Loni
749,conflicting_information,C02858,"Matched using customer_id, but one or more values conflict",C02858,Aarna Chakraborty,aarna.chakraborty2858@hotmail.com,8397727894,07/58 Ahuja,Kadapa
750,conflicting_information,C02626,"Matched using customer_id, but one or more values conflict",C02626,Maanas Dey,maanas.dey2626@outlook.com,7459827158,"832, Lal Road",Gudivada
751,partial_match,C02705,"Matched using customer_id, but the incoming record has missing values",C02705,Pavani Sundaram,pavani.sundaram2705@yahoo.com,,H.No. 73 Uppal Zila,
752,incomplete_match,,Too little reliable information is available,,Xalak Sani,,,,
753,complete_match,C01663,Matched using customer_id and all available values agree,C01663,Dhriti Gour,dhriti.gour1663@gmail.com,7247690630,06/28 Lall Circle,Ozhukarai
754,conflicting_information,C00192,"Matched using customer_id, but one or more values conflict",C00192,Faraj Patil,megha.vora83995@gmail.com,9142128807,638 Sarkar Path,Morbi
755,partial_match,C02009,"Matched using customer_id, but the incoming record has missing values",C02009,Geetika Hayer,,8235828854,,Pune
756,no_match_new_entity,,No reliable master record was found,N00240,Diya Ben,diya.ben3240@yahoo.com,7730498629,16/84 Madan Marg,Proddatur
757,conflicting_information,C00701,"Matched using customer_id, but one or more values conflict",C00701,Amruta Bahri,matthew.deshmukh78054@hotmail.com,6874914232,H.No. 468 D’Alia Road,Ozhukarai
758,partial_match,C01714,"Matched using name with city/address, but the incoming record has missing values",,Pranav Batra,,,,Erode
759,partial_match,C00571,"Matched using customer_id, but the incoming record has missing values",C00571,Barkha Lanka,,9742735608,650 Deep Zila,
760,partial_match,C01566,"Matched using customer_id, but the incoming record has missing values",C01566,Yagnesh Dayal,yagnesh.dayal1566@example.in,,,
761,partial_match,C02246,"Matched using customer_id, but the incoming record has missing values",C02246,Nisha Sengupta,,,"16/15, Deo Marg",
762,partial_match,C00556,"Matched using customer_id, but the incoming record has missing values",C00556,Tanvi Shanker,,6177810620,961 Ghose Circle,
763,conflicting_information,C01038,"Matched using customer_id, but one or more values conflict",C01038,Daniel Hegde,daniel.hegde1038@example.in,9437124267,"564, Thaman Path",Nanded
764,incomplete_match,,Too little reliable information is available,,Bachittar Sheth,,,,
765,no_match_new_entity,,No reliable master record was found,N00119,Tara Sami,tara.sami3119@outlook.com,6349917157,88 Vora Chowk,Anantapuram
766,conflicting_information,C02437,"Matched using customer_id, but one or more values conflict",C02437,Pushti Ratta,pushti.ratta2437@hotmail.com,8575367303,H.No. 38 Anand Circle,Kadapa
767,conflicting_information,C02854,"Matched using customer_id, but one or more values conflict",C02854,Oni Dara,xavier.mistry2854@hotmail.com,8093704478,H.No. 67 Sawhney Marg,Kavali
768,no_match_new_entity,,No reliable master record was found,N00071,Isha Shah,isha.shah3071@yahoo.com,6913044910,"167, Chahal Chowk",Shahjahanpur
769,complete_match,C01129,Matched using customer_id and all available values agree,C01129,Jeremiah Mukhopadhyay,jeremiah.mukhopadhyay1129@example.in,7591205890,"18/068, Talwar Street",Bhiwani
770,no_match_new_entity,,No reliable master record was found,N00264,Utkarsh Rau,utkarsh.rau3264@example.in,7775090352,89/877 Palan Ganj,Yamunanagar
771,complete_match,C00877,Matched using customer_id and all available values agree,C00877,Bhavini Seshadri,bhavini.seshadri877@gmail.com,8710675643,"957, Desai Zila",Jaunpur
772,partial_match,C00858,"Matched using email or phone, but the incoming record has missing values",,madhav ganguly,madhav.ganguly858@example.in,,"50/943, Ratti Road",Malegaon
773,conflicting_information,C01072,"Matched using customer_id, but one or more values conflict",C01072,Yashica Mani,yashica.mani1072@gmail.com,6434911358,"H.No. 871, Rana Chowk",North Dumdum
774,partial_match,C02142,"Matched using customer_id, but the incoming record has missing values",C02142,Nikita Subramaniam,,6130778577,,
775,no_match_new_entity,,No reliable master record was found,N00098,Chandran Dar,chandran.dar3098@example.in,7783207825,"87/421, Samra Ganj",Barasat
776,partial_match,C02826,"Matched using email or phone, but the incoming record has missing values",,FALAK ARYA,,7527842372,"867, Gupta Ganj",Bally
777,partial_match,C00633,"Matched using customer_id, but the incoming record has missing values",C00633,Maanas Shah,maanas.shah633@hotmail.com,,H.No. 28 Sekhon Circle,
778,complete_match,C01966,Matched using customer_id and all available values agree,C01966,Naksh Sengupta,naksh.sengupta1966@gmail.com,7780016152,H.No. 47 Pingle Street,Gangtok
779,partial_match,C01436,"Matched using customer_id, but the incoming record has missing values",C01436,Sachi Raman,,,,Alappuzha
780,complete_match,C00711,Matched using customer_id and all available values agree,C00711,Tanish Batta,tanish.batta711@hotmail.com,8468652826,"567, Loke Circle",Baranagar
781,complete_match,C02569,Matched using customer_id and all available values agree,C02569,Idika Tiwari,idika.tiwari2569@gmail.com,9813004871,19/387 Ganesan Chowk,Ahmednagar
782,complete_match,C02002,Matched using customer_id and all available values agree,C02002,Frado Varghese,frado.varghese2002@gmail.com,6897979787,"16/56, Kade Nagar",Nashik
783,no_match_new_entity,,No reliable master record was found,N00070,Aarav Shukla,aarav.shukla3070@gmail.com,8250334424,"433, Doctor Path",Bellary
784,partial_match,C00095,"Matched using customer_id, but the incoming record has missing values",C00095,Banjeet Mannan,,,48/58 Datta Nagar,
785,incomplete_match,,Too little reliable information is available,,Avi Narayanan,,,,
786,incomplete_match,,Too little reliable information is available,,,,,,
787,partial_match,C00356,"Matched using customer_id, but the incoming record has missing values",C00356,Arunima Sani,arunima.sani356@outlook.com,,,
788,partial_match,C01322,"Matched using name with city/address, but the incoming record has missing values",,Harinakshi Prashad,,,,Bardhaman
789,conflicting_information,C01994,"Matched using customer_id, but one or more values conflict",C01994,Ekavir Konda,ekavir.konda1994@hotmail.com,7000009689,953 Vaidya Street,Orai
790,complete_match,C01468,Matched using customer_id and all available values agree,C01468,Frederick Reddy,frederick.reddy1468@yahoo.com,8923110522,"74/529, Mody Marg",Nashik
791,partial_match,C01746,"Matched using customer_id, but the incoming record has missing values",C01746,Agastya Venkatesh,,,,Vijayawada
792,complete_match,C00113,Matched using customer_id and all available values agree,C00113,Krishna Pant,krishna.pant113@hotmail.com,7678399487,H.No. 850 Rattan Marg,Thanjavur
793,no_match_new_entity,,No reliable master record was found,N00258,Vasana Tella,vasana.tella3258@outlook.com,8888356263,"04, Barman",Sambalpur
794,no_match_new_entity,,No reliable master record was found,N00078,Brinda Issac,brinda.issac3078@gmail.com,7755747685,"40/37, Prashad Street",Kolhapur
795,partial_match,C01237,"Matched using customer_id, but the incoming record has missing values",C01237,Gautam Chauhan,,7652965818,,
796,conflicting_information,C01904,"Matched using customer_id, but one or more values conflict",C01904,Brinda Bala,atharv.thaker69843@outlook.com,8381202372,16/132 Behl Street,Udupi
797,partial_match,C00372,"Matched using customer_id, but the incoming record has missing values",C00372,Anya Dave,,,,Erode
798,partial_match,C00866,"Matched using customer_id, but the incoming record has missing values",C00866,Ojasvi Cherian,,,,Kishanganj
799,incomplete_match,,Too little reliable information is available,,,,,,Tiruchirappalli
800,no_match_new_entity,,No reliable master record was found,N00161,Amruta Gade,amruta.gade3161@yahoo.com,6101390896,H.No. 85 Kuruvilla Circle,Bihar Sharif
801,partial_match,C01648,"Matched using email or phone, but the incoming record has missing values",,azad deol,azad.deol1648@outlook.com,,"40, Devan Circle",Hajipur
802,complete_match,C00156,Matched using customer_id and all available values agree,C00156,Azaan Khalsa,azaan.khalsa156@outlook.com,7477283855,62/049 Keer Ganj,Hospet
803,complete_match,C02118,Matched using customer_id and all available values agree,C02118,Kashvi Gill,kashvi.gill2118@outlook.com,7402232606,H.No. 431 Jhaveri Road,Alappuzha
804,partial_match,C00905,"Matched using customer_id, but the incoming record has missing values",C00905,Jagvi Ghose,jagvi.ghose905@outlook.com,,,
805,no_match_new_entity,,No reliable master record was found,N00062,Aadhya Subramanian,aadhya.subramanian3062@example.in,7344065209,"H.No. 09, Sengupta Nagar",Noida
806,partial_match,C00518,"Matched using customer_id, but the incoming record has missing values",C00518,Sarthak Chad,sarthak.chad518@hotmail.com,8739509368,,
807,complete_match,C01287,Matched using customer_id and all available values agree,C01287,Orinder Apte,orinder.apte1287@gmail.com,6544691143,486 Deshmukh Ganj,Bathinda
808,conflicting_information,C02039,"Matched using customer_id, but one or more values conflict",C02039,Tanmayi Nadkarni,tanmayi.nadkarni2039@gmail.com,6859395408,"56/964, Patla Street",Phusro
809,no_match_new_entity,,No reliable master record was found,N00375,Jeevika Dutta,jeevika.dutta3375@outlook.com,7832128474,56/623 Biswas Road,Ambala
810,no_match_new_entity,,No reliable master record was found,N00059,Vidhi Ratti,vidhi.ratti3059@hotmail.com,7339631028,"01/269, Rajan Zila",Bhopal
811,no_match_new_entity,,No reliable master record was found,N00056,Mahika Sundaram,mahika.sundaram3056@example.in,6150693066,"32, Atwal Circle",Raurkela Industrial Township
812,partial_match,C00469,"Matched using email or phone, but the incoming record has missing values",,yahvi goswami,yahvi.goswami469@yahoo.com,,91/588 Nagar,Pondicherry
813,partial_match,C01173,"Matched using customer_id, but the incoming record has missing values",C01173,Ekaraj Wable,ekaraj.wable1173@hotmail.com,,"H.No. 144, Nadkarni Chowk",Chandrapur
814,complete_match,C02152,Matched using customer_id and all available values agree,C02152,Shivansh Bir,shivansh.bir2152@yahoo.com,9608520702,H.No. 83 Morar,Bulandshahr
815,partial_match,C02837,"Matched using customer_id, but the incoming record has missing values",C02837,Saumya Merchant,,8809022732,,Udaipur
816,conflicting_information,C01414,"Matched using customer_id, but one or more values conflict",C01414,Logan Rajagopalan,logan.rajagopalan1414@hotmail.com,9782603459,"52/46, D’Alia Ganj",Jalgaon
817,partial_match,C00241,"Matched using customer_id, but the incoming record has missing values",C00241,Aashi Ghosh,,7815839769,"H.No. 17, Varghese Ganj",Kochi
818,conflicting_information,C01408,"Matched using customer_id, but one or more values conflict",C01408,Rachita Baria,rachita.baria1408@yahoo.com,7917497334,121 Lanka,Rourkela
819,partial_match,C02958,"Matched using customer_id, but the incoming record has missing values",C02958,Abha Gokhale,abha.gokhale2958@outlook.com,,,Bhiwani
820,complete_match,C01389,Matched using customer_id and all available values agree,C01389,Ekaraj Dass,ekaraj.dass1389@outlook.com,7271897921,"H.No. 766, Banerjee Ganj",Munger
821,complete_match,C00142,Matched using customer_id and all available values agree,C00142,Xiti Sami,xiti.sami142@yahoo.com,7679996111,"H.No. 17, Banerjee Street",Chinsurah
822,incomplete_match,,Too little reliable information is available,,,,,,Berhampur
823,no_match_new_entity,,No reliable master record was found,N00326,Avni Raghavan,avni.raghavan3326@outlook.com,8363550905,"07/899, Thaker Ganj",Kota
824,complete_match,C01193,Matched using customer_id and all available values agree,C01193,Dakshesh Minhas,dakshesh.minhas1193@yahoo.com,7438572098,"95, Om Nagar",Morbi
825,complete_match,C00146,Matched using customer_id and all available values agree,C00146,Xavier Golla,xavier.golla146@example.in,6631839192,"H.No. 85, Bajaj Marg",Kolhapur
826,conflicting_information,C00541,"Matched using customer_id, but one or more values conflict",C00541,Dalbir Kakar,dalbir.kakar541@example.in,6101171836,H.No. 958 Desai Road,Rohtak
827,incomplete_match,,Too little reliable information is available,,Vansha Raja,,,,
828,conflicting_information,C00248,"Matched using customer_id, but one or more values conflict",C00248,Ishanvi Mishra,ishanvi.mishra248@example.in,6058806740,65 Mahajan Zila,Mumbai
829,no_match_new_entity,,No reliable master record was found,N00201,Ati Sama,ati.sama3201@example.in,8519559651,"04/69, Madan Nagar",Shimoga
830,complete_match,C00890,Matched using customer_id and all available values agree,C00890,Samar Swaminathan,samar.swaminathan890@example.in,9892264885,H.No. 25 Gala Marg,Dhule
831,no_match_new_entity,,No reliable master record was found,N00021,Anirudh Lanka,anirudh.lanka3021@example.in,9206970189,839 Madan Circle,Jorhat
832,complete_match,C02903,Matched using customer_id and all available values agree,C02903,Dhruv Swaminathan,dhruv.swaminathan2903@example.in,9349491624,82 Sandal Chowk,Durgapur
833,complete_match,C01045,Matched using customer_id and all available values agree,C01045,Fariq Butala,fariq.butala1045@hotmail.com,6186573628,"35, Goel Circle",Dhanbad
834,complete_match,C01690,Matched using customer_id and all available values agree,C01690,Anmol Deep,anmol.deep1690@yahoo.com,6485426710,"18/14, Kulkarni",Solapur
835,partial_match,C00168,"Matched using email or phone, but the incoming record has missing values",,,bhavani.raj168@example.in,9362808794,,Raurkela Industrial Township
836,incomplete_match,,Too little reliable information is available,,Qadim Sura,,,,
837,complete_match,C02408,Matched using customer_id and all available values agree,C02408,Hemangini Baria,hemangini.baria2408@example.in,7269447552,50 Dey Marg,Amravati
838,complete_match,C00128,Matched using customer_id and all available values agree,C00128,Pranav Cheema,pranav.cheema128@yahoo.com,6463933171,"277, Warrior Street",Surendranagar Dudhrej
839,conflicting_information,C02059,"Matched using customer_id, but one or more values conflict",C02059,Yochana Pathak,amruta.ramachandran75613@gmail.com,7839017111,"01/916, Lad Nagar",Purnia
840,no_match_new_entity,,No reliable master record was found,N00079,Alexander Merchant,alexander.merchant3079@hotmail.com,6081605909,"784, Ben Circle",Bhopal
841,complete_match,C01384,Matched using customer_id and all available values agree,C01384,Aishani Ram,aishani.ram1384@hotmail.com,7599414450,"26/697, Sant Nagar",Bellary
842,no_match_new_entity,,No reliable master record was found,N00283,Kashvi Din,kashvi.din3283@yahoo.com,8510623725,62 Bains Road,Jamalpur
843,conflicting_information,C02375,"Matched using customer_id, but one or more values conflict",C02375,Ubika Bahl,ubika.bahl2375@yahoo.com,9698271962,436 Pandit Zila,Varanasi
844,partial_match,C00664,"Matched using customer_id, but the incoming record has missing values",C00664,Garima Varkey,,9916422605,45/154 Garg Ganj,Junagadh
845,conflicting_information,C00477,"Matched using customer_id, but one or more values conflict",C00477,Ijaya Sane,atharv.mukherjee477@hotmail.com,6511959264,"815, Raval",Raebareli
846,partial_match,C00279,"Matched using customer_id, but the incoming record has missing values",C00279,Hiral Kata,hiral.kata279@gmail.com,,,Hindupur
847,partial_match,C01783,"Matched using customer_id, but the incoming record has missing values",C01783,Qabil Chana,qabil.chana1783@gmail.com,6144868857,,Bidar
848,complete_match,C01843,Matched using customer_id and all available values agree,C01843,Nilima Dugar,nilima.dugar1843@gmail.com,7914538962,"54, Sheth Street",Chapra
849,no_match_new_entity,,No reliable master record was found,N00210,Eta Sane,eta.sane3210@gmail.com,6279518622,"38/739, Dube Circle",Orai
850,complete_match,C00386,Matched using customer_id and all available values agree,C00386,Nicholas Gokhale,nicholas.gokhale386@yahoo.com,7664369758,422 Gokhale Ganj,Indore
851,no_match_new_entity,,No reliable master record was found,N00006,Chandresh Bhatt,chandresh.bhatt3006@gmail.com,6566503714,"H.No. 576, Kala",Sirsa
852,conflicting_information,C02011,"Matched using customer_id, but one or more values conflict",C02011,Mohammed Mammen,mohammed.mammen2011@hotmail.com,8652939861,"537, Dugar Chowk",Indore
853,conflicting_information,C02371,"Matched using customer_id, but one or more values conflict",C02371,Lajita Sahni,lajita.sahni2371@outlook.com,8771965741,25/82 Bath Marg,Bettiah
854,partial_match,C02025,"Matched using email or phone, but the incoming record has missing values",,,gautami.madan2025@outlook.com,9756148190,,Vadodara
855,complete_match,C01312,Matched using customer_id and all available values agree,C01312,Jack Dora,jack.dora1312@hotmail.com,7526852847,23 Barad Ganj,Khammam
856,conflicting_information,C01525,"Matched using customer_id, but one or more values conflict",C01525,Nirja Sanghvi,chandran.pradhan1525@yahoo.com,7797527488,"773, Sinha Path",Panihati
857,conflicting_information,C02331,"Matched using customer_id, but one or more values conflict",C02331,Anita Sen,kalpit.shroff2331@gmail.com,8896386691,"714, Nair Zila",Pali
858,partial_match,C02395,"Matched using name with city/address, but the incoming record has missing values",,Jyoti Suresh,,,,Ramagundam
859,no_match_new_entity,,No reliable master record was found,N00011,Tejas Misra,tejas.misra3011@hotmail.com,6951156829,H.No. 346 Borra Street,Jaunpur
860,partial_match,C01564,"Matched using customer_id, but the incoming record has missing values",C01564,Yagnesh Srinivasan,,9985845369,"03/465, Naik Circle",Pudukkottai
861,incomplete_match,,Too little reliable information is available,,,,,,
862,complete_match,C02661,Matched using customer_id and all available values agree,C02661,Ishani Bir,ishani.bir2661@example.in,6216620328,94/163 Mody Circle,Varanasi
863,partial_match,C01235,"Matched using customer_id, but the incoming record has missing values",C01235,Daniel Dave,,6214207003,,
864,no_match_new_entity,,No reliable master record was found,N00259,Ishaan Shanker,ishaan.shanker3259@outlook.com,8587682969,"H.No. 44, Shetty Circle",Baranagar
865,conflicting_information,C00749,"Matched using customer_id, but one or more values conflict",C00749,Rudra Naik,januja.biswas749@hotmail.com,8072766431,"00/45, Batta Marg",Serampore
866,no_match_new_entity,,No reliable master record was found,N00136,Caleb Desai,caleb.desai3136@gmail.com,7908563059,"35, Dalal Path",Dhanbad
867,complete_match,C01189,Matched using customer_id and all available values agree,C01189,Chaitaly Taneja,chaitaly.taneja1189@gmail.com,6270255384,H.No. 75 Murty Road,Bikaner
868,conflicting_information,C02798,"Matched using customer_id, but one or more values conflict",C02798,Nakul Radhakrishnan,zayan.pathak2798@yahoo.com,8444446528,"464, Narayan",Bhilwara
869,no_match_new_entity,,No reliable master record was found,N00192,Ranveer Wali,ranveer.wali3192@hotmail.com,7345940867,27/21 Krishnamurthy Nagar,Bhiwani
870,conflicting_information,C02907,"Matched using customer_id, but one or more values conflict",C02907,Adya Palla,pallavi.goswami2907@gmail.com,9950072194,"H.No. 373, Chacko Street",Lucknow
871,complete_match,C02047,Matched using customer_id and all available values agree,C02047,Ekansh Wagle,ekansh.wagle2047@yahoo.com,8318512194,"26, Vohra Nagar",Mumbai
872,conflicting_information,C01161,"Matched using customer_id, but one or more values conflict",C01161,Reva Puri,kashvi.dara1161@outlook.com,8613462735,59 Datta Marg,Dibrugarh
873,partial_match,C00014,"Matched using email or phone, but the incoming record has missing values",,keya hayre,keya.hayre14@yahoo.com,,94/960 Ganesh Path,Ambarnath
874,complete_match,C01247,Matched using customer_id and all available values agree,C01247,Divya Naidu,divya.naidu1247@hotmail.com,6678786254,"H.No. 151, Guha Path",Ahmednagar
875,no_match_new_entity,,No reliable master record was found,N00301,Ishani Taneja,ishani.taneja3301@yahoo.com,7900595935,"19/629, Biswas Chowk",Anantapuram
876,no_match_new_entity,,No reliable master record was found,N00148,Jalsa Sankaran,jalsa.sankaran3148@hotmail.com,9070815982,26 Goswami Road,Kadapa
877,complete_match,C01534,Matched using customer_id and all available values agree,C01534,Hemang Garg,hemang.garg1534@hotmail.com,8469689027,H.No. 282 Johal Street,Rohtak
878,partial_match,C01978,"Matched using email or phone, but the incoming record has missing values",,,oscar.rana1978@gmail.com,9619504524,,Kanpur
879,partial_match,C00687,"Matched using customer_id, but the incoming record has missing values",C00687,Advay Sachdev,advay.sachdev687@outlook.com,,79 Varty Road,Agra
880,partial_match,C02129,"Matched using customer_id, but the incoming record has missing values",C02129,Ekta Konda,,,"H.No. 97, Mittal Ganj",Kottayam
881,complete_match,C01748,Matched using customer_id and all available values agree,C01748,Eshana Chaudhuri,eshana.chaudhuri1748@yahoo.com,9567833937,73/66 Guha Zila,Hapur
882,partial_match,C02335,"Matched using customer_id, but the incoming record has missing values",C02335,Nidra Dua,nidra.dua2335@gmail.com,,"94, Prabhu Circle",
883,complete_match,C00066,Matched using customer_id and all available values agree,C00066,Ayushman Bajwa,ayushman.bajwa66@gmail.com,6014077148,H.No. 112 Vora Ganj,Dhanbad
884,partial_match,C02455,"Matched using customer_id, but the incoming record has missing values",C02455,Yoshita Mohan,yoshita.mohan2455@example.in,9684444835,"74/760, Yohannan Ganj",
885,partial_match,C02473,"Matched using email or phone, but the incoming record has missing values",,ISHITA CHAHAL,,6539494372,272 Barad Street,Mumbai
886,conflicting_information,C01655,"Matched using customer_id, but one or more values conflict",C01655,Kabir Banerjee,jeevika.natarajan1655@outlook.com,6993613060,23/571 Chawla,Mumbai
887,no_match_new_entity,,No reliable master record was found,N00125,Robert Sane,robert.sane3125@gmail.com,8363479055,79 Reddy Path,Alappuzha
888,conflicting_information,C00061,"Matched using customer_id, but one or more values conflict",C00061,Anirudh Basak,yahvi.dixit35636@yahoo.com,6738973000,47/73 Shere Marg,Varanasi
889,partial_match,C00020,"Matched using customer_id, but the incoming record has missing values",C00020,Ria Sabharwal,ria.sabharwal20@yahoo.com,,"54/400, Mitra Nagar",Davanagere
890,complete_match,C02632,Matched using customer_id and all available values agree,C02632,Jagdish Hegde,jagdish.hegde2632@example.in,6768424096,10/773 Sura,Lucknow
891,incomplete_match,,Too little reliable information is available,,,,,,Chittoor
892,incomplete_match,,Too little reliable information is available,,,,,,Thoothukudi
893,incomplete_match,,Too little reliable information is available,,Faraj Patil,,,,
894,no_match_new_entity,,No reliable master record was found,N00029,Caleb Mammen,caleb.mammen3029@yahoo.com,6720405678,"65/10, Gera Chowk",Barasat
895,no_match_new_entity,,No reliable master record was found,N00214,Gopal Maharaj,gopal.maharaj3214@hotmail.com,8859508834,"22/72, Pingle Chowk",Ozhukarai
896,complete_match,C02003,Matched using customer_id and all available values agree,C02003,Kevin Sawhney,kevin.sawhney2003@hotmail.com,8773910085,"03/75, Dada Circle",Gaya
897,partial_match,C00449,"Matched using email or phone, but the incoming record has missing values",,DAYITA ANNE,,7876386978,H.No. 65 Sem Circle,Pimpri-Chinchwad
898,no_match_new_entity,,No reliable master record was found,N00233,Yug Rajagopal,yug.rajagopal3233@gmail.com,7121677401,14 Misra Street,Madanapalle
899,incomplete_match,,Too little reliable information is available,,Nikita Som,,,,
900,no_match_new_entity,,No reliable master record was found,N00353,Nidra Padmanabhan,nidra.padmanabhan3353@example.in,7697914023,74/36 Wason Path,Nizamabad
901,partial_match,C00036,"Matched using customer_id, but the incoming record has missing values",C00036,Bhanumati Dave,bhanumati.dave36@example.in,7934658697,,Orai
902,partial_match,C01930,"Matched using name with city/address, but the incoming record has missing values",,Alexander Bajwa,,,"H.No. 60, Raval Zila",Gurgaon
903,conflicting_information,C01883,"Matched using customer_id, but one or more values conflict",C01883,Quincy Chada,diya.memon42184@hotmail.com,6228327357,"51/62, Pall Path",Pune
904,no_match_new_entity,,No reliable master record was found,N00004,Aarav Suresh,aarav.suresh3004@example.in,9801970834,"H.No. 040, Upadhyay Road",Rourkela
905,no_match_new_entity,,No reliable master record was found,N00142,Nandini Bhandari,nandini.bhandari3142@example.in,6721449736,447 Ramanathan Nagar,Nanded
906,conflicting_information,C01600,"Matched using customer_id, but one or more values conflict",C01600,Liam Panchal,liam.panchal1600@hotmail.com,7408856755,"H.No. 46, Borah Ganj",Bhilai
907,no_match_new_entity,,No reliable master record was found,N00027,Ronith Chander,ronith.chander3027@outlook.com,9704958554,H.No. 475 Kale Marg,Thane
908,conflicting_information,C01070,"Matched using customer_id, but one or more values conflict",C01070,Rachana Batra,abeer.sachdeva1070@example.in,8640840463,50/65 Viswanathan Zila,Hosur
909,complete_match,C02463,Matched using customer_id and all available values agree,C02463,Sneha Keer,sneha.keer2463@yahoo.com,8372308855,85/16 Khatri Path,Sagar
910,no_match_new_entity,,No reliable master record was found,N00263,Anmol Kakar,anmol.kakar3263@gmail.com,9419402289,H.No. 462 Sura Circle,Fatehpur
911,partial_match,C02237,"Matched using name with city/address, but the incoming record has missing values",,Zaid Shukla,,,85/446 Dasgupta Road,Bhalswa Jahangir Pur
912,no_match_new_entity,,No reliable master record was found,N00271,Bhavya Kalla,bhavya.kalla3271@gmail.com,9706620252,"84/044, Bains Road",Guwahati
913,partial_match,C00669,"Matched using customer_id, but the incoming record has missing values",C00669,Chakrika Chaudry,,9187302749,,
914,no_match_new_entity,,No reliable master record was found,N00126,Laban Banerjee,laban.banerjee3126@gmail.com,6928051517,00 Das Chowk,Raiganj
915,conflicting_information,C00884,"Matched using customer_id, but one or more values conflict",C00884,Vedant Merchant,vedant.merchant884@gmail.com,9619676249,"H.No. 18, Sankaran Chowk",Davanagere
916,complete_match,C01531,Matched using customer_id and all available values agree,C01531,Pranav Anand,pranav.anand1531@outlook.com,8209869887,"H.No. 76, Singh Chowk",Tiruchirappalli
917,conflicting_information,C00698,"Matched using customer_id, but one or more values conflict",C00698,Nihal Suresh,udant.malhotra95837@example.in,7892640496,431 Tak Nagar,Etawah
918,partial_match,C01294,"Matched using customer_id, but the incoming record has missing values",C01294,Isha Devi,isha.devi1294@outlook.com,,"80/04, Sachdev Chowk",
919,no_match_new_entity,,No reliable master record was found,N00178,Eta Chaudhari,eta.chaudhari3178@outlook.com,8506137593,H.No. 40 Mani Ganj,Pune
920,partial_match,C01703,"Matched using customer_id, but the incoming record has missing values",C01703,Harish Bhalla,,6936433637,"73/55, Baral Road",Raiganj
921,complete_match,C01353,Matched using customer_id and all available values agree,C01353,Jeevika Ravi,jeevika.ravi1353@outlook.com,9486564186,"904, Choudhary Road",Kozhikode
922,incomplete_match,,Too little reliable information is available,,Indrajit Kant,,,,
923,partial_match,C00565,"Matched using name with city/address, but the incoming record has missing values",,Henry Mander,,,,Raiganj
924,conflicting_information,C00587,"Matched using customer_id, but one or more values conflict",C00587,Timothy Sama,umang.parmer587@yahoo.com,9677379590,"H.No. 52, Pal Nagar",Mira-Bhayandar
925,incomplete_match,,Too little reliable information is available,,Zayyan Sarma,,,,
926,no_match_new_entity,,No reliable master record was found,N00198,Om Grover,om.grover3198@outlook.com,7580329243,"804, Sankaran Marg",Jaunpur
927,conflicting_information,C00028,"Matched using customer_id, but one or more values conflict",C00028,Pranit Mangat,pranit.mangat28@yahoo.com,8350637922,841 Biswas Chowk,Naihati
928,complete_match,C00613,Matched using customer_id and all available values agree,C00613,Dhruv Bhargava,dhruv.bhargava613@yahoo.com,8623122407,69/546 Varma Chowk,Pimpri-Chinchwad
929,no_match_new_entity,,No reliable master record was found,N00197,Raksha Goswami,raksha.goswami3197@example.in,8899882840,"H.No. 71, Sinha",Ozhukarai
930,incomplete_match,,Too little reliable information is available,,Bina Raval,,,,
931,complete_match,C02160,Matched using customer_id and all available values agree,C02160,Daniel Raval,daniel.raval2160@yahoo.com,9140832958,518 Dass Zila,Kulti
932,conflicting_information,C01105,"Matched using customer_id, but one or more values conflict",C01105,Siya Chacko,siya.chacko1105@gmail.com,8438113915,"95/516, Bhandari Nagar",Nandyal
933,no_match_new_entity,,No reliable master record was found,N00121,Manan Ganesh,manan.ganesh3121@yahoo.com,7732312447,H.No. 27 Swamy Road,Rajkot
934,incomplete_match,,Too little reliable information is available,,Dayita Anne,,,,
935,partial_match,C00933,"Matched using customer_id, but the incoming record has missing values",C00933,Arin Chanda,arin.chanda933@outlook.com,,,Narasaraopet
936,partial_match,C00371,"Matched using email or phone, but the incoming record has missing values",,,chaman.borra371@gmail.com,6811196577,,Muzaffarpur
937,partial_match,C02608,"Matched using customer_id, but the incoming record has missing values",C02608,Alka Narayanan,alka.narayanan2608@example.in,8727407450,05/38 Sastry Path,
938,partial_match,C02743,"Matched using customer_id, but the incoming record has missing values",C02743,Barkha Varty,,7038273601,H.No. 908 Bains Road,Kottayam
939,no_match_new_entity,,No reliable master record was found,N00143,Vivaan Sekhon,vivaan.sekhon3143@hotmail.com,8236359774,798 Sur Ganj,Satna
940,no_match_new_entity,,No reliable master record was found,N00315,Adya Tak,adya.tak3315@outlook.com,9509047739,"166, Kaur Circle",Bijapur
941,complete_match,C02574,Matched using customer_id and all available values agree,C02574,Ekantika Chakrabarti,ekantika.chakrabarti2574@hotmail.com,9131293183,83/40 Ganesan Street,Kamarhati
942,conflicting_information,C01238,"Matched using customer_id, but one or more values conflict",C01238,Dev Mammen,tanveer.lalla52051@hotmail.com,8615089042,"49, Khosla Nagar",Parbhani
943,no_match_new_entity,,No reliable master record was found,N00357,Gunbir Narayanan,gunbir.narayanan3357@hotmail.com,9331139693,"H.No. 625, Suresh Marg",Junagadh
944,partial_match,C00224,"Matched using name with city/address, but the incoming record has missing values",,Zansi Ganesan,,,,Bhavnagar
945,conflicting_information,C00283,"Matched using customer_id, but one or more values conflict",C00283,Bishakha Chaudhry,ekaja.bhagat62729@example.in,8647645313,30/710 Wadhwa Nagar,Nizamabad
946,conflicting_information,C01082,"Matched using customer_id, but one or more values conflict",C01082,Shivani Dhillon,widisha.om78944@example.in,9812490630,"H.No. 767, Solanki Street",Ratlam
947,complete_match,C02445,Matched using customer_id and all available values agree,C02445,Pratyush Balasubramanian,pratyush.balasubramanian2445@gmail.com,7694500572,947 Chaudhari Circle,Khammam
948,no_match_new_entity,,No reliable master record was found,N00234,Zaitra Narula,zaitra.narula3234@hotmail.com,9584619631,"04/112, Oza Zila",Bijapur
949,partial_match,C02047,"Matched using customer_id, but the incoming record has missing values",C02047,Ekansh Wagle,,8318512194,"26, Vohra Nagar",Mumbai
950,partial_match,C02989,"Matched using customer_id, but the incoming record has missing values",C02989,Lila Om,lila.om2989@yahoo.com,9936390894,,
951,complete_match,C01291,Matched using customer_id and all available values agree,C01291,Ekaraj Chacko,ekaraj.chacko1291@hotmail.com,7347021788,"80/460, Balakrishnan",Erode
952,partial_match,C01774,"Matched using customer_id, but the incoming record has missing values",C01774,Gopal Talwar,gopal.talwar1774@example.in,,,Thane
953,partial_match,C00003,"Matched using customer_id, but the incoming record has missing values",C00003,Daksha Pai,daksha.pai3@outlook.com,7186826128,"09/236, Krishnan Street",
954,incomplete_match,,Too little reliable information is available,,Jeremiah Mukhopadhyay,,,,
955,no_match_new_entity,,No reliable master record was found,N00225,Sudiksha Apte,sudiksha.apte3225@gmail.com,7719800150,"01/664, Bhat Nagar",Gandhinagar
956,partial_match,C00042,"Matched using customer_id, but the incoming record has missing values",C00042,Matthew Gokhale,matthew.gokhale42@gmail.com,,,
957,partial_match,C01494,"Matched using customer_id, but the incoming record has missing values",C01494,Krishna Das,,7041775003,"H.No. 145, Bose Ganj",Sangli-Miraj & Kupwad
958,partial_match,C02291,"Matched using customer_id, but the incoming record has missing values",C02291,Azad Aurora,azad.aurora2291@gmail.com,7350574647,,
959,partial_match,C00468,"Matched using customer_id, but the incoming record has missing values",C00468,Timothy Magar,timothy.magar468@yahoo.com,,25/475 Balasubramanian Street,Gandhinagar
960,partial_match,C00606,"Matched using customer_id, but the incoming record has missing values",C00606,Rayaan Mohan,,9691893708,"H.No. 73, Shetty Road",
961,complete_match,C01920,Matched using customer_id and all available values agree,C01920,Inaya Kulkarni,inaya.kulkarni1920@example.in,9838895729,"H.No. 36, Puri Ganj",Shimoga
962,partial_match,C00576,"Matched using email or phone, but the incoming record has missing values",,,nitara.sane576@gmail.com,6376524256,,Durgapur
963,conflicting_information,C00138,"Matched using customer_id, but one or more values conflict",C00138,Vihaan Dass,vihaan.dass138@gmail.com,6460540597,H.No. 21 Kapoor Street,Rohtak
964,partial_match,C01981,"Matched using name with city/address, but the incoming record has missing values",,Eesha Bains,,,,Panipat
965,partial_match,C02571,"Matched using name with city/address, but the incoming record has missing values",,Qushi Naidu,,,21 Choudhry Nagar,Jamshedpur
966,complete_match,C02406,Matched using customer_id and all available values agree,C02406,Ekiya Agate,ekiya.agate2406@gmail.com,8540191093,"H.No. 75, Luthra Nagar",Phagwara
967,partial_match,C01542,"Matched using customer_id, but the incoming record has missing values",C01542,Harshil Dass,,6367578051,,Dhanbad
968,no_match_new_entity,,No reliable master record was found,N00294,Anvi Patla,anvi.patla3294@outlook.com,8448056337,71/36 Datta Marg,Bihar Sharif
969,complete_match,C02272,Matched using customer_id and all available values agree,C02272,Amrita Sampath,amrita.sampath2272@yahoo.com,7590014742,19/720 Mukhopadhyay Zila,Bangalore
970,complete_match,C02663,Matched using customer_id and all available values agree,C02663,Mohini Kamdar,mohini.kamdar2663@outlook.com,8967977302,28/19 Madan Path,Amravati
971,incomplete_match,,Too little reliable information is available,,,,,,Tenali
972,partial_match,C01293,"Matched using customer_id, but the incoming record has missing values",C01293,Nimrat Baria,,6333115084,035 Madan Nagar,Madurai
973,partial_match,C02783,"Matched using customer_id, but the incoming record has missing values",C02783,Pranit Yogi,pranit.yogi2783@gmail.com,,,
974,no_match_new_entity,,No reliable master record was found,N00257,Kavya Shenoy,kavya.shenoy3257@hotmail.com,6857345575,"H.No. 95, Butala Chowk",Gaya
975,incomplete_match,,Too little reliable information is available,,Chandran Swamy,,,,
976,complete_match,C00879,Matched using customer_id and all available values agree,C00879,Chaitanya Gole,chaitanya.gole879@yahoo.com,9729065609,"117, Date Path",Hapur
977,no_match_new_entity,,No reliable master record was found,N00037,Bachittar Sarin,bachittar.sarin3037@outlook.com,6952991841,"34/65, Srivastava Circle",Delhi
978,no_match_new_entity,,No reliable master record was found,N00102,Maanav Aggarwal,maanav.aggarwal3102@yahoo.com,9102190270,71/54 Zachariah Street,Gurgaon
979,incomplete_match,,Too little reliable information is available,,,,,,
980,partial_match,C02022,"Matched using customer_id, but the incoming record has missing values",C02022,Abeer Prashad,,,,Davanagere
981,partial_match,C02527,"Matched using customer_id, but the incoming record has missing values",C02527,Ekaraj Sami,,,,Vijayawada
982,partial_match,C00346,"Matched using customer_id, but the incoming record has missing values",C00346,Jackson Agrawal,jackson.agrawal346@example.in,9178345767,,
983,conflicting_information,C02698,"Matched using customer_id, but one or more values conflict",C02698,Bahadurjit Jhaveri,bahadurjit.jhaveri2698@example.in,6487318478,H.No. 14 Sekhon Chowk,Pallavaram
984,complete_match,C02479,Matched using customer_id and all available values agree,C02479,Ucchal More,ucchal.more2479@hotmail.com,9843550663,"61, Dutta Road",Mehsana
985,complete_match,C02434,Matched using customer_id and all available values agree,C02434,Nikita Som,nikita.som2434@example.in,8362326342,"10, Lala Nagar",Anantapuram
986,complete_match,C02821,Matched using customer_id and all available values agree,C02821,Yahvi Natarajan,yahvi.natarajan2821@example.in,7311613241,"614, Ramachandran Marg",Naihati
987,complete_match,C00887,Matched using customer_id and all available values agree,C00887,Siddharth Rao,siddharth.rao887@outlook.com,8393648846,"448, Pingle Marg",Thanjavur
988,partial_match,C02442,"Matched using email or phone, but the incoming record has missing values",,,ekta.ramachandran2442@hotmail.com,6494312308,,Ratlam
989,no_match_new_entity,,No reliable master record was found,N00221,Gagan Varty,gagan.varty3221@outlook.com,8910533888,"H.No. 580, Malhotra Path",Dibrugarh
990,complete_match,C01254,Matched using customer_id and all available values agree,C01254,Janaki Bhavsar,janaki.bhavsar1254@example.in,9513860184,H.No. 131 Chandran Chowk,Nadiad
991,partial_match,C02473,"Matched using customer_id, but the incoming record has missing values",C02473,Ishita Chahal,,6539494372,,
992,incomplete_match,,Too little reliable information is available,,Om Pandya,,,,
993,complete_match,C00071,Matched using customer_id and all available values agree,C00071,Qarin Dada,qarin.dada71@example.in,9918738121,"H.No. 64, Madan Street",Gandhinagar
994,incomplete_match,,Too little reliable information is available,,,,,,
995,partial_match,C00024,"Matched using name with city/address, but the incoming record has missing values",,Hemal Boase,,,"H.No. 814, Purohit",Hosur
996,complete_match,C01529,Matched using customer_id and all available values agree,C01529,Kevin Mannan,kevin.mannan1529@yahoo.com,8082066985,H.No. 142 Raju Road,Muzaffarpur
997,complete_match,C01304,Matched using customer_id and all available values agree,C01304,Yochana Choudhary,yochana.choudhary1304@example.in,9587289853,"08/41, Shroff Road",Panchkula
998,no_match_new_entity,,No reliable master record was found,N00117,Keya Chakrabarti,keya.chakrabarti3117@gmail.com,8580751261,"614, Jhaveri Nagar",Nellore
999,incomplete_match,,Too little reliable information is available,,Chandani Deo,,,,
1000,partial_match,C01556,"Matched using customer_id, but the incoming record has missing values",C01556,Daniel Badal,daniel.badal1556@example.in,6008218920,,
1001,no_match_new_entity,,No reliable master record was found,N00298,Hema Dalal,hema.dalal3298@outlook.com,8582916178,25 Kakar Chowk,Tezpur
1002,partial_match,C02770,"Matched using customer_id, but the incoming record has missing values",C02770,Neel Tak,neel.tak2770@hotmail.com,6138695080,"58, Kapoor Chowk",
1003,conflicting_information,C02180,"Matched using customer_id, but one or more values conflict",C02180,Aryan Trivedi,abhiram.vasa62416@hotmail.com,9627612326,H.No. 11 Narayan Marg,Hindupur
1004,partial_match,C00951,"Matched using customer_id, but the incoming record has missing values",C00951,Tanay Kashyap,tanay.kashyap951@gmail.com,,"H.No. 22, Varty Path",
1005,partial_match,C02145,"Matched using customer_id, but the incoming record has missing values",C02145,Oscar Wali,,8701812311,,Kanpur
1006,no_match_new_entity,,No reliable master record was found,N00156,Aishani Prakash,aishani.prakash3156@example.in,9131236967,"H.No. 878, Pradhan Road",Tadepalligudem
1007,complete_match,C00766,Matched using customer_id and all available values agree,C00766,Kritika Sule,kritika.sule766@yahoo.com,6215240978,"H.No. 710, Raja Nagar",Muzaffarnagar
1008,partial_match,C02716,"Matched using customer_id, but the incoming record has missing values",C02716,Eshana Sandal,,,,Tiruppur
1009,conflicting_information,C00583,"Matched using customer_id, but one or more values conflict",C00583,Qabil Swaminathan,qabil.swaminathan583@example.in,7750345045,"45/98, Hans Road",Barasat
1010,complete_match,C02556,Matched using customer_id and all available values agree,C02556,Meera Kale,meera.kale2556@gmail.com,8501308511,"H.No. 71, Bassi Ganj",Fatehpur
1011,partial_match,C00994,"Matched using customer_id, but the incoming record has missing values",C00994,Qadim Chakraborty,qadim.chakraborty994@outlook.com,,,
1012,complete_match,C02728,Matched using customer_id and all available values agree,C02728,Lucky Deep,lucky.deep2728@hotmail.com,9366609532,55/95 Magar Ganj,Nanded
1013,complete_match,C00331,Matched using customer_id and all available values agree,C00331,Yochana Wason,yochana.wason331@example.in,9170863771,801 Devan Road,Panipat
1014,conflicting_information,C02760,"Matched using customer_id, but one or more values conflict",C02760,Arin Hora,tanay.hayer34818@yahoo.com,7361370926,"14/405, Sinha Marg",Junagadh
1015,conflicting_information,C01700,"Matched using customer_id, but one or more values conflict",C01700,Michael Barad,michael.barad1700@yahoo.com,7967442000,"33/55, Narain Nagar",New Delhi
1016,conflicting_information,C01024,"Matched using customer_id, but one or more values conflict",C01024,Qabil Sarraf,qabil.sarraf1024@example.in,9168171876,542 Ramachandran Chowk,Raurkela Industrial Township
1017,partial_match,C00309,"Matched using customer_id, but the incoming record has missing values",C00309,Inaya Mohan,inaya.mohan309@outlook.com,9728654525,,
1018,conflicting_information,C01078,"Matched using customer_id, but one or more values conflict",C01078,Harrison Sanghvi,harrison.sanghvi1078@yahoo.com,7360744801,"H.No. 33, Ram Street",Mysore
1019,no_match_new_entity,,No reliable master record was found,N00075,Anirudh Khurana,anirudh.khurana3075@outlook.com,6151920459,66 Chahal Chowk,Davanagere
1020,no_match_new_entity,,No reliable master record was found,N00049,Hemani Wali,hemani.wali3049@outlook.com,7337902927,H.No. 711 Madan,Dharmavaram
1021,partial_match,C00057,"Matched using email or phone, but the incoming record has missing values",,,mitali.ramaswamy57@example.in,9778074582,,Raurkela Industrial Township
1022,complete_match,C02209,Matched using customer_id and all available values agree,C02209,Vincent Mutti,vincent.mutti2209@hotmail.com,9251445922,"H.No. 31, Behl Zila",Bikaner
1023,conflicting_information,C02275,"Matched using customer_id, but one or more values conflict",C02275,Peter Vohra,matthew.sodhi2275@gmail.com,6695313896,"27, Bakshi Street",Bokaro
1024,partial_match,C00677,"Matched using name with city/address, but the incoming record has missing values",,Divya Aggarwal,,,,Tezpur
1025,no_match_new_entity,,No reliable master record was found,N00042,Tanish Parmar,tanish.parmar3042@hotmail.com,7194013721,"026, Rana Road",Bhagalpur
1026,partial_match,C01201,"Matched using customer_id, but the incoming record has missing values",C01201,Ekalinga Kashyap,ekalinga.kashyap1201@example.in,,,
1027,conflicting_information,C00756,"Matched using customer_id, but one or more values conflict",C00756,Aachal Chaudhary,aachal.chaudhary756@outlook.com,8149105134,25 Kari Chowk,Darbhanga
1028,conflicting_information,C00673,"Matched using customer_id, but one or more values conflict",C00673,Brijesh Misra,idika.naidu673@outlook.com,6858514092,H.No. 502 Mammen Nagar,Srikakulam
1029,no_match_new_entity,,No reliable master record was found,N00128,Bishakha Gupta,bishakha.gupta3128@yahoo.com,8496288522,83 Tak Zila,Bhalswa Jahangir Pur
1030,partial_match,C00018,"Matched using email or phone, but the incoming record has missing values",,,gayathri.nayak18@hotmail.com,7326555199,,Gudivada
1031,complete_match,C00682,Matched using customer_id and all available values agree,C00682,Zashil Babu,zashil.babu682@gmail.com,8034952570,"869, Mani Chowk",Belgaum
1032,no_match_new_entity,,No reliable master record was found,N00172,Chandran Solanki,chandran.solanki3172@example.in,7832430917,60/01 Choudhry Nagar,Dehri
1033,incomplete_match,,Too little reliable information is available,,Abha Gokhale,,,,
1034,no_match_new_entity,,No reliable master record was found,N00309,Imaran Ray,imaran.ray3309@yahoo.com,9922634670,861 Kari Path,Motihari
1035,partial_match,C01650,"Matched using customer_id, but the incoming record has missing values",C01650,Balvan Borde,,,,Akola
1036,no_match_new_entity,,No reliable master record was found,N00253,Raghav Gopal,raghav.gopal3253@gmail.com,6596547521,"957, Sarna Road",Coimbatore
1037,incomplete_match,,Too little reliable information is available,,Kala Tripathi,,,,
1038,partial_match,C02732,"Matched using customer_id, but the incoming record has missing values",C02732,Zaid Sani,,8521894940,,
1039,incomplete_match,,Too little reliable information is available,,,,,,Panvel
1040,no_match_new_entity,,No reliable master record was found,N00319,Ranbir Bajaj,ranbir.bajaj3319@example.in,8497533562,484 Modi Zila,Durg
1041,partial_match,C00139,"Matched using customer_id, but the incoming record has missing values",C00139,Vrinda Pathak,,8014057369,370 Khalsa Ganj,
1042,conflicting_information,C01350,"Matched using customer_id, but one or more values conflict",C01350,Pavani Bhagat,wriddhish.chana1350@gmail.com,7157124930,"82, Sibal Path",Loni
1043,no_match_new_entity,,No reliable master record was found,N00103,Anya Bahri,anya.bahri3103@example.in,9325981582,"60, Narasimhan Marg",Ujjain
1044,partial_match,C01525,"Matched using customer_id, but the incoming record has missing values",C01525,Chandran Pradhan,,7797527488,"773, Sinha Path",
1045,partial_match,C01062,"Matched using customer_id, but the incoming record has missing values",C01062,Jacob Rao,,6796812927,"H.No. 309, Karnik Street",
1046,incomplete_match,,Too little reliable information is available,,,,,,
1047,partial_match,C01462,"Matched using customer_id, but the incoming record has missing values",C01462,Advik Goel,advik.goel1462@gmail.com,9612735197,,
1048,no_match_new_entity,,No reliable master record was found,N00182,Bakhshi Pradhan,bakhshi.pradhan3182@yahoo.com,7739318386,"32, Dua Nagar",Jamshedpur
1049,partial_match,C00243,"Matched using customer_id, but the incoming record has missing values",C00243,Adya Varma,,,"61/597, D’Alia Circle",
1050,partial_match,C00813,"Matched using customer_id, but the incoming record has missing values",C00813,Oviya Saini,oviya.saini813@hotmail.com,,"H.No. 68, Wagle Zila",Bharatpur
1051,complete_match,C02494,Matched using customer_id and all available values agree,C02494,Jagdish Sahota,jagdish.sahota2494@yahoo.com,9536571137,48/759 Devan Path,Narasaraopet
1052,conflicting_information,C00946,"Matched using customer_id, but one or more values conflict",C00946,Indira Parikh,ekapad.kunda946@gmail.com,6644205757,"510, Krishnan",Nashik
1053,no_match_new_entity,,No reliable master record was found,N00186,Jatin Mangat,jatin.mangat3186@yahoo.com,9077067662,H.No. 962 Sheth Circle,Avadi
1054,no_match_new_entity,,No reliable master record was found,N00337,Ria Buch,ria.buch3337@hotmail.com,6216677048,"08/903, Bali Street",Giridih
1055,partial_match,C02019,"Matched using customer_id, but the incoming record has missing values",C02019,Vivaan Tandon,,7663974591,"362, Madan Zila",
1056,no_match_new_entity,,No reliable master record was found,N00279,Henry Palan,henry.palan3279@hotmail.com,9954296956,H.No. 222 Kohli Zila,Amaravati
1057,partial_match,C01685,"Matched using customer_id, but the incoming record has missing values",C01685,Wriddhish Ramesh,,,,Srikakulam
1058,complete_match,C02081,Matched using customer_id and all available values agree,C02081,Vyanjana Apte,vyanjana.apte2081@yahoo.com,7712911296,"851, Raval Nagar",Mira-Bhayandar
1059,conflicting_information,C02636,"Matched using customer_id, but one or more values conflict",C02636,Shivansh Krishnamurthy,wazir.sachdev2636@example.in,9099477503,"663, Brar Chowk",Lucknow
1060,complete_match,C01786,Matched using customer_id and all available values agree,C01786,Nimrat Nadkarni,nimrat.nadkarni1786@gmail.com,6635005313,58/25 Dutt Road,Asansol
1061,conflicting_information,C02856,"Matched using customer_id, but one or more values conflict",C02856,Dalbir Hayer,ira.sura2856@hotmail.com,7190586760,"17/74, Dugar Street",Mumbai
1062,complete_match,C00116,Matched using customer_id and all available values agree,C00116,Aarna Patla,aarna.patla116@example.in,6257538112,H.No. 46 Khurana,Kolkata
1063,partial_match,C02088,"Matched using customer_id, but the incoming record has missing values",C02088,Omya Deep,,,"78/507, Kapoor Ganj",
1064,partial_match,C00429,"Matched using customer_id, but the incoming record has missing values",C00429,Ikbal Agrawal,,,,Anantapuram
1065,conflicting_information,C00626,"Matched using customer_id, but one or more values conflict",C00626,Orinder Walia,alexander.memon626@hotmail.com,7733223511,83 Vig Street,Suryapet
1066,partial_match,C00535,"Matched using name with city/address, but the incoming record has missing values",,Vanya Dara,,,,Gandhidham
1067,partial_match,C00872,"Matched using customer_id, but the incoming record has missing values",C00872,Meera Nigam,meera.nigam872@outlook.com,8104904045,61 Barad Nagar,
1068,partial_match,C01016,"Matched using customer_id, but the incoming record has missing values",C01016,Urvashi Raval,urvashi.raval1016@yahoo.com,9677711723,,Ahmednagar
1069,complete_match,C00500,Matched using customer_id and all available values agree,C00500,Liam Borra,liam.borra500@yahoo.com,9933518254,"82/551, Om Path",Warangal
1070,complete_match,C00918,Matched using customer_id and all available values agree,C00918,Daniel Barad,daniel.barad918@hotmail.com,9408099424,06 Sood,Rajahmundry
1071,no_match_new_entity,,No reliable master record was found,N00232,Jairaj Prabhakar,jairaj.prabhakar3232@hotmail.com,6956767091,95 Ratti Zila,Avadi
1072,conflicting_information,C02201,"Matched using customer_id, but one or more values conflict",C02201,Indali Magar,bhavika.jayaraman92834@gmail.com,9541791241,"H.No. 945, Andra Path",Firozabad
1073,no_match_new_entity,,No reliable master record was found,N00305,Advaith Arya,advaith.arya3305@outlook.com,7808037929,"675, Bansal Circle",Vijayawada
1074,partial_match,C02445,"Matched using customer_id, but the incoming record has missing values",C02445,Pratyush Balasubramanian,,7694500572,,
1075,partial_match,C02463,"Matched using customer_id, but the incoming record has missing values",C02463,Sneha Keer,,8372308855,85/16 Khatri Path,Sagar
1076,partial_match,C02179,"Matched using email or phone, but the incoming record has missing values",,vedant shanker,vedant.shanker2179@outlook.com,,"48/32, Patil Chowk",Saharanpur
1077,conflicting_information,C00481,"Matched using customer_id, but one or more values conflict",C00481,Lajita Thakur,lajita.thakur481@hotmail.com,9423890961,"H.No. 659, Bhasin Path",Bokaro
1078,complete_match,C00217,Matched using customer_id and all available values agree,C00217,Ekansh Dhingra,ekansh.dhingra217@yahoo.com,7438751747,"40, Kala Street",Baranagar
1079,conflicting_information,C00926,"Matched using customer_id, but one or more values conflict",C00926,Amruta Wali,nirja.soni44612@example.in,8645026347,H.No. 40 Dalal Road,Sonipat
1080,conflicting_information,C00111,"Matched using customer_id, but one or more values conflict",C00111,Warhi Kaul,warhi.kaul111@gmail.com,6201226959,"30/394, Dada Ganj",Ghaziabad
1081,conflicting_information,C02752,"Matched using customer_id, but one or more values conflict",C02752,Madhav Kari,urvi.pal2752@gmail.com,6925364913,H.No. 58 Bhatnagar Path,Kadapa
1082,no_match_new_entity,,No reliable master record was found,N00321,Jackson Dugar,jackson.dugar3321@gmail.com,8638617583,"95/412, Borah",Chinsurah
1083,partial_match,C02297,"Matched using customer_id, but the incoming record has missing values",C02297,Triya Badal,,9785610346,H.No. 28 Wali Ganj,Bhusawal
1084,complete_match,C01357,Matched using customer_id and all available values agree,C01357,Rehaan Kakar,rehaan.kakar1357@example.in,7092381812,H.No. 40 Korpal Zila,Etawah
1085,partial_match,C02322,"Matched using customer_id, but the incoming record has missing values",C02322,Urishilla Patil,,,,Barasat
1086,complete_match,C02250,Matched using customer_id and all available values agree,C02250,Vasatika Nadig,vasatika.nadig2250@gmail.com,6727525336,"65, Ravel Zila",Phusro
1087,no_match_new_entity,,No reliable master record was found,N00081,Pranav Tella,pranav.tella3081@hotmail.com,6289521654,"53, Sachdeva Zila",Phagwara
1088,partial_match,C01729,"Matched using name with city/address, but the incoming record has missing values",,George Deol,,,"H.No. 914, Mall Street",Morbi
1089,incomplete_match,,Too little reliable information is available,,,,,,
1090,conflicting_information,C00574,"Matched using customer_id, but one or more values conflict",C00574,Gayathri Chaudhuri,gayathri.chaudhuri574@outlook.com,8336860258,"15/89, Thakkar",Nizamabad
1091,conflicting_information,C00748,"Matched using customer_id, but one or more values conflict",C00748,Ekiya Chaudhry,ekiya.chaudhry748@example.in,9565001818,"407, Setty Street",Tinsukia
1092,no_match_new_entity,,No reliable master record was found,N00066,Amara Lanka,amara.lanka3066@outlook.com,6139198105,"H.No. 64, Chad",Tumkur
1093,complete_match,C00043,Matched using customer_id and all available values agree,C00043,Gunbir Banerjee,gunbir.banerjee43@gmail.com,6883016525,"H.No. 848, Sharaf Circle",Lucknow
1094,incomplete_match,,Too little reliable information is available,,Chakradhar Hayer,,,,
1095,incomplete_match,,Too little reliable information is available,,,,,,
1096,incomplete_match,,Too little reliable information is available,,Ijaya Sidhu,,,,
1097,conflicting_information,C02713,"Matched using customer_id, but one or more values conflict",C02713,Eiravati Sant,ethan.kaul2713@hotmail.com,8981382905,"H.No. 29, Kara Street",Bikaner
1098,complete_match,C02809,Matched using customer_id and all available values agree,C02809,Madhavi Kohli,madhavi.kohli2809@example.in,7299041172,"95/35, Natarajan Path",Salem
1099,partial_match,C00329,"Matched using customer_id, but the incoming record has missing values",C00329,Damyanti Wadhwa,damyanti.wadhwa329@hotmail.com,7994363665,,Kolhapur
1100,conflicting_information,C00289,"Matched using customer_id, but one or more values conflict",C00289,Darika Grewal,darika.grewal289@outlook.com,8531967569,H.No. 713 Oak Circle,Udupi
1101,complete_match,C00604,Matched using customer_id and all available values agree,C00604,Arjun Rajan,arjun.rajan604@outlook.com,7189778247,"197, Bal Zila",Madhyamgram
1102,partial_match,C00886,"Matched using email or phone, but the incoming record has missing values",,,harish.virk886@hotmail.com,8058804837,,Raebareli
1103,partial_match,C01260,"Matched using customer_id, but the incoming record has missing values",C01260,Vedant Nath,vedant.nath1260@yahoo.com,,,
1104,no_match_new_entity,,No reliable master record was found,N00295,Faris Rai,faris.rai3295@example.in,6640176420,18 Shetty Chowk,Bharatpur
1105,partial_match,C00407,"Matched using customer_id, but the incoming record has missing values",C00407,Kabir Dalal,,9309885607,"H.No. 676, Sampath Marg",Gurgaon
1106,no_match_new_entity,,No reliable master record was found,N00135,Jeevika Jain,jeevika.jain3135@example.in,7681787243,06 Lalla Zila,Vijayanagaram
1107,conflicting_information,C02137,"Matched using customer_id, but one or more values conflict",C02137,Atharv Soni,sarthak.date2137@gmail.com,8710610746,401 Ganesan Road,Bijapur
1108,conflicting_information,C00606,"Matched using customer_id, but one or more values conflict",C00606,Thomas Parmer,rayaan.mohan606@example.in,9691893708,"H.No. 73, Shetty Road",Muzaffarpur
1109,partial_match,C00841,"Matched using customer_id, but the incoming record has missing values",C00841,Bhavika Lala,,,"H.No. 734, Jayaraman Path",
1110,no_match_new_entity,,No reliable master record was found,N00114,Xavier Tata,xavier.tata3114@hotmail.com,8604216681,322 Saran Zila,Gandhinagar
1111,complete_match,C02778,Matched using customer_id and all available values agree,C02778,Charan Sethi,charan.sethi2778@gmail.com,6184218734,59/712 Nayak Nagar,Baranagar
1112,partial_match,C01997,"Matched using customer_id, but the incoming record has missing values",C01997,Pranit Dey,pranit.dey1997@example.in,,,
1113,conflicting_information,C02643,"Matched using customer_id, but one or more values conflict",C02643,Eshana Dewan,eshana.dewan2643@hotmail.com,6076972612,H.No. 189 Sarma,Bidhannagar
1114,no_match_new_entity,,No reliable master record was found,N00273,Dalaja Dhillon,dalaja.dhillon3273@gmail.com,9603823309,86/25 Andra,Meerut
1115,no_match_new_entity,,No reliable master record was found,N00036,Keya Roy,keya.roy3036@example.in,8660291486,"H.No. 83, Ahluwalia Road",Vasai-Virar
1116,no_match_new_entity,,No reliable master record was found,N00400,Yochana Chana,yochana.chana3400@hotmail.com,6756416465,"58, Mannan Street",Kolhapur
1117,conflicting_information,C01894,"Matched using customer_id, but one or more values conflict",C01894,Harshil Sani,harshil.sani1894@yahoo.com,9704486191,H.No. 836 Gulati Circle,Orai
1118,conflicting_information,C01484,"Matched using customer_id, but one or more values conflict",C01484,Tanmayi Johal,omaja.barad1484@hotmail.com,8555182033,"H.No. 81, Ghose Marg",Sasaram
1119,complete_match,C02608,Matched using customer_id and all available values agree,C02608,Alka Narayanan,alka.narayanan2608@example.in,8727407450,05/38 Sastry Path,Agartala
1120,conflicting_information,C01360,"Matched using customer_id, but one or more values conflict",C01360,Jagat Borah,tarak.ramakrishnan88034@example.in,6434512456,"83/908, Mitra Circle",Buxar
1121,partial_match,C00774,"Matched using customer_id, but the incoming record has missing values",C00774,Qabil Hegde,qabil.hegde774@hotmail.com,,"665, Bhardwaj Circle",Sasaram
1122,incomplete_match,,Too little reliable information is available,,Aradhana Devan,,,,
1123,conflicting_information,C00846,"Matched using customer_id, but one or more values conflict",C00846,Suhani Kari,suhani.kari846@outlook.com,6971053894,030 Sagar Zila,Haridwar
1124,incomplete_match,,Too little reliable information is available,,Hredhaan Tak,,,,
1125,complete_match,C00757,Matched using customer_id and all available values agree,C00757,Mekhala Dugal,mekhala.dugal757@hotmail.com,8420616717,"669, Venkatesh Path",Pondicherry
1126,partial_match,C00881,"Matched using customer_id, but the incoming record has missing values",C00881,Sai Date,,9797249849,,
1127,complete_match,C00917,Matched using customer_id and all available values agree,C00917,Abhiram Sandal,abhiram.sandal917@outlook.com,8295489900,"74/526, Bansal Ganj",Chittoor
1128,partial_match,C00444,"Matched using customer_id, but the incoming record has missing values",C00444,Damini Sandhu,damini.sandhu444@outlook.com,,,
1129,complete_match,C00420,Matched using customer_id and all available values agree,C00420,Qabil Pandey,qabil.pandey420@gmail.com,9155184164,"83/148, Borra Zila",Srinagar
1130,incomplete_match,,Too little reliable information is available,,,,,,
1131,no_match_new_entity,,No reliable master record was found,N00022,Gopal Acharya,gopal.acharya3022@yahoo.com,6189054348,351 Sama Street,Warangal
1132,no_match_new_entity,,No reliable master record was found,N00303,Dominic Contractor,dominic.contractor3303@example.in,8179473590,"H.No. 57, Upadhyay Ganj",Agartala
1133,incomplete_match,,Too little reliable information is available,,,,,,
1134,no_match_new_entity,,No reliable master record was found,N00262,Aarna Das,aarna.das3262@hotmail.com,6590538092,09/61 Sagar Road,Pudukkottai
1135,incomplete_match,,Too little reliable information is available,,Xalak Jha,,,,
1136,incomplete_match,,Too little reliable information is available,,,,,,
1137,no_match_new_entity,,No reliable master record was found,N00133,Jai Sarin,jai.sarin3133@yahoo.com,8159513975,"67/535, Nori Path",Thoothukudi
1138,conflicting_information,C02379,"Matched using customer_id, but one or more values conflict",C02379,Peter Raj,leena.subramanian2379@gmail.com,9079963819,21 Butala Road,Jodhpur
1139,conflicting_information,C00612,"Matched using customer_id, but one or more values conflict",C00612,Xiti Raja,tripti.doctor612@yahoo.com,6841118158,"770, Krishna Path",Hazaribagh
1140,conflicting_information,C02154,"Matched using customer_id, but one or more values conflict",C02154,Meghana Seth,ladli.borde29000@gmail.com,7785035338,66/891 Lanka Ganj,Ichalkaranji
1141,partial_match,C02826,"Matched using customer_id, but the incoming record has missing values",C02826,Falak Arya,,7527842372,"867, Gupta Ganj",Bally
1142,complete_match,C02330,Matched using customer_id and all available values agree,C02330,Faqid Ghosh,faqid.ghosh2330@example.in,7157007474,"H.No. 53, Sandal Ganj",Dewas
1143,no_match_new_entity,,No reliable master record was found,N00043,Maanas Chhabra,maanas.chhabra3043@gmail.com,9735111028,23 Misra Circle,Kadapa
1144,no_match_new_entity,,No reliable master record was found,N00393,Sachi Anand,sachi.anand3393@yahoo.com,7826914458,"74/367, Dave Road",Rajpur Sonarpur
1145,complete_match,C02149,Matched using customer_id and all available values agree,C02149,Elijah Mohan,elijah.mohan2149@outlook.com,9276607172,"85, Mangal Zila",Nanded
1146,conflicting_information,C01622,"Matched using customer_id, but one or more values conflict",C01622,Raagini Pall,raagini.pall1622@outlook.com,6267887554,92/23 Sant Zila,Kalyan-Dombivli
1147,complete_match,C02847,Matched using customer_id and all available values agree,C02847,Yachana Keer,yachana.keer2847@example.in,9813355164,02/53 Behl Zila,Jammu
1148,complete_match,C02591,Matched using customer_id and all available values agree,C02591,Raghav Sekhon,raghav.sekhon2591@example.in,8626519697,"H.No. 32, Deep Nagar",Baranagar
1149,complete_match,C00634,Matched using customer_id and all available values agree,C00634,Gagan Gandhi,gagan.gandhi634@yahoo.com,7735130060,"86/15, Bail",Bhavnagar
1150,no_match_new_entity,,No reliable master record was found,N00031,Omaja Chander,omaja.chander3031@example.in,8342960724,"19, Cherian Chowk",Dhanbad
1151,no_match_new_entity,,No reliable master record was found,N00276,Warjas Devi,warjas.devi3276@example.in,6915889624,"H.No. 07, Parmar Circle",Guntur
1152,no_match_new_entity,,No reliable master record was found,N00286,Warinder Bera,warinder.bera3286@hotmail.com,9870716659,"50/622, Nayar",Shimla
1153,complete_match,C00533,Matched using customer_id and all available values agree,C00533,Nihal Subramaniam,nihal.subramaniam533@outlook.com,7492512349,30/761 Pingle Chowk,Tinsukia
1154,complete_match,C00935,Matched using customer_id and all available values agree,C00935,Anita Handa,anita.handa935@gmail.com,7900026461,24 Biswas Path,Kishanganj
1155,partial_match,C00818,"Matched using customer_id, but the incoming record has missing values",C00818,Chameli Tripathi,,7108852843,"59/601, Kala Chowk",Visakhapatnam
1156,complete_match,C02288,Matched using customer_id and all available values agree,C02288,Jyoti Rau,jyoti.rau2288@example.in,9141004336,74/754 Purohit Ganj,Kalyan-Dombivli
1157,partial_match,C00487,"Matched using customer_id, but the incoming record has missing values",C00487,Hredhaan Badami,hredhaan.badami487@hotmail.com,,"397, De Street",Morena
1158,no_match_new_entity,,No reliable master record was found,N00384,Abha Chahal,abha.chahal3384@gmail.com,9138545130,H.No. 19 Puri,Coimbatore
1159,no_match_new_entity,,No reliable master record was found,N00266,Rushil Swaminathan,rushil.swaminathan3266@gmail.com,7165937955,"24/98, Ahluwalia Nagar",Warangal
1160,partial_match,C01756,"Matched using customer_id, but the incoming record has missing values",C01756,Shravya Kapadia,shravya.kapadia1756@gmail.com,8897406268,,Muzaffarnagar
1161,no_match_new_entity,,No reliable master record was found,N00181,Jackson Rattan,jackson.rattan3181@outlook.com,8172540045,"H.No. 565, Bhardwaj Chowk",Panvel
1162,partial_match,C02035,"Matched using customer_id, but the incoming record has missing values",C02035,Mitesh Parikh,mitesh.parikh2035@gmail.com,7642129537,"H.No. 298, Bhakta",
1163,partial_match,C02651,"Matched using customer_id, but the incoming record has missing values",C02651,Radhika Rajagopalan,radhika.rajagopalan2651@yahoo.com,6402418622,,
1164,incomplete_match,,Too little reliable information is available,,Panini Sathe,,,,
1165,complete_match,C01031,Matched using customer_id and all available values agree,C01031,Mitali Sura,mitali.sura1031@outlook.com,6960697678,93/37 Gole,Bhatpara
1166,complete_match,C01489,Matched using customer_id and all available values agree,C01489,Orinder Shetty,orinder.shetty1489@gmail.com,9074830504,H.No. 68 Buch Ganj,Satara
1167,incomplete_match,,Too little reliable information is available,,Dalaja Misra,,,,
1168,incomplete_match,,Too little reliable information is available,,Hredhaan Badami,,,,
1169,partial_match,C02648,"Matched using customer_id, but the incoming record has missing values",C02648,Aishani Agarwal,aishani.agarwal2648@hotmail.com,,H.No. 239 Goel Chowk,
1170,no_match_new_entity,,No reliable master record was found,N00144,Rachana Ramanathan,rachana.ramanathan3144@hotmail.com,9715170716,"67/237, Mannan Road",Rourkela
1171,partial_match,C00273,"Matched using customer_id, but the incoming record has missing values",C00273,Jeet Shenoy,jeet.shenoy273@gmail.com,,"81/34, Mohan Path",Amroha
1172,complete_match,C02829,Matched using customer_id and all available values agree,C02829,Aradhana Devan,aradhana.devan2829@yahoo.com,8170993717,644 Wadhwa,Ghaziabad
1173,partial_match,C00331,"Matched using customer_id, but the incoming record has missing values",C00331,Yochana Wason,,9170863771,,Panipat
1174,partial_match,C01721,"Matched using name with city/address, but the incoming record has missing values",,Abhimanyu Halder,,,,Chapra
1175,partial_match,C01754,"Matched using email or phone, but the incoming record has missing values",,turvi sekhon,turvi.sekhon1754@example.in,,H.No. 186 Krish,Pune
1176,incomplete_match,,Too little reliable information is available,,Mohammed Natarajan,,,,
1177,complete_match,C00827,Matched using customer_id and all available values agree,C00827,Reva Walla,reva.walla827@yahoo.com,7089402453,"19/19, Sachdeva Nagar",Jaunpur
1178,partial_match,C01146,"Matched using email or phone, but the incoming record has missing values",,qabil trivedi,qabil.trivedi1146@outlook.com,,H.No. 15 Peri,Rampur
1179,partial_match,C02751,"Matched using name with city/address, but the incoming record has missing values",,Imaran Anne,,,,Buxar
1180,no_match_new_entity,,No reliable master record was found,N00348,Zayyan Reddy,zayyan.reddy3348@outlook.com,8524888851,"81, Nagi Street",Jaunpur
1181,no_match_new_entity,,No reliable master record was found,N00338,Harish Sem,harish.sem3338@example.in,7184655104,"H.No. 12, Das Road",Khammam
1182,partial_match,C01461,"Matched using customer_id, but the incoming record has missing values",C01461,Ranbir Char,,,"13, Radhakrishnan Ganj",Amroha
1183,no_match_new_entity,,No reliable master record was found,N00083,Megha Narayanan,megha.narayanan3083@hotmail.com,8580800862,70 Lal Road,Agra
1184,conflicting_information,C01313,"Matched using customer_id, but one or more values conflict",C01313,Mugdha Khurana,mugdha.khurana1313@gmail.com,6842807959,"28/078, Bedi Path",Darbhanga
1185,conflicting_information,C01545,"Matched using customer_id, but one or more values conflict",C01545,Urmi Wason,zansi.dugar1545@example.in,9115620071,92/95 Gill Circle,Bettiah
1186,partial_match,C00439,"Matched using customer_id, but the incoming record has missing values",C00439,Nathaniel Bhatia,,6679648540,H.No. 66 Bhardwaj Circle,Indore
1187,partial_match,C02300,"Matched using customer_id, but the incoming record has missing values",C02300,Priya Das,priya.das2300@example.in,9373485973,"30/153, Wali Zila",
1188,no_match_new_entity,,No reliable master record was found,N00157,Manbir Balan,manbir.balan3157@gmail.com,9692373549,73/005 Subramanian Chowk,Coimbatore
1189,conflicting_information,C02793,"Matched using customer_id, but one or more values conflict",C02793,Nirja Hans,yatin.kothari2793@yahoo.com,7880205354,58/96 Pandey Marg,Tirunelveli
1190,no_match_new_entity,,No reliable master record was found,N00325,Ranbir Panchal,ranbir.panchal3325@hotmail.com,9556254246,"H.No. 81, Banik Zila",Ranchi
1191,complete_match,C00264,Matched using customer_id and all available values agree,C00264,Yashvi Panchal,yashvi.panchal264@gmail.com,6816869359,83 Hora Nagar,Munger
1192,complete_match,C01701,Matched using customer_id and all available values agree,C01701,Yochana Anand,yochana.anand1701@gmail.com,9890820515,28/49 Naik Circle,Noida
1193,partial_match,C00666,"Matched using customer_id, but the incoming record has missing values",C00666,Tara Bhatt,,6450696388,,
1194,complete_match,C00876,Matched using customer_id and all available values agree,C00876,Max Dugar,max.dugar876@gmail.com,6700371334,18 Kari Zila,Orai
1195,partial_match,C00954,"Matched using name with city/address, but the incoming record has missing values",,Unnati Narang,,,,Gurgaon
1196,conflicting_information,C00240,"Matched using customer_id, but one or more values conflict",C00240,Vedhika Chopra,vedhika.chopra240@yahoo.com,6535074499,73 Choudhury Street,Bangalore
1197,conflicting_information,C02731,"Matched using customer_id, but one or more values conflict",C02731,Theodore Bhatnagar,theodore.bhatnagar2731@yahoo.com,6889533984,32/65 Bhatia Circle,Meerut
1198,partial_match,C01626,"Matched using email or phone, but the incoming record has missing values",,,udant.yogi1626@hotmail.com,8397123799,,Ambattur
1199,conflicting_information,C00559,"Matched using customer_id, but one or more values conflict",C00559,Nihal Ram,nihal.ram559@yahoo.com,8110707123,"48, Prashad Chowk",Darbhanga
1200,incomplete_match,,Too little reliable information is available,,Hiral Bahl,,,,
1201,partial_match,C02885,"Matched using name with city/address, but the incoming record has missing values",,Vanya Sabharwal,,,,Bhubaneswar
1202,partial_match,C00828,"Matched using email or phone, but the incoming record has missing values",,chameli babu,chameli.babu828@outlook.com,,645 Bhatia Ganj,Kamarhati
1203,complete_match,C00287,Matched using customer_id and all available values agree,C00287,Leela Mangal,leela.mangal287@gmail.com,9382015637,"H.No. 12, Chad Marg",Pallavaram
1204,complete_match,C00952,Matched using customer_id and all available values agree,C00952,Tarak Kari,tarak.kari952@hotmail.com,6972397011,H.No. 98 Mukhopadhyay Nagar,Shivpuri
1205,conflicting_information,C01183,"Matched using customer_id, but one or more values conflict",C01183,Pranav Golla,pranav.golla1183@gmail.com,7518739945,"969, Ahuja Street",Ujjain
1206,incomplete_match,,Too little reliable information is available,,Omkaar Bhalla,,,,
1207,no_match_new_entity,,No reliable master record was found,N00284,Aadi Chaudhuri,aadi.chaudhuri3284@gmail.com,7115610779,"42/417, Bandi Nagar",Anand
1208,conflicting_information,C02221,"Matched using customer_id, but one or more values conflict",C02221,Kai Rajagopalan,tamanna.sundaram71791@gmail.com,6334667644,79 Kapur Street,Vasai-Virar
1209,partial_match,C01446,"Matched using customer_id, but the incoming record has missing values",C01446,Dipta Datta,dipta.datta1446@example.in,8230705219,,Phagwara
1210,partial_match,C00785,"Matched using customer_id, but the incoming record has missing values",C00785,Qarin Anand,qarin.anand785@gmail.com,,,
1211,complete_match,C02307,Matched using customer_id and all available values agree,C02307,Ikshita Narayan,ikshita.narayan2307@yahoo.com,6010914098,"09/30, Gade Street",Bidhannagar
1212,no_match_new_entity,,No reliable master record was found,N00275,Tanvi Tiwari,tanvi.tiwari3275@outlook.com,7019554641,H.No. 56 Bumb Road,Chinsurah
1213,no_match_new_entity,,No reliable master record was found,N00188,Yuvraj Sheth,yuvraj.sheth3188@gmail.com,8969197629,"H.No. 416, Rege Circle",Chennai
1214,no_match_new_entity,,No reliable master record was found,N00174,Advika Parikh,advika.parikh3174@gmail.com,6629235935,"70/43, Batra Ganj",Rohtak
1215,partial_match,C00505,"Matched using customer_id, but the incoming record has missing values",C00505,Naksh Gara,naksh.gara505@yahoo.com,8235827813,,Bokaro
1216,partial_match,C02412,"Matched using customer_id, but the incoming record has missing values",C02412,Lekha Saraf,lekha.saraf2412@gmail.com,,,Nanded
1217,no_match_new_entity,,No reliable master record was found,N00382,Kashish Dar,kashish.dar3382@hotmail.com,6931106616,"H.No. 23, Prabhu Street",Bhopal
1218,complete_match,C00663,Matched using customer_id and all available values agree,C00663,Hema Kota,hema.kota663@gmail.com,9746599193,54 Bandi Street,Kottayam
1219,conflicting_information,C00156,"Matched using customer_id, but one or more values conflict",C00156,Azaan Khalsa,leena.prabhu74318@outlook.com,7477283855,62/049 Keer Ganj,Hospet
1220,conflicting_information,C01114,"Matched using customer_id, but one or more values conflict",C01114,Aradhana Tata,teerth.grover16941@gmail.com,8694113447,H.No. 49 Dasgupta Circle,Pudukkottai
1221,conflicting_information,C00799,"Matched using customer_id, but one or more values conflict",C00799,Onkar Kota,onkar.kota799@example.in,6336498020,H.No. 15 Bhatti Ganj,Guwahati
1222,no_match_new_entity,,No reliable master record was found,N00215,Lakshit Kurian,lakshit.kurian3215@outlook.com,7798193531,"68/51, Hans Chowk",Thanjavur
1223,partial_match,C00268,"Matched using customer_id, but the incoming record has missing values",C00268,Wahab Nadkarni,wahab.nadkarni268@hotmail.com,9383052600,,Machilipatnam
1224,conflicting_information,C01033,"Matched using customer_id, but one or more values conflict",C01033,Vasatika Naidu,neha.hora99200@example.in,8165828539,68 Narasimhan Marg,Korba
1225,complete_match,C01081,Matched using customer_id and all available values agree,C01081,Dalaja Balay,dalaja.balay1081@outlook.com,6281531831,"H.No. 07, Sangha Road",Kharagpur
1226,conflicting_information,C02952,"Matched using customer_id, but one or more values conflict",C02952,Nikita Shere,kalpit.madan2952@outlook.com,7924510829,"66, Kaur Path",Patiala
1227,complete_match,C02102,Matched using customer_id and all available values agree,C02102,Agastya Trivedi,agastya.trivedi2102@hotmail.com,9302561376,"15/877, Golla Path",Mau
1228,partial_match,C01290,"Matched using customer_id, but the incoming record has missing values",C01290,Ubika Ghosh,,7570778583,,
1229,no_match_new_entity,,No reliable master record was found,N00312,Pratyush Kanda,pratyush.kanda3312@hotmail.com,8260958890,H.No. 27 Bala Ganj,Panchkula
1230,partial_match,C00596,"Matched using name with city/address, but the incoming record has missing values",,Upkaar Som,,,,Kolhapur
1231,partial_match,C02543,"Matched using name with city/address, but the incoming record has missing values",,Jagvi Tak,,,,Chittoor
1232,incomplete_match,,Too little reliable information is available,,,,,,Haridwar
1233,conflicting_information,C01840,"Matched using customer_id, but one or more values conflict",C01840,Brinda Ghosh,aahana.pandey57871@gmail.com,8100946123,"H.No. 685, Ramesh Marg",Katni
1234,complete_match,C01089,Matched using customer_id and all available values agree,C01089,Hitesh Sabharwal,hitesh.sabharwal1089@gmail.com,7151580486,"014, Bali Street",Patiala
1235,conflicting_information,C00772,"Matched using customer_id, but one or more values conflict",C00772,Ethan Sule,ethan.sule772@gmail.com,7948381726,99 Tella Nagar,Mahbubnagar
1236,conflicting_information,C02116,"Matched using customer_id, but one or more values conflict",C02116,Rohan Sane,niharika.raja2116@hotmail.com,9261602021,"H.No. 32, Kunda Street",Tirunelveli
1237,complete_match,C02063,Matched using customer_id and all available values agree,C02063,Parth Khalsa,parth.khalsa2063@hotmail.com,6441092477,65 Mani Chowk,Hospet
1238,no_match_new_entity,,No reliable master record was found,N00101,Warhi Batra,warhi.batra3101@outlook.com,9561539092,44 Sampath Marg,Phusro
1239,no_match_new_entity,,No reliable master record was found,N00302,Suhani Madan,suhani.madan3302@yahoo.com,8738463770,"H.No. 59, Saha Circle",Pudukkottai
1240,partial_match,C01405,"Matched using customer_id, but the incoming record has missing values",C01405,Daniel Agate,daniel.agate1405@outlook.com,7766489812,"27, Pal Marg",
1241,partial_match,C02409,"Matched using customer_id, but the incoming record has missing values",C02409,Fariq Vig,,9763811266,,
1242,partial_match,C02985,"Matched using customer_id, but the incoming record has missing values",C02985,Nachiket Rout,,,"77/781, Chacko Circle",
1243,no_match_new_entity,,No reliable master record was found,N00084,Chakradhar Mishra,chakradhar.mishra3084@outlook.com,9286036874,83/85 Chaudry Marg,Jehanabad
1244,incomplete_match,,Too little reliable information is available,,,,,,
1245,incomplete_match,,Too little reliable information is available,,,,,,
1246,complete_match,C02779,Matched using customer_id and all available values agree,C02779,Dakshesh Desai,dakshesh.desai2779@outlook.com,9899206333,H.No. 32 Varughese Road,Uluberia
1247,no_match_new_entity,,No reliable master record was found,N00013,Aarush Deol,aarush.deol3013@hotmail.com,6262392257,"50, Rastogi Circle",Bhagalpur
1248,complete_match,C02503,Matched using customer_id and all available values agree,C02503,Azad Sidhu,azad.sidhu2503@yahoo.com,8430544596,"H.No. 13, Buch Zila",Tiruvottiyur
1249,partial_match,C02865,"Matched using customer_id, but the incoming record has missing values",C02865,Gavin Som,,8735297872,,
1250,no_match_new_entity,,No reliable master record was found,N00068,Pushti Kala,pushti.kala3068@outlook.com,9189434177,52/20 Upadhyay Chowk,Farrukhabad
1251,incomplete_match,,Too little reliable information is available,,Caleb Talwar,,,,
1252,conflicting_information,C01416,"Matched using customer_id, but one or more values conflict",C01416,Benjamin Dalal,bhavya.bhattacharyya85457@example.in,8724695677,"03/343, Dhar Marg",Thrissur
1253,incomplete_match,,Too little reliable information is available,,,,,,
1254,conflicting_information,C00895,"Matched using customer_id, but one or more values conflict",C00895,Guneet Varty,eiravati.vohra43529@gmail.com,7942873104,"H.No. 362, Menon Street",Kozhikode
1255,partial_match,C01106,"Matched using customer_id, but the incoming record has missing values",C01106,Ucchal Sangha,ucchal.sangha1106@hotmail.com,9167531561,"27/82, Murty Road",
1256,complete_match,C00690,Matched using customer_id and all available values agree,C00690,Vrishti Sandal,vrishti.sandal690@gmail.com,8451720300,"819, Doshi Nagar",Kozhikode
1257,conflicting_information,C01724,"Matched using customer_id, but one or more values conflict",C01724,Pushti Chander,pushti.chander1724@yahoo.com,6609783531,52/38 Mann Circle,Nadiad
1258,conflicting_information,C00205,"Matched using customer_id, but one or more values conflict",C00205,Naveen Chana,utkarsh.badal205@yahoo.com,6669526896,"25/860, Dixit Zila",Navi Mumbai
1259,partial_match,C01362,"Matched using customer_id, but the incoming record has missing values",C01362,Megha Grewal,megha.grewal1362@yahoo.com,7585782953,,
1260,complete_match,C01640,Matched using customer_id and all available values agree,C01640,Aachal Brahmbhatt,aachal.brahmbhatt1640@gmail.com,7991345188,43/66 Thaman Chowk,Proddatur
1261,complete_match,C00309,Matched using customer_id and all available values agree,C00309,Inaya Mohan,inaya.mohan309@outlook.com,9728654525,72 Rout Circle,Vasai-Virar
1262,no_match_new_entity,,No reliable master record was found,N00318,Tanmayi Handa,tanmayi.handa3318@yahoo.com,6502076733,H.No. 812 Nadkarni Marg,Ahmedabad
1263,no_match_new_entity,,No reliable master record was found,N00111,Frado Kulkarni,frado.kulkarni3111@outlook.com,6902289037,"38, Upadhyay Ganj",Coimbatore
1264,incomplete_match,,Too little reliable information is available,,Pranav Golla,,,,
1265,conflicting_information,C00500,"Matched using customer_id, but one or more values conflict",C00500,Liam Borra,liam.borra500@yahoo.com,9933518254,345 Ratti Nagar,Warangal
1266,conflicting_information,C00400,"Matched using customer_id, but one or more values conflict",C00400,Zilmil Jain,madhavi.agate400@hotmail.com,7758208488,42 Shere Chowk,Nangloi Jat
1267,partial_match,C02222,"Matched using customer_id, but the incoming record has missing values",C02222,Vedant Sawhney,vedant.sawhney2222@gmail.com,,,
1268,partial_match,C00537,"Matched using name with city/address, but the incoming record has missing values",,Gavin Purohit,,,,Bidar
1269,complete_match,C00707,Matched using customer_id and all available values agree,C00707,Wishi Nigam,wishi.nigam707@outlook.com,8742953657,05/983 Bali Path,Patna
1270,no_match_new_entity,,No reliable master record was found,N00058,Jeremiah Maharaj,jeremiah.maharaj3058@gmail.com,9658098932,H.No. 35 Lalla,Shivpuri
1271,partial_match,C00439,"Matched using email or phone, but the incoming record has missing values",,,nathaniel.bhatia439@yahoo.com,6679648540,,Indore
1272,conflicting_information,C00399,"Matched using customer_id, but one or more values conflict",C00399,Ridhi Vasa,shivani.doctor30015@example.in,9980780650,24/126 Badal Nagar,Ratlam
1273,incomplete_match,,Too little reliable information is available,,,,,,
1274,no_match_new_entity,,No reliable master record was found,N00222,Lajita Bajaj,lajita.bajaj3222@hotmail.com,7873261596,273 Memon Street,Aligarh
1275,complete_match,C00169,Matched using customer_id and all available values agree,C00169,Umang Deol,umang.deol169@yahoo.com,6207979273,H.No. 606 Narain Path,Proddatur
1276,conflicting_information,C00854,"Matched using customer_id, but one or more values conflict",C00854,Chandresh Dewan,yochana.ratta46625@outlook.com,7367361333,35/358 Mahal Circle,Singrauli
1277,partial_match,C02346,"Matched using email or phone, but the incoming record has missing values",,finn rama,finn.rama2346@gmail.com,,"42/849, Warrior Path",Nandyal
1278,conflicting_information,C01002,"Matched using customer_id, but one or more values conflict",C01002,Oscar Kalita,gabriel.biswas36144@yahoo.com,7486541561,H.No. 591 Sur Circle,Alwar
1279,conflicting_information,C00454,"Matched using customer_id, but one or more values conflict",C00454,Falguni Krish,falguni.krish454@hotmail.com,7633884534,H.No. 98 Datta Street,Panchkula
1280,partial_match,C01895,"Matched using customer_id, but the incoming record has missing values",C01895,Falak Brar,falak.brar1895@example.in,,,Mira-Bhayandar
1281,conflicting_information,C00870,"Matched using customer_id, but one or more values conflict",C00870,Ijaya Mandal,ijaya.mandal870@hotmail.com,7241170434,"H.No. 990, Bhalla Street",Nanded
1282,partial_match,C01573,"Matched using customer_id, but the incoming record has missing values",C01573,Rachana Nori,rachana.nori1573@hotmail.com,6930602848,,Akola
1283,partial_match,C00744,"Matched using customer_id, but the incoming record has missing values",C00744,Jagvi Pandya,,8315703387,"H.No. 642, Devan Road",Sikar
1284,conflicting_information,C02776,"Matched using customer_id, but one or more values conflict",C02776,Vasatika Krishnan,prisha.sangha2776@hotmail.com,8086150706,"H.No. 33, Gola",Muzaffarpur
1285,incomplete_match,,Too little reliable information is available,,Vasudha Kannan,,,,
1286,partial_match,C00659,"Matched using customer_id, but the incoming record has missing values",C00659,Wahab Bawa,wahab.bawa659@gmail.com,8050231919,52 Deshpande Zila,
1287,partial_match,C01741,"Matched using email or phone, but the incoming record has missing values",,indira shah,indira.shah1741@hotmail.com,,61 Chadha Path,Anantapur
1288,conflicting_information,C02915,"Matched using customer_id, but one or more values conflict",C02915,Imaran Jani,yuvraj.hayer2915@gmail.com,9256645632,"440, Kashyap Road",Bangalore
1289,complete_match,C00084,Matched using customer_id and all available values agree,C00084,Shravya Banerjee,shravya.banerjee84@yahoo.com,6778907459,H.No. 295 Sathe,Avadi
1290,no_match_new_entity,,No reliable master record was found,N00035,Arin Brar,arin.brar3035@hotmail.com,9998201928,"67, Gopal Street",Vellore
1291,conflicting_information,C00184,"Matched using customer_id, but one or more values conflict",C00184,Vyanjana Sidhu,nicholas.bakshi184@hotmail.com,8490598008,01 Vig Ganj,Shimla
1292,incomplete_match,,Too little reliable information is available,,,,,,Khammam
1293,partial_match,C01480,"Matched using name with city/address, but the incoming record has missing values",,Tarak Subramaniam,,,,Saharanpur
1294,conflicting_information,C02017,"Matched using customer_id, but one or more values conflict",C02017,Warinder Doctor,warinder.doctor2017@yahoo.com,7255197717,H.No. 72 Hari Zila,Solapur
1295,complete_match,C01470,Matched using customer_id and all available values agree,C01470,Krishna Cheema,krishna.cheema1470@hotmail.com,6036102129,"H.No. 149, Nayak Zila",Berhampur
1296,complete_match,C01520,Matched using customer_id and all available values agree,C01520,Kabir Randhawa,kabir.randhawa1520@gmail.com,6022758318,"55/44, Yogi Street",Kurnool
1297,complete_match,C00573,Matched using customer_id and all available values agree,C00573,Qarin Chandra,qarin.chandra573@example.in,8118658573,H.No. 11 Mall Road,Ghaziabad
1298,partial_match,C00318,"Matched using customer_id, but the incoming record has missing values",C00318,Umang Vala,umang.vala318@gmail.com,,,Tinsukia
1299,partial_match,C02491,"Matched using name with city/address, but the incoming record has missing values",,Ekta Gill,,,,Haldia
1300,no_match_new_entity,,No reliable master record was found,N00327,Mitali Chand,mitali.chand3327@hotmail.com,6584752500,63/55 Nanda Nagar,Muzaffarpur
1301,incomplete_match,,Too little reliable information is available,,,,,,
1302,conflicting_information,C01136,"Matched using customer_id, but one or more values conflict",C01136,Balvan Ratta,balvan.ratta1136@outlook.com,9434292254,69/04 Sen Chowk,Bhiwandi
1303,partial_match,C01999,"Matched using customer_id, but the incoming record has missing values",C01999,Max Mitter,max.mitter1999@example.in,,479 Barman,Korba
1304,no_match_new_entity,,No reliable master record was found,N00395,Sneha Das,sneha.das3395@hotmail.com,7374657100,77/05 Bahl Chowk,Begusarai
1305,complete_match,C02730,Matched using customer_id and all available values agree,C02730,Joshua Bandi,joshua.bandi2730@outlook.com,8622230314,"20/098, Pau Chowk",Berhampur
1306,partial_match,C02237,"Matched using customer_id, but the incoming record has missing values",C02237,Zaid Shukla,zaid.shukla2237@yahoo.com,7353291656,,Bhalswa Jahangir Pur
1307,conflicting_information,C00191,"Matched using customer_id, but one or more values conflict",C00191,Bahadurjit Khurana,max.nayar11652@gmail.com,7669094134,"14/878, Barman Circle",Surendranagar Dudhrej
1308,no_match_new_entity,,No reliable master record was found,N00202,Wridesh Purohit,wridesh.purohit3202@outlook.com,6675939827,H.No. 55 Saha Nagar,Kadapa
1309,partial_match,C00811,"Matched using customer_id, but the incoming record has missing values",C00811,Yatan Saha,,9561008043,"91, Narayan Zila",Gaya
1310,incomplete_match,,Too little reliable information is available,,,,,,
1311,no_match_new_entity,,No reliable master record was found,N00205,Jackson Malhotra,jackson.malhotra3205@gmail.com,7093444420,"H.No. 222, Vaidya Zila",Bhilwara
1312,incomplete_match,,Too little reliable information is available,,,,,,
1313,partial_match,C02098,"Matched using customer_id, but the incoming record has missing values",C02098,Udant Chanda,,,,Gulbarga
1314,partial_match,C00369,"Matched using customer_id, but the incoming record has missing values",C00369,Urishilla Trivedi,,7951033851,"74, More Path",
1315,no_match_new_entity,,No reliable master record was found,N00241,George Baria,george.baria3241@example.in,6569471528,24 Trivedi Street,Rajpur Sonarpur
1316,incomplete_match,,Too little reliable information is available,,Pallavi Balasubramanian,,,,
1317,conflicting_information,C02441,"Matched using customer_id, but one or more values conflict",C02441,Abdul Madan,abdul.madan2441@hotmail.com,8090743772,90/222 Toor Road,Proddatur
1318,complete_match,C02813,Matched using customer_id and all available values agree,C02813,Indali Nadkarni,indali.nadkarni2813@gmail.com,7946534234,"H.No. 92, Varkey Marg",Erode
1319,partial_match,C02881,"Matched using customer_id, but the incoming record has missing values",C02881,Yatin Jaggi,,8747314793,,Rajpur Sonarpur
1320,conflicting_information,C00783,"Matched using customer_id, but one or more values conflict",C00783,Wakeeta Shankar,wakeeta.shankar783@gmail.com,7237968922,"92/303, Butala",Panchkula
1321,partial_match,C00341,"Matched using customer_id, but the incoming record has missing values",C00341,Lopa Modi,,,"094, Joshi Street",
1322,complete_match,C00403,Matched using customer_id and all available values agree,C00403,Sanya Brar,sanya.brar403@gmail.com,8045119745,56/51 Das Street,Amritsar
1323,partial_match,C02548,"Matched using customer_id, but the incoming record has missing values",C02548,Charan Soni,,8379711298,05/76 Andra,Gwalior
1324,incomplete_match,,Too little reliable information is available,,Karan Chand,,,,
1325,partial_match,C02204,"Matched using customer_id, but the incoming record has missing values",C02204,Charvi Rai,charvi.rai2204@gmail.com,8649808344,"09/869, Banik Circle",
1326,conflicting_information,C01250,"Matched using customer_id, but one or more values conflict",C01250,Upadhriti Cheema,upadhriti.cheema1250@outlook.com,6551251833,"H.No. 448, Mammen Path",Aurangabad
1327,partial_match,C01353,"Matched using customer_id, but the incoming record has missing values",C01353,Jeevika Ravi,jeevika.ravi1353@outlook.com,9486564186,,
1328,incomplete_match,,Too little reliable information is available,,Jatin Banik,,,,
1329,incomplete_match,,Too little reliable information is available,,Agastya Ganesh,,,,
1330,complete_match,C00201,Matched using customer_id and all available values agree,C00201,Kai Goswami,kai.goswami201@example.in,6078830339,"H.No. 83, Ramanathan Zila",Guna
1331,conflicting_information,C01309,"Matched using customer_id, but one or more values conflict",C01309,Frederick Kara,jeevika.bhatia87307@example.in,8786474248,"92/02, Sanghvi Road",Bettiah
1332,partial_match,C00489,"Matched using customer_id, but the incoming record has missing values",C00489,Vivaan Patla,vivaan.patla489@outlook.com,,,
1333,partial_match,C01635,"Matched using customer_id, but the incoming record has missing values",C01635,Onkar Choudhary,onkar.choudhary1635@example.in,,,
1334,partial_match,C01669,"Matched using customer_id, but the incoming record has missing values",C01669,Onkar Krishnamurthy,onkar.krishnamurthy1669@example.in,,H.No. 85 Jaggi Ganj,Ratlam
1335,partial_match,C00227,"Matched using customer_id, but the incoming record has missing values",C00227,Umang Iyengar,umang.iyengar227@hotmail.com,,"737, Mangat Zila",
1336,partial_match,C02382,"Matched using customer_id, but the incoming record has missing values",C02382,Wazir Chadha,wazir.chadha2382@example.in,7277393564,,Madurai
1337,partial_match,C00053,"Matched using email or phone, but the incoming record has missing values",,ishanvi shah,ishanvi.shah53@outlook.com,,987 Tiwari Road,Machilipatnam
1338,complete_match,C01428,Matched using customer_id and all available values agree,C01428,Ria Mannan,ria.mannan1428@outlook.com,7045443461,"H.No. 33, Halder Road",Amroha
1339,partial_match,C02801,"Matched using customer_id, but the incoming record has missing values",C02801,Prisha Gola,prisha.gola2801@yahoo.com,,55/602 Rout Road,Kolhapur
1340,conflicting_information,C00524,"Matched using customer_id, but one or more values conflict",C00524,Ikshita Gour,ekta.savant524@outlook.com,9119297667,74/674 Ramaswamy,Nagaon
1341,conflicting_information,C00646,"Matched using customer_id, but one or more values conflict",C00646,Zinal Randhawa,zinal.randhawa646@yahoo.com,7771354388,100 Modi Marg,Nanded
1342,conflicting_information,C00287,"Matched using customer_id, but one or more values conflict",C00287,Leela Mangal,yashica.ganesh11145@yahoo.com,9382015637,"H.No. 12, Chad Marg",Tirupati
1343,no_match_new_entity,,No reliable master record was found,N00335,Ijaya Muni,ijaya.muni3335@hotmail.com,7301240074,27 Shanker Circle,Belgaum
1344,no_match_new_entity,,No reliable master record was found,N00366,Mohammed Manda,mohammed.manda3366@example.in,7190410013,"25, Sehgal Circle",Mehsana
1345,no_match_new_entity,,No reliable master record was found,N00106,Zarna Mane,zarna.mane3106@yahoo.com,6633973711,51 Sanghvi Path,Bhiwani
1346,no_match_new_entity,,No reliable master record was found,N00193,Harrison Barad,harrison.barad3193@gmail.com,6651461820,H.No. 46 Batta Path,Rajahmundry
1347,incomplete_match,,Too little reliable information is available,,,,,,Karimnagar
1348,complete_match,C01222,Matched using customer_id and all available values agree,C01222,Wakeeta Chander,wakeeta.chander1222@yahoo.com,9974390879,22/65 Bali Road,Phusro
1349,partial_match,C01461,"Matched using name with city/address, but the incoming record has missing values",,Ranbir Char,,,,Amroha
1350,partial_match,C00289,"Matched using customer_id, but the incoming record has missing values",C00289,Darika Grewal,darika.grewal289@outlook.com,,H.No. 713 Oak Circle,Pimpri-Chinchwad
1351,conflicting_information,C02230,"Matched using customer_id, but one or more values conflict",C02230,Abeer Misra,abeer.misra2230@hotmail.com,6767902093,"90, Halder Road",Pimpri-Chinchwad
1352,no_match_new_entity,,No reliable master record was found,N00356,Urvashi Bhatti,urvashi.bhatti3356@yahoo.com,9440948267,628 Pai Zila,Alwar
1353,complete_match,C02387,Matched using customer_id and all available values agree,C02387,Nirja Palla,nirja.palla2387@hotmail.com,8936643766,93/21 Dhawan Circle,Bathinda
1354,no_match_new_entity,,No reliable master record was found,N00285,Lakshit Sachdev,lakshit.sachdev3285@gmail.com,8537180931,"59, Grewal Street",Amroha
1355,complete_match,C00464,Matched using customer_id and all available values agree,C00464,Ayaan Manne,ayaan.manne464@example.in,6631699703,"24, Kade Path",Hospet
1356,partial_match,C02303,"Matched using email or phone, but the incoming record has missing values",,,manthan.roy2303@yahoo.com,6531627638,,Moradabad
1357,partial_match,C01834,"Matched using customer_id, but the incoming record has missing values",C01834,Pahal Tailor,pahal.tailor1834@hotmail.com,7442029670,89/885 Kata Zila,
1358,incomplete_match,,Too little reliable information is available,,Warinder Ravel,,,,
1359,complete_match,C02511,Matched using customer_id and all available values agree,C02511,Meghana Yadav,meghana.yadav2511@outlook.com,9399426377,"04/550, Parikh Road",Danapur
1360,no_match_new_entity,,No reliable master record was found,N00340,Jason Dayal,jason.dayal3340@outlook.com,9125534503,H.No. 12 Bhatia Circle,Singrauli
1361,complete_match,C01417,Matched using customer_id and all available values agree,C01417,Riya Khosla,riya.khosla1417@gmail.com,7634617696,H.No. 79 Char Circle,Danapur
1362,incomplete_match,,Too little reliable information is available,,Yauvani Chhabra,,,,
1363,partial_match,C00754,"Matched using email or phone, but the incoming record has missing values",,nidra bera,nidra.bera754@outlook.com,,"H.No. 68, Kade Path",Dehradun
1364,conflicting_information,C01854,"Matched using customer_id, but one or more values conflict",C01854,Owen Pathak,abha.bassi86149@hotmail.com,9649435200,H.No. 103 Sen Marg,Bharatpur
1365,conflicting_information,C01491,"Matched using customer_id, but one or more values conflict",C01491,Urmi Pai,urmi.pai1491@hotmail.com,9924541904,"H.No. 55, Murthy Path",Raebareli
1366,partial_match,C02093,"Matched using name with city/address, but the incoming record has missing values",,Faras Ravi,,,,Muzaffarnagar
1367,no_match_new_entity,,No reliable master record was found,N00296,Watika Handa,watika.handa3296@outlook.com,6664898985,"23/820, Sandhu Road",Gandhinagar
1368,complete_match,C00024,Matched using customer_id and all available values agree,C00024,Hemal Boase,hemal.boase24@gmail.com,8008778536,"H.No. 814, Purohit",Hosur
1369,complete_match,C01336,Matched using customer_id and all available values agree,C01336,Anya Nanda,anya.nanda1336@gmail.com,6598873510,"85, Om Chowk",Kollam
1370,partial_match,C01839,"Matched using customer_id, but the incoming record has missing values",C01839,Damyanti Setty,damyanti.setty1839@hotmail.com,,65 Tank Circle,Hajipur
1371,complete_match,C01237,Matched using customer_id and all available values agree,C01237,Gautam Chauhan,gautam.chauhan1237@example.in,7652965818,86/893 Mahajan Marg,Bhilai
1372,partial_match,C00839,"Matched using customer_id, but the incoming record has missing values",C00839,Aarna Palla,,9147796103,315 Lal Road,Amravati
1373,partial_match,C02275,"Matched using customer_id, but the incoming record has missing values",C02275,Matthew Sodhi,matthew.sodhi2275@gmail.com,9876677551,"27, Bakshi Street",
1374,incomplete_match,,Too little reliable information is available,,,,,,
1375,conflicting_information,C02353,"Matched using customer_id, but one or more values conflict",C02353,Chatresh Pillay,chatresh.pillay2353@yahoo.com,8883793400,"806, Sha Road",Bihar Sharif
1376,complete_match,C00347,Matched using customer_id and all available values agree,C00347,Hemang Chanda,hemang.chanda347@outlook.com,9820274024,H.No. 42 Malhotra Nagar,Chandrapur
1377,conflicting_information,C01292,"Matched using customer_id, but one or more values conflict",C01292,Tejas Ahuja,aarav.das1292@outlook.com,8249516572,"H.No. 17, Dara Path",Rajahmundry
1378,complete_match,C02500,Matched using customer_id and all available values agree,C02500,Chatura Nazareth,chatura.nazareth2500@example.in,8382037063,H.No. 29 Jani Path,Kirari Suleman Nagar
1379,partial_match,C02797,"Matched using customer_id, but the incoming record has missing values",C02797,Hema Gola,,,,Ambala
1380,no_match_new_entity,,No reliable master record was found,N00073,Prisha Gill,prisha.gill3073@hotmail.com,9128465028,"70, Sama Marg",Jamnagar
1381,conflicting_information,C01797,"Matched using customer_id, but one or more values conflict",C01797,Ishita Golla,ishita.golla1797@yahoo.com,7908216320,"84/045, Sharma Street",Bokaro
1382,complete_match,C02855,Matched using customer_id and all available values agree,C02855,Ishanvi Nagi,ishanvi.nagi2855@yahoo.com,6858601081,"H.No. 632, Dutta Road",Raiganj
1383,partial_match,C01923,"Matched using customer_id, but the incoming record has missing values",C01923,Aashi Nair,,,09/91 Palan,
1384,partial_match,C01734,"Matched using customer_id, but the incoming record has missing values",C01734,Neha Roy,,,"75, Pingle Ganj",Kozhikode
1385,no_match_new_entity,,No reliable master record was found,N00248,Indrajit Golla,indrajit.golla3248@outlook.com,9686295143,"H.No. 54, Chowdhury",Saharsa
1386,complete_match,C00052,Matched using customer_id and all available values agree,C00052,Ranbir Chanda,ranbir.chanda52@yahoo.com,9480677384,H.No. 90 Borah Chowk,Kota
1387,no_match_new_entity,,No reliable master record was found,N00060,Wazir Dara,wazir.dara3060@outlook.com,7448943422,H.No. 64 Mangal Circle,Arrah
1388,partial_match,C02520,"Matched using name with city/address, but the incoming record has missing values",,Vedant Sachdev,,,,Thoothukudi
1389,conflicting_information,C01774,"Matched using customer_id, but one or more values conflict",C01774,Gopal Talwar,chaitanya.prasad13239@example.in,8952349867,96/810 Singhal Path,Gurgaon
1390,partial_match,C00349,"Matched using customer_id, but the incoming record has missing values",C00349,Tamanna Thakur,,,"78, Padmanabhan Road",
1391,complete_match,C01680,Matched using customer_id and all available values agree,C01680,Chaman Mital,chaman.mital1680@yahoo.com,6055399621,"39, Hora Street",Chandigarh
1392,no_match_new_entity,,No reliable master record was found,N00322,Aryan Ravel,aryan.ravel3322@gmail.com,6910254084,926 Wable Nagar,Ramgarh
1393,no_match_new_entity,,No reliable master record was found,N00026,Gagan Chander,gagan.chander3026@example.in,9992245982,73 Dhar Nagar,Medininagar
1394,no_match_new_entity,,No reliable master record was found,N00171,Neelima Kota,neelima.kota3171@outlook.com,8910151933,"H.No. 890, Bhattacharyya Road",Nizamabad
1395,complete_match,C01215,Matched using customer_id and all available values agree,C01215,Bahadurjit Ram,bahadurjit.ram1215@gmail.com,8918272134,43 Sharma,Amaravati
1396,no_match_new_entity,,No reliable master record was found,N00007,Harrison Ahuja,harrison.ahuja3007@example.in,7079285572,"96, Pillai Ganj",Baranagar
1397,partial_match,C02591,"Matched using name with city/address, but the incoming record has missing values",,Raghav Sekhon,,,"H.No. 32, Deep Nagar",Baranagar
1398,complete_match,C00944,Matched using customer_id and all available values agree,C00944,Ekanta Patil,ekanta.patil944@yahoo.com,7376429653,"64/24, Gour Ganj",Nizamabad
1399,partial_match,C02997,"Matched using customer_id, but the incoming record has missing values",C02997,Charita Sachar,charita.sachar2997@example.in,,,
1400,complete_match,C01093,Matched using customer_id and all available values agree,C01093,Vedika Bora,vedika.bora1093@example.in,6596376737,32/88 Narayan Street,Patna
1401,complete_match,C00114,Matched using customer_id and all available values agree,C00114,Chakradev Chaudhari,chakradev.chaudhari114@hotmail.com,7670946436,"96, Anne Chowk",Kalyan-Dombivli
1402,partial_match,C02296,"Matched using customer_id, but the incoming record has missing values",C02296,Watika Goda,watika.goda2296@outlook.com,9582520695,,Karimnagar
1403,incomplete_match,,Too little reliable information is available,,,,,,
1404,partial_match,C01657,"Matched using customer_id, but the incoming record has missing values",C01657,Utkarsh Bal,utkarsh.bal1657@gmail.com,,"857, Sami Road",Nadiad
1405,conflicting_information,C00640,"Matched using customer_id, but one or more values conflict",C00640,Jagat Banik,jagat.banik640@example.in,9461429779,93/357 Subramanian Marg,Panipat
1406,partial_match,C00567,"Matched using customer_id, but the incoming record has missing values",C00567,Nikita Gopal,,6316006697,,
1407,partial_match,C00364,"Matched using customer_id, but the incoming record has missing values",C00364,Zayyan Bandi,,7559318740,860 Kata,
1408,partial_match,C00204,"Matched using name with city/address, but the incoming record has missing values",,Riya Ramakrishnan,,,,Kharagpur
1409,conflicting_information,C01162,"Matched using customer_id, but one or more values conflict",C01162,Jyoti Kumer,aadi.din60716@outlook.com,7154214231,25/84 Sani Chowk,Dindigul
1410,conflicting_information,C01215,"Matched using customer_id, but one or more values conflict",C01215,Bahadurjit Ram,bahadurjit.ram1215@gmail.com,7798896221,43 Sharma,Amaravati
1411,conflicting_information,C02364,"Matched using customer_id, but one or more values conflict",C02364,Dominic Bahl,bhavya.prabhakar73474@example.in,6876625968,"H.No. 015, Ahuja Circle",Jammu
1412,no_match_new_entity,,No reliable master record was found,N00096,Ekantika Kumar,ekantika.kumar3096@gmail.com,9487779213,"01/06, Zachariah Chowk",Raichur
1413,partial_match,C00224,"Matched using email or phone, but the incoming record has missing values",,zansi ganesan,zansi.ganesan224@gmail.com,,749 Deep Nagar,Bhavnagar
1414,partial_match,C00822,"Matched using customer_id, but the incoming record has missing values",C00822,Gayathri Deo,,,"H.No. 42, Thaman Nagar",Jamshedpur
1415,incomplete_match,,Too little reliable information is available,,Gagan Cheema,,,,
1416,partial_match,C02978,"Matched using customer_id, but the incoming record has missing values",C02978,Upasna Bhatt,upasna.bhatt2978@hotmail.com,,"85/748, Majumdar Road",
1417,partial_match,C01695,"Matched using name with city/address, but the incoming record has missing values",,Kala Chakrabarti,,,,Bareilly
1418,partial_match,C02184,"Matched using email or phone, but the incoming record has missing values",,ANYA BIR,,6038759505,431 Upadhyay Ganj,Tiruchirappalli
1419,partial_match,C01657,"Matched using email or phone, but the incoming record has missing values",,UTKARSH BAL,,6178387094,"857, Sami Road",Nadiad
1420,no_match_new_entity,,No reliable master record was found,N00009,Tamanna Kara,tamanna.kara3009@example.in,7969447726,H.No. 29 Dave Nagar,Raiganj
1421,conflicting_information,C02851,"Matched using customer_id, but one or more values conflict",C02851,Raagini Chanda,dalbir.vohra2851@yahoo.com,8354712970,050 D’Alia,Karimnagar
1422,partial_match,C00533,"Matched using email or phone, but the incoming record has missing values",,,nihal.subramaniam533@outlook.com,7492512349,,Tinsukia
1423,no_match_new_entity,,No reliable master record was found,N00231,Deepa Som,deepa.som3231@gmail.com,8608234564,24/559 Kibe Path,Ichalkaranji
1424,conflicting_information,C01645,"Matched using customer_id, but one or more values conflict",C01645,Tanveer Lala,girindra.bawa65796@example.in,6062284274,H.No. 70 Wali Zila,Giridih
1425,complete_match,C02838,Matched using customer_id and all available values agree,C02838,Shivani Dhawan,shivani.dhawan2838@yahoo.com,8432860405,43/225 Sachdeva Chowk,Rampur
1426,partial_match,C00406,"Matched using email or phone, but the incoming record has missing values",,,veer.atwal406@outlook.com,6911283111,,Navi Mumbai
1427,complete_match,C01213,Matched using customer_id and all available values agree,C01213,Liam Bala,liam.bala1213@hotmail.com,9797498172,"87, Choudhury Zila",Jalandhar
1428,partial_match,C00959,"Matched using name with city/address, but the incoming record has missing values",,Warinder Ranganathan,,,"32, Sane",Barasat
1429,no_match_new_entity,,No reliable master record was found,N00165,Nakul Maharaj,nakul.maharaj3165@outlook.com,6618569831,"H.No. 85, Merchant Road",Kharagpur
1430,incomplete_match,,Too little reliable information is available,,Ishani Yohannan,,,,
1431,partial_match,C00378,"Matched using customer_id, but the incoming record has missing values",C00378,Omya Kurian,omya.kurian378@outlook.com,8742610098,,
1432,complete_match,C01922,Matched using customer_id and all available values agree,C01922,Damini Chanda,damini.chanda1922@outlook.com,9950497178,"H.No. 92, Rai Path",Srinagar
1433,complete_match,C00735,Matched using customer_id and all available values agree,C00735,Patrick Borra,patrick.borra735@example.in,7379150345,"323, Devan Path",Panchkula
1434,partial_match,C02762,"Matched using customer_id, but the incoming record has missing values",C02762,Eshana Bhatt,,,"H.No. 649, Bava Chowk",
1435,partial_match,C02319,"Matched using customer_id, but the incoming record has missing values",C02319,Yamini Mutti,yamini.mutti2319@hotmail.com,7752685971,"H.No. 085, Tara Marg",
1436,no_match_new_entity,,No reliable master record was found,N00120,Zaitra Sachdev,zaitra.sachdev3120@example.in,9800415567,"58, Ramaswamy Nagar",Jaipur
1437,conflicting_information,C00850,"Matched using customer_id, but one or more values conflict",C00850,Urishilla Gokhale,chanakya.maharaj850@gmail.com,8783827662,31/87 Pai Marg,Parbhani
1438,no_match_new_entity,,No reliable master record was found,N00363,Geetika Chaudry,geetika.chaudry3363@yahoo.com,7908598988,"H.No. 857, Baria Circle",Mau
1439,complete_match,C00867,Matched using customer_id and all available values agree,C00867,Vivaan Mall,vivaan.mall867@gmail.com,9914881512,"H.No. 048, Narula Road",Shimoga
1440,partial_match,C01511,"Matched using customer_id, but the incoming record has missing values",C01511,Vasudha Kannan,,,,Hyderabad
1441,no_match_new_entity,,No reliable master record was found,N00001,Quincy Mangat,quincy.mangat3001@outlook.com,7680932537,74 Wali Chowk,Shimla
1442,conflicting_information,C00829,"Matched using customer_id, but one or more values conflict",C00829,Kamala Agate,luke.yadav829@example.in,6096296944,"49/74, Parmar Road",Vadodara
1443,incomplete_match,,Too little reliable information is available,,,,,,Kota
1444,complete_match,C01168,Matched using customer_id and all available values agree,C01168,Osha Korpal,osha.korpal1168@example.in,9871586786,"63/535, Bora Road",Burhanpur
1445,no_match_new_entity,,No reliable master record was found,N00147,Ekaraj Soni,ekaraj.soni3147@gmail.com,8928581678,"16, Mann Chowk",Nizamabad
1446,partial_match,C02040,"Matched using name with city/address, but the incoming record has missing values",,Ekavir Tiwari,,,"H.No. 827, Ramachandran Zila",Munger
1447,conflicting_information,C02562,"Matched using customer_id, but one or more values conflict",C02562,Veda Choudhry,sachi.choudhary2562@gmail.com,8630510106,H.No. 928 Batta Road,Tiruvottiyur
1448,conflicting_information,C01220,"Matched using customer_id, but one or more values conflict",C01220,Bishakha Majumdar,nandini.bhatt47239@outlook.com,9568773507,"15/411, Shan Chowk",Katni
1449,complete_match,C00897,Matched using customer_id and all available values agree,C00897,Aadhya Nagar,aadhya.nagar897@yahoo.com,6496772162,707 Chadha Street,Kollam
1450,no_match_new_entity,,No reliable master record was found,N00333,Vasudha Kala,vasudha.kala3333@gmail.com,8156498783,70/40 Natarajan Road,Tezpur
1451,complete_match,C00924,Matched using customer_id and all available values agree,C00924,Charvi Warrior,charvi.warrior924@outlook.com,8650773148,"88/60, Majumdar Marg",Bharatpur
1452,complete_match,C02447,Matched using customer_id and all available values agree,C02447,Hema Kata,hema.kata2447@hotmail.com,9309691853,"100, Singhal Street",Dharmavaram
1453,complete_match,C00954,Matched using customer_id and all available values agree,C00954,Unnati Narang,unnati.narang954@hotmail.com,6506655569,20/273 Agate Ganj,Gurgaon
1454,conflicting_information,C01831,"Matched using customer_id, but one or more values conflict",C01831,Anamika Sami,anamika.sami1831@outlook.com,7926439011,"31/991, Bora Nagar",Karawal Nagar
1455,partial_match,C00783,"Matched using email or phone, but the incoming record has missing values",,,wakeeta.shankar783@gmail.com,7237968922,,Panchkula
1456,no_match_new_entity,,No reliable master record was found,N00018,Abhimanyu Kumer,abhimanyu.kumer3018@hotmail.com,9393667859,"57, Muni Zila",Coimbatore
1457,complete_match,C02649,Matched using customer_id and all available values agree,C02649,Girik Bera,girik.bera2649@outlook.com,7627403945,51/99 Chandra Nagar,Barasat
1458,no_match_new_entity,,No reliable master record was found,N00153,Rishi Gala,rishi.gala3153@hotmail.com,6224450789,"H.No. 512, Dubey Ganj",Bhatpara
1459,conflicting_information,C01254,"Matched using customer_id, but one or more values conflict",C01254,Janaki Bhavsar,aadi.sathe65687@example.in,9513860184,86/437 Bose Zila,Nadiad
1460,conflicting_information,C01276,"Matched using customer_id, but one or more values conflict",C01276,Jagvi Joshi,jagvi.joshi1276@gmail.com,6759164912,76 Bhattacharyya Chowk,Arrah
1461,partial_match,C02777,"Matched using email or phone, but the incoming record has missing values",,MOHINI MANN,,7018826133,749 Bhatti Marg,Silchar
1462,no_match_new_entity,,No reliable master record was found,N00383,Pranit Tailor,pranit.tailor3383@yahoo.com,9257679301,"27/13, Agate Ganj",Dharmavaram
1463,no_match_new_entity,,No reliable master record was found,N00089,Yashica Sodhi,yashica.sodhi3089@yahoo.com,7021975310,"35/13, Dara Path",Maheshtala
1464,conflicting_information,C02939,"Matched using customer_id, but one or more values conflict",C02939,Matthew Ghosh,matthew.ghosh2939@yahoo.com,7467208405,65/477 Sandhu Nagar,Gudivada
1465,partial_match,C00657,"Matched using customer_id, but the incoming record has missing values",C00657,Waida Boase,waida.boase657@hotmail.com,,H.No. 680 Varkey,
1466,no_match_new_entity,,No reliable master record was found,N00017,Ranbir Khanna,ranbir.khanna3017@outlook.com,8271460586,601 Swaminathan Ganj,Fatehpur
1467,partial_match,C00470,"Matched using email or phone, but the incoming record has missing values",,SATHVIK KEER,,6003060251,"H.No. 240, Luthra Nagar",Singrauli
1468,partial_match,C01364,"Matched using email or phone, but the incoming record has missing values",,,neha.baria1364@hotmail.com,6186221745,,Kakinada
1469,conflicting_information,C00967,"Matched using customer_id, but one or more values conflict",C00967,Yashoda Bera,warinder.de967@yahoo.com,7517223773,H.No. 62 Barad Street,Chandrapur
1470,partial_match,C02111,"Matched using name with city/address, but the incoming record has missing values",,Tripti Ratta,,,"H.No. 823, Nazareth Marg",Kolhapur
1471,complete_match,C02301,Matched using customer_id and all available values agree,C02301,Quincy Ratta,quincy.ratta2301@gmail.com,6888804859,94/12 Savant Marg,Kurnool
1472,conflicting_information,C02419,"Matched using customer_id, but one or more values conflict",C02419,Harita Ganguly,harita.ganguly2419@yahoo.com,8572919873,"031, Rastogi Path",Berhampore
1473,no_match_new_entity,,No reliable master record was found,N00392,Lila Deol,lila.deol3392@hotmail.com,6218245722,H.No. 63 Parikh Chowk,Bettiah
1474,partial_match,C00643,"Matched using customer_id, but the incoming record has missing values",C00643,Arjun Deep,arjun.deep643@gmail.com,8086984018,,
1475,complete_match,C01320,Matched using customer_id and all available values agree,C01320,Advay Verma,advay.verma1320@gmail.com,9284877331,51/51 Puri Path,Ichalkaranji
1476,no_match_new_entity,,No reliable master record was found,N00320,Jagvi Kar,jagvi.kar3320@yahoo.com,6481368485,"H.No. 963, Ratti Zila",Durgapur
1477,complete_match,C01944,Matched using customer_id and all available values agree,C01944,Kamya Manda,kamya.manda1944@gmail.com,9436304008,61/263 Sachdev Zila,Proddatur
1478,conflicting_information,C00121,"Matched using customer_id, but one or more values conflict",C00121,Ekantika Chowdhury,ekantika.chowdhury121@gmail.com,8387346696,"96/816, Mall Street",Akola
1479,conflicting_information,C01019,"Matched using customer_id, but one or more values conflict",C01019,Urmi Varughese,qasim.dara45349@example.in,7741190363,"54/82, Bajwa Circle",Serampore
1480,partial_match,C00865,"Matched using customer_id, but the incoming record has missing values",C00865,Ikbal Natt,ikbal.natt865@gmail.com,9004238269,,Hubli–Dharwad
1481,conflicting_information,C00229,"Matched using customer_id, but one or more values conflict",C00229,Teerth Ramachandran,teerth.ramachandran229@hotmail.com,8602599734,"70/20, Peri Path",South Dumdum
1482,no_match_new_entity,,No reliable master record was found,N00064,Vasana Nanda,vasana.nanda3064@hotmail.com,6426695506,"H.No. 371, Ramakrishnan Nagar",Firozabad
1483,partial_match,C00511,"Matched using customer_id, but the incoming record has missing values",C00511,Amruta Oak,,9631310238,,
1484,no_match_new_entity,,No reliable master record was found,N00398,Vidhi Nigam,vidhi.nigam3398@example.in,9104745140,H.No. 939 Sengupta Nagar,Durgapur
1485,complete_match,C02057,Matched using customer_id and all available values agree,C02057,Ikbal Khurana,ikbal.khurana2057@example.in,8281800850,"04/354, Mittal Street",Saharsa
1486,conflicting_information,C02068,"Matched using customer_id, but one or more values conflict",C02068,Yash Rege,januja.iyer34083@yahoo.com,8868799371,H.No. 31 Palla Road,Patiala
1487,no_match_new_entity,,No reliable master record was found,N00044,Qushi Radhakrishnan,qushi.radhakrishnan3044@gmail.com,7522100229,H.No. 18 Atwal Nagar,Arrah
1488,no_match_new_entity,,No reliable master record was found,N00016,Vedant Hayer,vedant.hayer3016@outlook.com,9113699522,H.No. 61 Sagar,Narasaraopet
1489,partial_match,C00080,"Matched using customer_id, but the incoming record has missing values",C00080,Theodore Borra,theodore.borra80@outlook.com,7494944762,,
1490,partial_match,C00178,"Matched using customer_id, but the incoming record has missing values",C00178,Rayaan Wali,,8928180736,,
1491,conflicting_information,C01047,"Matched using customer_id, but one or more values conflict",C01047,Ridhi Bora,ridhi.bora1047@hotmail.com,8048016208,H.No. 819 Dave Street,Darbhanga
1492,no_match_new_entity,,No reliable master record was found,N00110,Karan Bajaj,karan.bajaj3110@outlook.com,6426941066,H.No. 46 Mitra Road,Nizamabad
1493,complete_match,C01169,Matched using customer_id and all available values agree,C01169,Tanish Sama,tanish.sama1169@example.in,9266490764,"H.No. 382, Chada Nagar",Malda
1494,partial_match,C00611,"Matched using customer_id, but the incoming record has missing values",C00611,Abhimanyu Ramesh,,,583 Sahota Circle,
1495,incomplete_match,,Too little reliable information is available,,,,,,
1496,no_match_new_entity,,No reliable master record was found,N00194,Faraj Parsa,faraj.parsa3194@hotmail.com,8010334650,"53/549, Subramanian Circle",Deoghar
1497,partial_match,C01539,"Matched using customer_id, but the incoming record has missing values",C01539,Wakeeta Keer,wakeeta.keer1539@yahoo.com,6490516080,,
1498,no_match_new_entity,,No reliable master record was found,N00252,Adweta Iyer,adweta.iyer3252@outlook.com,7355058835,"35, Pillay Street",Nagpur
1499,partial_match,C02015,"Matched using name with city/address, but the incoming record has missing values",,Hardik Saran,,,,Davanagere
1500,partial_match,C01645,"Matched using customer_id, but the incoming record has missing values",C01645,Tanveer Lala,,6062284274,H.No. 70 Wali Zila,Giridih
1501,partial_match,C01973,"Matched using email or phone, but the incoming record has missing values",,VANSHA MURTY,,7813846464,67/87 Samra Circle,Coimbatore
1502,complete_match,C01975,Matched using customer_id and all available values agree,C01975,Hemangini Wagle,hemangini.wagle1975@yahoo.com,7114102683,H.No. 103 Mall,Nagercoil
1503,partial_match,C00877,"Matched using customer_id, but the incoming record has missing values",C00877,Bhavini Seshadri,,,"957, Desai Zila",
1504,incomplete_match,,Too little reliable information is available,,Abha Seth,,,,
1505,complete_match,C01071,Matched using customer_id and all available values agree,C01071,Charles Mammen,charles.mammen1071@hotmail.com,6951552384,"98/718, Raghavan Chowk",Sri Ganganagar
1506,partial_match,C02955,"Matched using email or phone, but the incoming record has missing values",,VEDHIKA NAIR,,7592616774,037 Rastogi Road,Sangli-Miraj & Kupwad
1507,no_match_new_entity,,No reliable master record was found,N00331,Janani Mohanty,janani.mohanty3331@outlook.com,8397002796,36 Bhatnagar Zila,Chittoor
1508,incomplete_match,,Too little reliable information is available,,Kiaan Dugal,,,,
1509,conflicting_information,C00734,"Matched using customer_id, but one or more values conflict",C00734,Pranav Bobal,pranav.bobal734@hotmail.com,6080325792,H.No. 129 Mohanty Zila,Mirzapur
1510,partial_match,C02228,"Matched using email or phone, but the incoming record has missing values",,,sanaya.nagar2228@hotmail.com,7751048146,,Thiruvananthapuram
1511,partial_match,C02825,"Matched using customer_id, but the incoming record has missing values",C02825,Gautami Memon,gautami.memon2825@yahoo.com,8824191063,,Hajipur
1512,complete_match,C02419,Matched using customer_id and all available values agree,C02419,Harita Ganguly,harita.ganguly2419@yahoo.com,9045889601,480 Palan Street,Berhampore
1513,complete_match,C02290,Matched using customer_id and all available values agree,C02290,Jackson Parmer,jackson.parmer2290@example.in,6850538167,163 Dyal Road,Karimnagar
1514,partial_match,C00398,"Matched using customer_id, but the incoming record has missing values",C00398,Bhavya Dugal,bhavya.dugal398@example.in,,"88/432, Raman Street",
1515,partial_match,C02820,"Matched using email or phone, but the incoming record has missing values",,ZASHIL PATEL,,8069066697,"549, Kadakia Zila",Jorhat
1516,incomplete_match,,Too little reliable information is available,,,,,,Tezpur
1517,partial_match,C01485,"Matched using customer_id, but the incoming record has missing values",C01485,Indali Tandon,,9081644731,,
1518,partial_match,C00490,"Matched using name with city/address, but the incoming record has missing values",,Nicholas Aurora,,,,Panvel
1519,partial_match,C00409,"Matched using email or phone, but the incoming record has missing values",,,aadi.ratti409@example.in,6288352812,,Malegaon
1520,complete_match,C02910,Matched using customer_id and all available values agree,C02910,Zinal Tara,zinal.tara2910@gmail.com,9875496935,22/100 Bhavsar Circle,Hazaribagh
1521,partial_match,C01526,"Matched using email or phone, but the incoming record has missing values",,,champak.bir1526@yahoo.com,7412525470,,Anantapuram
1522,complete_match,C01600,Matched using customer_id and all available values agree,C01600,Liam Panchal,liam.panchal1600@hotmail.com,8813224175,"H.No. 46, Borah Ganj",Dewas
1523,partial_match,C01474,"Matched using customer_id, but the incoming record has missing values",C01474,Vanya Warrior,vanya.warrior1474@yahoo.com,,56/672 Cherian Road,Varanasi
1524,partial_match,C02766,"Matched using customer_id, but the incoming record has missing values",C02766,Om Ramesh,om.ramesh2766@gmail.com,,,Vijayanagaram
1525,no_match_new_entity,,No reliable master record was found,N00246,Quincy Shanker,quincy.shanker3246@yahoo.com,6467982991,"57/676, Garde Circle",Srinagar
1526,partial_match,C01317,"Matched using customer_id, but the incoming record has missing values",C01317,Daksha Grover,,,,Gulbarga
1527,conflicting_information,C01014,"Matched using customer_id, but one or more values conflict",C01014,Rajata Sundaram,ishaan.sami1014@gmail.com,7720150833,H.No. 832 Verma Road,Jammu
1528,conflicting_information,C00869,"Matched using customer_id, but one or more values conflict",C00869,Jason Sha,kiaan.khurana14508@hotmail.com,9354363099,"978, Subramanian Chowk",Jalandhar
1529,no_match_new_entity,,No reliable master record was found,N00076,Ryan Gupta,ryan.gupta3076@example.in,6369833222,H.No. 199 Mohan Zila,Anand
1530,incomplete_match,,Too little reliable information is available,,,,,,
1531,complete_match,C02718,Matched using customer_id and all available values agree,C02718,Faris Kakar,faris.kakar2718@outlook.com,8166511431,47/80 Saran Circle,Mathura
1532,partial_match,C02284,"Matched using customer_id, but the incoming record has missing values",C02284,Mohammed Natarajan,,9610185808,94 Patla Street,Bhavnagar
1533,no_match_new_entity,,No reliable master record was found,N00236,Vasudha Toor,vasudha.toor3236@outlook.com,6685284572,"H.No. 76, Gade Ganj",Imphal
1534,partial_match,C01348,"Matched using customer_id, but the incoming record has missing values",C01348,Devika Mital,devika.mital1348@example.in,,"H.No. 27, Khosla Chowk",
1535,incomplete_match,,Too little reliable information is available,,,,,,
1536,complete_match,C01413,Matched using customer_id and all available values agree,C01413,Kabir Bath,kabir.bath1413@example.in,9349476129,H.No. 22 Dhingra,Satna
1537,partial_match,C01057,"Matched using customer_id, but the incoming record has missing values",C01057,Luke Wason,,9306177776,,
1538,incomplete_match,,Too little reliable information is available,,Aadhya Sheth,,,,
1539,partial_match,C02933,"Matched using customer_id, but the incoming record has missing values",C02933,Lila Guha,lila.guha2933@yahoo.com,,"16, Sahni Path",Tumkur
1540,no_match_new_entity,,No reliable master record was found,N00020,Irya Konda,irya.konda3020@example.in,8552352787,39 Misra Nagar,Guna
1541,incomplete_match,,Too little reliable information is available,,,,,,
1542,conflicting_information,C02477,"Matched using customer_id, but one or more values conflict",C02477,Peter Varkey,gautami.rajagopalan2477@example.in,7047912560,"H.No. 511, Sastry Street",Haldia
1543,partial_match,C00348,"Matched using customer_id, but the incoming record has missing values",C00348,Ranveer Prasad,,6054405299,,
1544,partial_match,C01426,"Matched using customer_id, but the incoming record has missing values",C01426,Faraj Kashyap,,7483936607,974 Kakar Nagar,
1545,complete_match,C00809,Matched using customer_id and all available values agree,C00809,Oliver Bhat,oliver.bhat809@outlook.com,8138670091,"51, Nagy Nagar",Raebareli
1546,partial_match,C00781,"Matched using customer_id, but the incoming record has missing values",C00781,Hamsini Apte,hamsini.apte781@yahoo.com,9503499620,"44/82, Chaudhuri",
1547,partial_match,C01134,"Matched using customer_id, but the incoming record has missing values",C01134,Mekhala Bhalla,mekhala.bhalla1134@example.in,,85 Sharaf Zila,
1548,incomplete_match,,Too little reliable information is available,,,,,,
1549,partial_match,C01511,"Matched using email or phone, but the incoming record has missing values",,vasudha kannan,vasudha.kannan1511@outlook.com,,35 Nagi Zila,Hyderabad
1550,partial_match,C01344,"Matched using name with city/address, but the incoming record has missing values",,Vrishti Sane,,,,Durgapur
1551,complete_match,C00340,Matched using customer_id and all available values agree,C00340,Maanav Gara,maanav.gara340@outlook.com,6442075756,541 Krishnan Ganj,Jhansi
1552,no_match_new_entity,,No reliable master record was found,N00290,Gaurang Sidhu,gaurang.sidhu3290@yahoo.com,7606250927,"94, Sen Nagar",Gurgaon
1553,complete_match,C00895,Matched using customer_id and all available values agree,C00895,Guneet Varty,guneet.varty895@outlook.com,7942873104,"H.No. 362, Menon Street",Kozhikode
1554,complete_match,C00908,Matched using customer_id and all available values agree,C00908,Gavin Rajagopal,gavin.rajagopal908@example.in,7343637659,"37/067, Bahri Ganj",Khandwa
1555,incomplete_match,,Too little reliable information is available,,,,,,
1556,partial_match,C01321,"Matched using customer_id, but the incoming record has missing values",C01321,Udyati Sen,udyati.sen1321@gmail.com,,,
1557,no_match_new_entity,,No reliable master record was found,N00242,Zilmil Upadhyay,zilmil.upadhyay3242@yahoo.com,8436451534,84/837 Ahluwalia Marg,Raebareli
1558,conflicting_information,C02578,"Matched using customer_id, but one or more values conflict",C02578,Maanav Rajagopal,maanav.rajagopal2578@example.in,6513757303,"H.No. 52, Jani Zila",Bhagalpur
1559,partial_match,C01503,"Matched using customer_id, but the incoming record has missing values",C01503,Amruta Dalal,amruta.dalal1503@yahoo.com,7195596372,,Aligarh
1560,partial_match,C01238,"Matched using customer_id, but the incoming record has missing values",C01238,Dev Mammen,dev.mammen1238@example.in,8615089042,,Parbhani
1561,partial_match,C01884,"Matched using customer_id, but the incoming record has missing values",C01884,Jhalak Narasimhan,,8712483052,"H.No. 73, Karan Circle",
1562,partial_match,C02863,"Matched using email or phone, but the incoming record has missing values",,nitesh ramaswamy,nitesh.ramaswamy2863@gmail.com,,"78, Mammen Nagar",Munger
1563,complete_match,C00098,Matched using customer_id and all available values agree,C00098,Yamini Roy,yamini.roy98@hotmail.com,8745724511,46 Solanki Ganj,Panvel
1564,conflicting_information,C00365,"Matched using customer_id, but one or more values conflict",C00365,Azad Chakrabarti,azad.chakrabarti365@gmail.com,7592864724,"88/48, Palan Circle",Ratlam
1565,no_match_new_entity,,No reliable master record was found,N00365,Amrita Sant,amrita.sant3365@outlook.com,6456127855,"84, Bose Street",Ghaziabad
1566,no_match_new_entity,,No reliable master record was found,N00032,Garima Kannan,garima.kannan3032@yahoo.com,7521246510,614 Sarin Circle,Hajipur
1567,conflicting_information,C01396,"Matched using customer_id, but one or more values conflict",C01396,Hemani Thakur,hemani.thakur1396@hotmail.com,6335577288,"77, Raja Nagar",Hospet
1568,partial_match,C02540,"Matched using customer_id, but the incoming record has missing values",C02540,Dipta Bhattacharyya,dipta.bhattacharyya2540@yahoo.com,7664858227,,
1569,partial_match,C01926,"Matched using email or phone, but the incoming record has missing values",,ADWETA BEN,,8045392514,"H.No. 799, Samra Path",Sambalpur
1570,partial_match,C02248,"Matched using email or phone, but the incoming record has missing values",,HARINI AGRAWAL,,6057211839,22/93 Vig Chowk,Bidar
1571,incomplete_match,,Too little reliable information is available,,,,,,
1572,no_match_new_entity,,No reliable master record was found,N00316,Nicholas Khare,nicholas.khare3316@yahoo.com,6968747670,"H.No. 408, De Street",Sonipat
1573,partial_match,C01136,"Matched using name with city/address, but the incoming record has missing values",,Balvan Ratta,,,,Bhiwandi
1574,complete_match,C00026,Matched using customer_id and all available values agree,C00026,Zarna Ramaswamy,zarna.ramaswamy26@hotmail.com,9144581346,"H.No. 771, Dutt",Kirari Suleman Nagar
1575,no_match_new_entity,,No reliable master record was found,N00297,Jason Iyer,jason.iyer3297@outlook.com,6561525344,H.No. 75 Savant,Munger
1576,conflicting_information,C00952,"Matched using customer_id, but one or more values conflict",C00952,Xiti Halder,tarak.kari952@hotmail.com,8795518514,H.No. 98 Mukhopadhyay Nagar,Shivpuri
1577,conflicting_information,C01719,"Matched using customer_id, but one or more values conflict",C01719,Anita Nagi,mason.dhar82685@yahoo.com,6323226408,215 Dugal,Alappuzha
1578,conflicting_information,C01959,"Matched using customer_id, but one or more values conflict",C01959,Mohammed Bera,parth.bawa17418@outlook.com,7301900624,"H.No. 753, Sankar Nagar",Katihar
1579,conflicting_information,C00627,"Matched using customer_id, but one or more values conflict",C00627,Neha Mukhopadhyay,neha.mukhopadhyay627@hotmail.com,9300264276,H.No. 54 Sarkar Chowk,Alappuzha
1580,partial_match,C00047,"Matched using customer_id, but the incoming record has missing values",C00047,Jasmit Nath,,,11/189 Palla Zila,Mira-Bhayandar
1581,partial_match,C00739,"Matched using email or phone, but the incoming record has missing values",,,devika.saxena739@gmail.com,7613444454,,Raurkela Industrial Township
1582,no_match_new_entity,,No reliable master record was found,N00158,Bahadurjit Sur,bahadurjit.sur3158@hotmail.com,7747978160,H.No. 02 Batra Street,Gwalior
1583,complete_match,C01258,Matched using customer_id and all available values agree,C01258,Yasti Nadkarni,yasti.nadkarni1258@outlook.com,8253103469,H.No. 682 Dave Road,Buxar
1584,no_match_new_entity,,No reliable master record was found,N00002,Gautam Vasa,gautam.vasa3002@example.in,8111830096,H.No. 016 Chawla Street,Dindigul
1585,no_match_new_entity,,No reliable master record was found,N00099,Dalbir Kar,dalbir.kar3099@outlook.com,7545243746,"197, Sabharwal Path",Visakhapatnam
1586,partial_match,C02126,"Matched using customer_id, but the incoming record has missing values",C02126,Arjun Bawa,arjun.bawa2126@yahoo.com,,"20/89, Bajwa Street",Kirari Suleman Nagar
1587,complete_match,C01363,Matched using customer_id and all available values agree,C01363,Yochana Sule,yochana.sule1363@example.in,6326948271,90 Gandhi Path,Karaikudi
1588,complete_match,C02841,Matched using customer_id and all available values agree,C02841,Anya Kaul,anya.kaul2841@example.in,6072253392,H.No. 672 Bumb Nagar,Bhalswa Jahangir Pur
1589,no_match_new_entity,,No reliable master record was found,N00329,Isha Tiwari,isha.tiwari3329@yahoo.com,9734286324,87 Apte Road,Mangalore
1590,no_match_new_entity,,No reliable master record was found,N00105,Priya Ramesh,priya.ramesh3105@outlook.com,7557707621,903 Biswas Ganj,Jaipur
1591,no_match_new_entity,,No reliable master record was found,N00209,Frado Sura,frado.sura3209@outlook.com,9546015417,H.No. 199 Soni Ganj,Bally
1592,complete_match,C01318,Matched using customer_id and all available values agree,C01318,Chaitanya Dhingra,chaitanya.dhingra1318@outlook.com,7573323944,"73/66, Nanda Ganj",Warangal
1593,no_match_new_entity,,No reliable master record was found,N00047,Ekaja Modi,ekaja.modi3047@hotmail.com,7501747202,"667, Sachdev Nagar",Ongole
1594,conflicting_information,C00363,"Matched using customer_id, but one or more values conflict",C00363,Noah Char,noah.char363@yahoo.com,8158247586,"35/534, Balasubramanian Zila",Raipur
1595,complete_match,C02893,Matched using customer_id and all available values agree,C02893,Samar Amble,samar.amble2893@outlook.com,6202275911,H.No. 884 Varghese Marg,Karimnagar
1596,conflicting_information,C01824,"Matched using customer_id, but one or more values conflict",C01824,Suhani Basu,suhani.basu1824@outlook.com,6904901335,"H.No. 09, Mangal Road",Guntakal
1597,partial_match,C02557,"Matched using customer_id, but the incoming record has missing values",C02557,Jairaj Devi,jairaj.devi2557@gmail.com,7340023291,,
1598,partial_match,C01989,"Matched using customer_id, but the incoming record has missing values",C01989,Vedant Batta,,6666556082,H.No. 71 More Circle,Asansol
1599,partial_match,C02111,"Matched using customer_id, but the incoming record has missing values",C02111,Tripti Ratta,,,"H.No. 823, Nazareth Marg",Kolhapur
1600,partial_match,C02887,"Matched using customer_id, but the incoming record has missing values",C02887,Chavvi Mangal,,,"H.No. 50, Pradhan Zila",Tumkur
1601,no_match_new_entity,,No reliable master record was found,N00387,Dakshesh Nazareth,dakshesh.nazareth3387@hotmail.com,8837333965,36/193 Bhavsar Nagar,Anantapuram
1602,partial_match,C02127,"Matched using customer_id, but the incoming record has missing values",C02127,Ladli Johal,,6239027773,,Medininagar
1603,partial_match,C02894,"Matched using email or phone, but the incoming record has missing values",,krishna murthy,krishna.murthy2894@gmail.com,,"57/916, Pal Marg",Raipur
1604,partial_match,C01464,"Matched using customer_id, but the incoming record has missing values",C01464,Kavya Boase,kavya.boase1464@outlook.com,9321772198,,
1605,conflicting_information,C00300,"Matched using customer_id, but one or more values conflict",C00300,Harinakshi Yohannan,jack.buch46758@yahoo.com,9878306347,"87/36, Mannan Marg",Phusro
1606,no_match_new_entity,,No reliable master record was found,N00069,Chaaya Kapur,chaaya.kapur3069@yahoo.com,9674318279,"824, Chad Zila",Bikaner
1607,partial_match,C02498,"Matched using customer_id, but the incoming record has missing values",C02498,Daksh Sule,,8942056545,,
1608,conflicting_information,C01815,"Matched using customer_id, but one or more values conflict",C01815,Kashvi Randhawa,kashvi.randhawa1815@gmail.com,6459347560,40 Bassi Ganj,Bhagalpur
1609,complete_match,C01551,Matched using customer_id and all available values agree,C01551,Ekansh Sharaf,ekansh.sharaf1551@outlook.com,7213461235,H.No. 728 Kibe Path,Mumbai
1610,incomplete_match,,Too little reliable information is available,,Urvashi Kaul,,,,
1611,partial_match,C00140,"Matched using customer_id, but the incoming record has missing values",C00140,Ridhi Sachdev,,,45/181 Menon Nagar,
1612,conflicting_information,C02132,"Matched using customer_id, but one or more values conflict",C02132,Hamsini Gara,hamsini.gara2132@outlook.com,9446295542,"H.No. 338, Choudhury",Asansol
1613,conflicting_information,C01128,"Matched using customer_id, but one or more values conflict",C01128,Tanvi Sehgal,advaith.nori30279@outlook.com,7830585603,"H.No. 89, Dyal Nagar",Bikaner
1614,no_match_new_entity,,No reliable master record was found,N00189,Jhalak Gala,jhalak.gala3189@yahoo.com,7978312543,H.No. 150 Nagy Chowk,Ghaziabad
1615,conflicting_information,C02184,"Matched using customer_id, but one or more values conflict",C02184,Anya Bir,anya.bir2184@outlook.com,6038759505,431 Upadhyay Ganj,Dindigul
1616,partial_match,C02753,"Matched using customer_id, but the incoming record has missing values",C02753,Chandresh Bora,,,,Mangalore
1617,incomplete_match,,Too little reliable information is available,,,,,,
1618,no_match_new_entity,,No reliable master record was found,N00341,Yauvani Sem,yauvani.sem3341@example.in,9181239339,"306, Chana Nagar",Chennai
1619,incomplete_match,,Too little reliable information is available,,Fariq Dugal,,,,
1620,no_match_new_entity,,No reliable master record was found,N00304,Zayan Karan,zayan.karan3304@example.in,8374659024,"H.No. 564, Yohannan Marg",Gorakhpur
1621,conflicting_information,C02734,"Matched using customer_id, but one or more values conflict",C02734,Ekansh Saha,ekansh.saha2734@hotmail.com,9449698041,"H.No. 66, Mand Ganj",Malegaon
1622,partial_match,C02628,"Matched using customer_id, but the incoming record has missing values",C02628,Ekantika Bali,ekantika.bali2628@outlook.com,,39 Choudhary Chowk,
1623,partial_match,C02213,"Matched using name with city/address, but the incoming record has missing values",,Quincy Bose,,,,Miryalaguda
1624,complete_match,C00260,Matched using customer_id and all available values agree,C00260,Kavya Rajagopal,kavya.rajagopal260@hotmail.com,9161287737,"68/43, Ramanathan Marg",Karimnagar
1625,partial_match,C01280,"Matched using name with city/address, but the incoming record has missing values",,Megha Tak,,,"H.No. 34, Wali Chowk",Surendranagar Dudhrej
1626,partial_match,C00698,"Matched using customer_id, but the incoming record has missing values",C00698,Nihal Suresh,nihal.suresh698@example.in,7892640496,431 Tak Nagar,
1627,incomplete_match,,Too little reliable information is available,,Meera Dubey,,,,
1628,no_match_new_entity,,No reliable master record was found,N00024,Orinder Gole,orinder.gole3024@example.in,8038704336,14 Baria Zila,Thoothukudi
1629,no_match_new_entity,,No reliable master record was found,N00247,Tristan Sehgal,tristan.sehgal3247@hotmail.com,6755827735,"H.No. 19, Srivastava Street",Madanapalle
1630,incomplete_match,,Too little reliable information is available,,,,,,
1631,no_match_new_entity,,No reliable master record was found,N00291,Jeevika Ramaswamy,jeevika.ramaswamy3291@example.in,8422813113,44/78 Tailor Ganj,Tirunelveli
1632,complete_match,C02641,Matched using customer_id and all available values agree,C02641,Guneet Buch,guneet.buch2641@yahoo.com,7090585556,33 Gola Path,Karnal
1633,incomplete_match,,Too little reliable information is available,,,,,,
1634,no_match_new_entity,,No reliable master record was found,N00015,Mekhala Guha,mekhala.guha3015@yahoo.com,9154090748,H.No. 687 Sandal Chowk,Singrauli
1635,conflicting_information,C01456,"Matched using customer_id, but one or more values conflict",C01456,Charvi Ranganathan,rohan.sastry1456@hotmail.com,7624708115,05 Hayer Path,Srinagar
1636,complete_match,C00261,Matched using customer_id and all available values agree,C00261,Zayyan Muni,zayyan.muni261@example.in,9583240902,H.No. 25 Karnik Nagar,Kolkata
1637,partial_match,C00419,"Matched using email or phone, but the incoming record has missing values",,,vritti.khatri419@example.in,9845327653,,Kalyan-Dombivli
1638,partial_match,C01531,"Matched using customer_id, but the incoming record has missing values",C01531,Pranav Anand,pranav.anand1531@outlook.com,8209869887,,
1639,conflicting_information,C00223,"Matched using customer_id, but one or more values conflict",C00223,Faris Saini,faris.saini223@gmail.com,9265712092,H.No. 19 Soman Ganj,Buxar
1640,partial_match,C02453,"Matched using customer_id, but the incoming record has missing values",C02453,Kavya Cheema,kavya.cheema2453@hotmail.com,6127206944,"03, Apte Road",
1641,complete_match,C01495,Matched using customer_id and all available values agree,C01495,Dalbir Rau,dalbir.rau1495@gmail.com,8314099236,"365, Dada Road",Aligarh
1642,partial_match,C00982,"Matched using name with city/address, but the incoming record has missing values",,Wishi Upadhyay,,,,Bally
1643,complete_match,C01033,Matched using customer_id and all available values agree,C01033,Vasatika Naidu,vasatika.naidu1033@outlook.com,8165828539,H.No. 52 Khare Chowk,Korba
1644,partial_match,C01748,"Matched using name with city/address, but the incoming record has missing values",,Eshana Chaudhuri,,,73/66 Guha Zila,Hapur
1645,conflicting_information,C01091,"Matched using customer_id, but one or more values conflict",C01091,Nilima Sridhar,orinder.bajaj1091@outlook.com,8369778655,80/808 Morar,Muzaffarpur
1646,conflicting_information,C02486,"Matched using customer_id, but one or more values conflict",C02486,Abeer Som,harini.gaba2486@hotmail.com,8971384134,"39/753, Bobal Path",Danapur
1647,incomplete_match,,Too little reliable information is available,,Nikita Oommen,,,,
1648,no_match_new_entity,,No reliable master record was found,N00287,Elijah Ghosh,elijah.ghosh3287@outlook.com,8521635868,45/95 Memon Road,Ahmednagar
1649,conflicting_information,C00727,"Matched using customer_id, but one or more values conflict",C00727,Widisha Hari,widisha.hari727@gmail.com,7591785927,H.No. 65 Solanki Path,Mahbubnagar
1650,no_match_new_entity,,No reliable master record was found,N00025,Joshua Gupta,joshua.gupta3025@yahoo.com,9800556259,88/71 Sandhu,Giridih
1651,conflicting_information,C01909,"Matched using customer_id, but one or more values conflict",C01909,Osha Hora,zilmil.palan72588@example.in,8409251235,647 Edwin Ganj,Madurai
1652,partial_match,C00034,"Matched using customer_id, but the incoming record has missing values",C00034,Mugdha Om,mugdha.om34@hotmail.com,8396489361,,Jorhat
1653,conflicting_information,C02518,"Matched using customer_id, but one or more values conflict",C02518,Anamika Sampath,anamika.sampath2518@outlook.com,8062522205,H.No. 215 Deshpande Street,Tezpur
1654,partial_match,C02049,"Matched using email or phone, but the incoming record has missing values",,sai narain,sai.narain2049@gmail.com,,"H.No. 616, Sheth Path",Bally
1655,complete_match,C01266,Matched using customer_id and all available values agree,C01266,Yamini Kunda,yamini.kunda1266@example.in,7953095034,"77/724, Bhat Zila",Danapur
1656,partial_match,C00188,"Matched using customer_id, but the incoming record has missing values",C00188,Aadhya Sheth,aadhya.sheth188@outlook.com,,81/87 Doshi Chowk,Darbhanga
1657,incomplete_match,,Too little reliable information is available,,,,,,
1658,partial_match,C00405,"Matched using customer_id, but the incoming record has missing values",C00405,Luke Dyal,,,"27/523, Mukherjee Nagar",
1659,no_match_new_entity,,No reliable master record was found,N00097,Gopal Gopal,gopal.gopal3097@outlook.com,9536198516,"516, Sinha Marg",Sikar
1660,partial_match,C00292,"Matched using customer_id, but the incoming record has missing values",C00292,Isha Bora,,7783305442,,
1661,no_match_new_entity,,No reliable master record was found,N00196,Ekani Uppal,ekani.uppal3196@yahoo.com,8384540755,"H.No. 792, Rai Marg",Bardhaman
1662,complete_match,C02464,Matched using customer_id and all available values agree,C02464,Nirja Sawhney,nirja.sawhney2464@gmail.com,6074000906,"79/23, Hari Chowk",Etawah
1663,conflicting_information,C02052,"Matched using customer_id, but one or more values conflict",C02052,Bakhshi Dalal,bakhshi.dalal2052@outlook.com,7815824431,66/795 Upadhyay Nagar,Hubli–Dharwad
1664,partial_match,C01105,"Matched using email or phone, but the incoming record has missing values",,SIYA CHACKO,,7033884542,"95/516, Bhandari Nagar",Nandyal
1665,no_match_new_entity,,No reliable master record was found,N00307,Omya Raman,omya.raman3307@outlook.com,7675325580,H.No. 710 Malhotra Path,Shimoga
1666,no_match_new_entity,,No reliable master record was found,N00256,Vincent Mahal,vincent.mahal3256@outlook.com,7493492313,14 Mander Zila,Yamunanagar
1667,partial_match,C02868,"Matched using name with city/address, but the incoming record has missing values",,Nicholas Jaggi,,,,Kulti
1668,partial_match,C00200,"Matched using customer_id, but the incoming record has missing values",C00200,Suhani Nayar,suhani.nayar200@outlook.com,,,Rohtak
1669,partial_match,C01071,"Matched using email or phone, but the incoming record has missing values",,charles mammen,charles.mammen1071@hotmail.com,,"98/718, Raghavan Chowk",Sri Ganganagar
1670,conflicting_information,C01779,"Matched using customer_id, but one or more values conflict",C01779,Divya Manda,onkar.peri77198@outlook.com,8194224945,08/23 Gill Ganj,Bally
1671,conflicting_information,C00253,"Matched using customer_id, but one or more values conflict",C00253,Lajita Gupta,edhitha.sani90921@outlook.com,9768626082,"H.No. 396, Mahal Marg",Kadapa
1672,partial_match,C02987,"Matched using customer_id, but the incoming record has missing values",C02987,Ishanvi Venkataraman,,6057381423,"98/95, Kothari Nagar",Pimpri-Chinchwad
1673,partial_match,C00577,"Matched using email or phone, but the incoming record has missing values",,DAKSH NAGY,,8373171398,"71, Sengupta Ganj",Ongole
1674,no_match_new_entity,,No reliable master record was found,N00180,Priya Gaba,priya.gaba3180@gmail.com,6462968752,50/25 Jani Chowk,Morbi
1675,incomplete_match,,Too little reliable information is available,,Brinda Ghosh,,,,
1676,no_match_new_entity,,No reliable master record was found,N00139,Manthan Dhar,manthan.dhar3139@gmail.com,7568404180,"567, Singh Marg",Udupi
1677,no_match_new_entity,,No reliable master record was found,N00100,Abha Lata,abha.lata3100@gmail.com,8172973443,"85/25, Rama Path",Bhimavaram
1678,partial_match,C01199,"Matched using customer_id, but the incoming record has missing values",C01199,Januja Raj,,8200604919,,
1679,complete_match,C00208,Matched using customer_id and all available values agree,C00208,Tanveer Karan,tanveer.karan208@yahoo.com,9567645968,H.No. 240 Kurian Road,Tumkur
1680,incomplete_match,,Too little reliable information is available,,Libni Batra,,,,
1681,partial_match,C02495,"Matched using email or phone, but the incoming record has missing values",,JANAKI MASTER,,7804055031,71/24 Acharya Ganj,Miryalaguda
1682,partial_match,C00197,"Matched using customer_id, but the incoming record has missing values",C00197,Qadim Sura,qadim.sura197@outlook.com,,"77/60, Pillay Path",Sultan Pur Majra
1683,conflicting_information,C01825,"Matched using customer_id, but one or more values conflict",C01825,Ayushman Mahajan,simon.verma1825@gmail.com,8056412241,"81, Sarma Path",Guwahati
1684,partial_match,C02718,"Matched using customer_id, but the incoming record has missing values",C02718,Faris Kakar,faris.kakar2718@outlook.com,,47/80 Saran Circle,Mathura
1685,conflicting_information,C00671,"Matched using customer_id, but one or more values conflict",C00671,Alexander Sampath,alexander.sampath671@outlook.com,6049009918,"93/38, Dash Street",Tenali
1686,partial_match,C01719,"Matched using customer_id, but the incoming record has missing values",C01719,Anita Nagi,anita.nagi1719@example.in,6213518674,,Alappuzha
1687,complete_match,C02711,Matched using customer_id and all available values agree,C02711,Amruta Misra,amruta.misra2711@gmail.com,9937231824,764 Goswami Marg,Kirari Suleman Nagar
1688,partial_match,C00411,"Matched using customer_id, but the incoming record has missing values",C00411,Isaac Gokhale,isaac.gokhale411@hotmail.com,,,Ballia
1689,conflicting_information,C02919,"Matched using customer_id, but one or more values conflict",C02919,Maanav Devan,dalaja.misra2919@outlook.com,7199007300,"H.No. 423, Master Nagar",Hajipur
1690,complete_match,C00040,Matched using customer_id and all available values agree,C00040,Frederick Pillai,frederick.pillai40@outlook.com,6131630831,"264, Bhavsar Street",Jalna
1691,partial_match,C00226,"Matched using customer_id, but the incoming record has missing values",C00226,Anita Chandra,anita.chandra226@example.in,,74/397 Kakar Circle,Miryalaguda
1692,incomplete_match,,Too little reliable information is available,,Sathvik Keer,,,,
1693,complete_match,C02696,Matched using customer_id and all available values agree,C02696,Xiti Manne,xiti.manne2696@gmail.com,8653183881,H.No. 25 Saini Nagar,Baranagar
1694,no_match_new_entity,,No reliable master record was found,N00372,Dayita Vora,dayita.vora3372@yahoo.com,9597943485,"H.No. 642, Halder Circle",Morbi
1695,conflicting_information,C00831,"Matched using customer_id, but one or more values conflict",C00831,Harrison Guha,harrison.guha831@outlook.com,9064327920,"008, Gulati Road",Serampore
1696,no_match_new_entity,,No reliable master record was found,N00379,Lakshmi Ganesan,lakshmi.ganesan3379@outlook.com,6189663836,"H.No. 589, Misra Street",Ghaziabad
1697,partial_match,C00777,"Matched using customer_id, but the incoming record has missing values",C00777,Owen Sarkar,owen.sarkar777@gmail.com,6064547287,"H.No. 368, Balasubramanian Nagar",
1698,no_match_new_entity,,No reliable master record was found,N00019,Nathan Sule,nathan.sule3019@yahoo.com,7407891743,H.No. 555 Baral Marg,Loni
1699,no_match_new_entity,,No reliable master record was found,N00115,Jason Magar,jason.magar3115@outlook.com,6065819981,35/508 Bhavsar,Gangtok
1700,conflicting_information,C02006,"Matched using customer_id, but one or more values conflict",C02006,Charvi Sundaram,charvi.sundaram2006@outlook.com,6785434366,41/143 Khurana Zila,Karaikudi
1701,no_match_new_entity,,No reliable master record was found,N00095,Widisha Dhingra,widisha.dhingra3095@yahoo.com,8232190999,74/38 Shere Marg,Serampore
1702,partial_match,C01647,"Matched using customer_id, but the incoming record has missing values",C01647,Avi Dugar,,8777894562,H.No. 094 Khatri Chowk,Srinagar
1703,partial_match,C00826,"Matched using customer_id, but the incoming record has missing values",C00826,Krish Hari,krish.hari826@example.in,,H.No. 008 Iyer Path,Jalgaon
1704,incomplete_match,,Too little reliable information is available,,,,,,
1705,complete_match,C01456,Matched using customer_id and all available values agree,C01456,Rohan Sastry,rohan.sastry1456@hotmail.com,7624708115,H.No. 70 Sabharwal Marg,Srinagar
1706,complete_match,C00162,Matched using customer_id and all available values agree,C00162,Maya Kalla,maya.kalla162@yahoo.com,8655917861,"97, Thakur Nagar",Kozhikode
1707,conflicting_information,C01103,"Matched using customer_id, but one or more values conflict",C01103,Hardik Pradhan,hardik.pradhan1103@example.in,6013651399,H.No. 678 Trivedi Road,Ranchi
1708,partial_match,C02476,"Matched using customer_id, but the incoming record has missing values",C02476,Ekiya Nagarajan,ekiya.nagarajan2476@gmail.com,,H.No. 360 More Chowk,
1709,conflicting_information,C01207,"Matched using customer_id, but one or more values conflict",C01207,Nilima Bath,yatin.warrior70382@hotmail.com,8804095082,775 Tiwari Circle,Rohtak
1710,no_match_new_entity,,No reliable master record was found,N00065,Zilmil Ganesan,zilmil.ganesan3065@example.in,7792080523,H.No. 095 Bahl Circle,Hosur
1711,no_match_new_entity,,No reliable master record was found,N00223,Oscar Bansal,oscar.bansal3223@example.in,9753895192,"H.No. 00, Jain Ganj",Gudivada
1712,complete_match,C00297,Matched using customer_id and all available values agree,C00297,Girindra More,girindra.more297@yahoo.com,8806873684,H.No. 876 Sem Path,Khora
1713,partial_match,C02996,"Matched using email or phone, but the incoming record has missing values",,chanchal nagi,chanchal.nagi2996@outlook.com,,"90/79, Sabharwal Ganj",Buxar
1714,complete_match,C01696,Matched using customer_id and all available values agree,C01696,Naveen Mutti,naveen.mutti1696@hotmail.com,9331096104,H.No. 471 Kumar Nagar,Singrauli
1715,partial_match,C01046,"Matched using customer_id, but the incoming record has missing values",C01046,Hemani Jha,,7429511847,,Kadapa
1716,incomplete_match,,Too little reliable information is available,,,,,,Mangalore
1717,no_match_new_entity,,No reliable master record was found,N00122,Meera Mistry,meera.mistry3122@outlook.com,9006004049,"760, Gera Chowk",Thanjavur
1718,no_match_new_entity,,No reliable master record was found,N00140,Anita Bhattacharyya,anita.bhattacharyya3140@hotmail.com,8359499017,14/88 Mistry Road,Jaunpur
1719,partial_match,C02725,"Matched using customer_id, but the incoming record has missing values",C02725,Ekani Karnik,ekani.karnik2725@example.in,,"716, Salvi Ganj",Sambhal
1720,partial_match,C01994,"Matched using customer_id, but the incoming record has missing values",C01994,Ekavir Konda,,,953 Vaidya Street,Orai
1721,partial_match,C02605,"Matched using name with city/address, but the incoming record has missing values",,Ikbal Wali,,,,Visakhapatnam
1722,no_match_new_entity,,No reliable master record was found,N00314,Radhika Mukherjee,radhika.mukherjee3314@example.in,8611676697,H.No. 97 Johal Chowk,Dindigul
1723,conflicting_information,C00491,"Matched using customer_id, but one or more values conflict",C00491,Samarth Nanda,dalaja.kant83253@outlook.com,6818033867,33 Wadhwa Street,Phusro
1724,no_match_new_entity,,No reliable master record was found,N00369,Noah Minhas,noah.minhas3369@gmail.com,8614732583,243 Soman Road,Gorakhpur
1725,complete_match,C02856,Matched using customer_id and all available values agree,C02856,Ira Sura,ira.sura2856@hotmail.com,7190586760,"17/74, Dugar Street",Mumbai
1726,complete_match,C00838,Matched using customer_id and all available values agree,C00838,Vinaya Rout,vinaya.rout838@outlook.com,8736630406,H.No. 287 Wali Chowk,Mahbubnagar
1727,conflicting_information,C01862,"Matched using customer_id, but one or more values conflict",C01862,Divya Warrior,zayyan.garg34392@hotmail.com,8562329694,38/27 Venkatesh Circle,Udaipur
1728,conflicting_information,C02236,"Matched using customer_id, but one or more values conflict",C02236,Yashvi Doctor,chakradev.naidu53465@gmail.com,6594960414,"H.No. 014, Balakrishnan Ganj",Warangal
1729,complete_match,C01744,Matched using customer_id and all available values agree,C01744,Harsh Sekhon,harsh.sekhon1744@example.in,9187593883,998 Kota Ganj,Nizamabad
1730,no_match_new_entity,,No reliable master record was found,N00391,Udyati Balan,udyati.balan3391@gmail.com,7071303413,"289, Kala Street",Nagercoil
1731,partial_match,C02684,"Matched using customer_id, but the incoming record has missing values",C02684,Vihaan Ravi,,,"H.No. 424, Ratti Zila",
1732,conflicting_information,C02949,"Matched using customer_id, but one or more values conflict",C02949,Bachittar Sahota,bachittar.sahota2949@outlook.com,8710826346,"21, Saxena Marg",Madanapalle
1733,partial_match,C00561,"Matched using email or phone, but the incoming record has missing values",,BANJEET GANESH,,6636761331,72/41 Grewal,Jhansi
1734,incomplete_match,,Too little reliable information is available,,,,,,Ujjain
1735,no_match_new_entity,,No reliable master record was found,N00229,Yachana Zacharia,yachana.zacharia3229@yahoo.com,6963677899,489 Dalal,Mysore
1736,partial_match,C01772,"Matched using customer_id, but the incoming record has missing values",C01772,Triveni Jaggi,triveni.jaggi1772@yahoo.com,,H.No. 333 Mani Ganj,
1737,incomplete_match,,Too little reliable information is available,,Oviya Thakkar,,,,
1738,complete_match,C02308,Matched using customer_id and all available values agree,C02308,Deepa Dar,deepa.dar2308@gmail.com,7653381502,226 Tara Street,Panvel
1739,conflicting_information,C01462,"Matched using customer_id, but one or more values conflict",C01462,Ayushman Chaudhari,advik.goel1462@gmail.com,9612735197,50/625 Kaur Path,Kota
1740,no_match_new_entity,,No reliable master record was found,N00343,Harinakshi Patla,harinakshi.patla3343@gmail.com,8609647721,07/03 Vala Street,Phusro
1741,partial_match,C02694,"Matched using email or phone, but the incoming record has missing values",,,janya.pillay2694@outlook.com,8144660983,,Kulti
1742,complete_match,C00170,Matched using customer_id and all available values agree,C00170,Hiral Bala,hiral.bala170@gmail.com,9629775600,"896, Mohanty Nagar",Aizawl
1743,incomplete_match,,Too little reliable information is available,,,,,,
1744,no_match_new_entity,,No reliable master record was found,N00041,Michael Vig,michael.vig3041@hotmail.com,8070985394,"88/949, Sagar Path",Bally
1745,partial_match,C00311,"Matched using customer_id, but the incoming record has missing values",C00311,Sanaya Raj,sanaya.raj311@gmail.com,8945641516,,
1746,no_match_new_entity,,No reliable master record was found,N00397,Jeevika Kohli,jeevika.kohli3397@example.in,8531637843,262 Bath Road,Phagwara
1747,complete_match,C00107,Matched using customer_id and all available values agree,C00107,Amrita Baral,amrita.baral107@hotmail.com,7396947697,10 Rana Path,Udupi
1748,partial_match,C00536,"Matched using name with city/address, but the incoming record has missing values",,Aarnav Dua,,,,Panipat
1749,no_match_new_entity,,No reliable master record was found,N00054,Yauvani Khatri,yauvani.khatri3054@outlook.com,8981632271,283 Warrior Road,Bihar Sharif
1750,complete_match,C00096,Matched using customer_id and all available values agree,C00096,Oliver Pai,oliver.pai96@yahoo.com,9722857481,"H.No. 138, Patil Chowk",Tirupati
1751,partial_match,C02470,"Matched using customer_id, but the incoming record has missing values",C02470,Parth Chowdhury,parth.chowdhury2470@hotmail.com,,,Nadiad
1752,complete_match,C01242,Matched using customer_id and all available values agree,C01242,Anjali Dash,anjali.dash1242@gmail.com,9642758248,"19/12, Cherian Ganj",Tumkur
1753,complete_match,C00372,Matched using customer_id and all available values agree,C00372,Anya Dave,anya.dave372@hotmail.com,6530652036,H.No. 20 Dubey Circle,Erode
1754,partial_match,C00482,"Matched using email or phone, but the incoming record has missing values",,baljiwan nori,baljiwan.nori482@gmail.com,,061 Raj Street,Gorakhpur
1755,incomplete_match,,Too little reliable information is available,,Quincy Khare,,,,
1756,no_match_new_entity,,No reliable master record was found,N00132,Ekiya Krishnamurthy,ekiya.krishnamurthy3132@outlook.com,9822640175,H.No. 07 Mangat Circle,Bhilwara
1757,partial_match,C01805,"Matched using customer_id, but the incoming record has missing values",C01805,Waida Batra,waida.batra1805@yahoo.com,9615131477,73/35 Mody Ganj,
1758,no_match_new_entity,,No reliable master record was found,N00362,Nilima Sampath,nilima.sampath3362@outlook.com,6600389609,H.No. 60 Shankar Path,Allahabad
1759,partial_match,C01479,"Matched using customer_id, but the incoming record has missing values",C01479,Balhaar Garde,balhaar.garde1479@yahoo.com,,82/48 Kashyap Street,Allahabad
1760,no_match_new_entity,,No reliable master record was found,N00238,Fitan Chada,fitan.chada3238@example.in,6086529207,"28/335, Chawla Ganj",Madanapalle
1761,incomplete_match,,Too little reliable information is available,,Jacob Nagar,,,,
1762,partial_match,C00642,"Matched using customer_id, but the incoming record has missing values",C00642,Owen Reddy,,8951630368,,
1763,no_match_new_entity,,No reliable master record was found,N00154,Isha Sant,isha.sant3154@yahoo.com,7621532086,"20/87, Trivedi",Indore
1764,complete_match,C00926,Matched using customer_id and all available values agree,C00926,Amruta Wali,amruta.wali926@example.in,8645026347,H.No. 40 Dalal Road,Sonipat
1765,complete_match,C00120,Matched using customer_id and all available values agree,C00120,Orinder Choudhury,orinder.choudhury120@hotmail.com,9315147519,"37/163, Hayre Nagar",Khandwa
1766,incomplete_match,,Too little reliable information is available,,,,,,Nizamabad
1767,complete_match,C01541,Matched using customer_id and all available values agree,C01541,Wahab Gara,wahab.gara1541@example.in,7665329000,41/858 Guha Road,Gaya
1768,conflicting_information,C01280,"Matched using customer_id, but one or more values conflict",C01280,Megha Tak,megha.tak1280@outlook.com,9256074342,"H.No. 920, Barman Road",Surendranagar Dudhrej
1769,conflicting_information,C00023,"Matched using customer_id, but one or more values conflict",C00023,Irya Nori,anmol.sheth23@example.in,9871299028,"29/464, Mital Zila",Silchar
1770,partial_match,C00204,"Matched using customer_id, but the incoming record has missing values",C00204,Riya Ramakrishnan,,7021976601,"65, Kaur Zila",Kharagpur
1771,incomplete_match,,Too little reliable information is available,,Christopher Verma,,,,
1772,conflicting_information,C02495,"Matched using customer_id, but one or more values conflict",C02495,Janaki Master,janaki.master2495@example.in,7804055031,"04, Lanka Street",Rohtak
1773,conflicting_information,C02874,"Matched using customer_id, but one or more values conflict",C02874,Unni Mand,unni.mand2874@gmail.com,7841845508,"12/459, Menon Road",Korba
1774,no_match_new_entity,,No reliable master record was found,N00306,Forum Setty,forum.setty3306@gmail.com,8997439262,"579, Agrawal Street",Secunderabad
1775,conflicting_information,C02156,"Matched using customer_id, but one or more values conflict",C02156,Xalak Raval,abhimanyu.nayar2156@example.in,9049101954,"H.No. 90, Keer Path",Siwan
1776,complete_match,C02456,Matched using customer_id and all available values agree,C02456,Reyansh Saran,reyansh.saran2456@yahoo.com,9918750426,09/512 Karnik Circle,Ludhiana
1777,conflicting_information,C00685,"Matched using customer_id, but one or more values conflict",C00685,Harsh Goda,geetika.bose685@gmail.com,9094617929,"48/62, Agate Street",Bally
1778,complete_match,C01096,Matched using customer_id and all available values agree,C01096,Kiaan Balay,kiaan.balay1096@gmail.com,9615887379,"21/26, Borde Circle",Jorhat
1779,partial_match,C00475,"Matched using customer_id, but the incoming record has missing values",C00475,Triveni Balakrishnan,,,"H.No. 436, Chadha Circle",
1780,complete_match,C01977,Matched using customer_id and all available values agree,C01977,Hredhaan Aggarwal,hredhaan.aggarwal1977@outlook.com,6913281870,562 Hari Road,Jamnagar
1781,complete_match,C00983,Matched using customer_id and all available values agree,C00983,Jasmit Doshi,jasmit.doshi983@outlook.com,8648814740,H.No. 40 Rao Circle,Raiganj
1782,no_match_new_entity,,No reliable master record was found,N00146,Nirja Trivedi,nirja.trivedi3146@gmail.com,9299226673,H.No. 16 Chana,Tiruppur
1783,conflicting_information,C01084,"Matched using customer_id, but one or more values conflict",C01084,Kashish Radhakrishnan,kashish.radhakrishnan1084@example.in,6332077425,"H.No. 640, Din Zila",Jamnagar
1784,no_match_new_entity,,No reliable master record was found,N00173,Abdul Malhotra,abdul.malhotra3173@example.in,6903315063,H.No. 71 Lad Marg,Hapur
1785,partial_match,C01890,"Matched using email or phone, but the incoming record has missing values",,,odika.bhavsar1890@outlook.com,6767596882,,Indore
1786,complete_match,C01618,Matched using customer_id and all available values agree,C01618,Kashish Arya,kashish.arya1618@outlook.com,6154533634,93 Wali,Secunderabad
1787,no_match_new_entity,,No reliable master record was found,N00052,Yoshita Handa,yoshita.handa3052@hotmail.com,8497782730,H.No. 01 Garde Road,Motihari
1788,no_match_new_entity,,No reliable master record was found,N00163,Anita Brar,anita.brar3163@example.in,9054818765,"697, Gola Zila",Junagadh
1789,incomplete_match,,Too little reliable information is available,,,,,,
1790,incomplete_match,,Too little reliable information is available,,,,,,
1791,conflicting_information,C02164,"Matched using customer_id, but one or more values conflict",C02164,Ryan Banerjee,ryan.banerjee2164@example.in,9965557051,"488, Deshmukh Zila",Madhyamgram
1792,conflicting_information,C02427,"Matched using customer_id, but one or more values conflict",C02427,Abeer Contractor,chasmum.ahluwalia24748@hotmail.com,6098741673,91/71 Kunda,Hapur
1793,partial_match,C02817,"Matched using email or phone, but the incoming record has missing values",,vritti purohit,vritti.purohit2817@hotmail.com,,"H.No. 71, Uppal Path",Morena
1794,partial_match,C00174,"Matched using customer_id, but the incoming record has missing values",C00174,Lila Narayan,lila.narayan174@gmail.com,,,
1795,conflicting_information,C02901,"Matched using customer_id, but one or more values conflict",C02901,Kashish Chahal,warinder.divan37187@hotmail.com,7849282492,"12/300, Kalla Street",Karimnagar
1796,no_match_new_entity,,No reliable master record was found,N00167,Yachana Bora,yachana.bora3167@outlook.com,6457556742,"17/421, Saini Street",Firozabad
1797,partial_match,C00525,"Matched using customer_id, but the incoming record has missing values",C00525,Tejas Aurora,tejas.aurora525@outlook.com,6808788860,,Orai
1798,complete_match,C00490,Matched using customer_id and all available values agree,C00490,Nicholas Aurora,nicholas.aurora490@gmail.com,6953131054,"40/07, Bobal Street",Panvel
1799,no_match_new_entity,,No reliable master record was found,N00108,Hemangini Tiwari,hemangini.tiwari3108@example.in,6300930040,"90/419, Dua Zila",Aligarh
1800,conflicting_information,C01592,"Matched using customer_id, but one or more values conflict",C01592,Sanaya Bal,sanaya.bal1592@gmail.com,7248651125,33 Varghese,Pondicherry
1801,partial_match,C00536,"Matched using customer_id, but the incoming record has missing values",C00536,Aarnav Dua,,,"19, Ray Road",
1802,conflicting_information,C02304,"Matched using customer_id, but one or more values conflict",C02304,Darika Saraf,darika.saraf2304@gmail.com,8666356159,"H.No. 59, Bhargava Chowk",Bettiah
1803,complete_match,C00724,Matched using customer_id and all available values agree,C00724,Riya Pathak,riya.pathak724@gmail.com,7171996625,38/86 Mand Ganj,Tadepalligudem
1804,no_match_new_entity,,No reliable master record was found,N00267,Manya Sinha,manya.sinha3267@example.in,9020032788,759 Kapur Path,Jamshedpur
1805,partial_match,C02443,"Matched using customer_id, but the incoming record has missing values",C02443,Xalak Mangal,xalak.mangal2443@hotmail.com,,,Kavali
1806,conflicting_information,C01446,"Matched using customer_id, but one or more values conflict",C01446,Dipta Datta,vansha.sur47059@example.in,9486724031,90 Banik Chowk,Phagwara
1807,no_match_new_entity,,No reliable master record was found,N00107,Yahvi Ganesh,yahvi.ganesh3107@hotmail.com,9874416977,H.No. 090 Seth Marg,Malda
1808,no_match_new_entity,,No reliable master record was found,N00249,Dominic Vyas,dominic.vyas3249@example.in,8887434863,"257, Goel Marg",Gopalpur
1809,partial_match,C00446,"Matched using customer_id, but the incoming record has missing values",C00446,Dipta Bobal,,,H.No. 588 Chad,Danapur
1810,conflicting_information,C00857,"Matched using customer_id, but one or more values conflict",C00857,Rachit Bassi,noah.doshi52830@gmail.com,9793986653,369 Gera Chowk,Dhule
1811,complete_match,C01439,Matched using customer_id and all available values agree,C01439,Arya Sathe,arya.sathe1439@yahoo.com,7120963871,52/068 Munshi Marg,Karimnagar
1812,complete_match,C02877,Matched using customer_id and all available values agree,C02877,Girik Bhardwaj,girik.bhardwaj2877@outlook.com,9362431863,"H.No. 871, Ganguly",Panvel
1813,no_match_new_entity,,No reliable master record was found,N00093,Jalsa Purohit,jalsa.purohit3093@yahoo.com,7608876862,455 Wali Nagar,Ahmednagar
1814,partial_match,C00689,"Matched using email or phone, but the incoming record has missing values",,,faras.aggarwal689@outlook.com,6412093780,,Chennai
1815,complete_match,C02310,Matched using customer_id and all available values agree,C02310,Indira Iyengar,indira.iyengar2310@gmail.com,8939371126,H.No. 79 Mohan Path,Hyderabad
1816,conflicting_information,C01979,"Matched using customer_id, but one or more values conflict",C01979,Laban Vasa,zaid.edwin22138@gmail.com,8054526407,"H.No. 106, Seshadri Zila",Dewas
1817,complete_match,C00979,Matched using customer_id and all available values agree,C00979,Vanya Hegde,vanya.hegde979@outlook.com,7442038523,75/103 Gokhale Nagar,Jaipur
1818,partial_match,C00223,"Matched using customer_id, but the incoming record has missing values",C00223,Faris Saini,,9265712092,440 Patil Street,
1819,complete_match,C01366,Matched using customer_id and all available values agree,C01366,Lucky Gole,lucky.gole1366@gmail.com,9865061318,H.No. 000 Andra Circle,Guntur
1820,partial_match,C00186,"Matched using customer_id, but the incoming record has missing values",C00186,Ishita Rajagopalan,ishita.rajagopalan186@yahoo.com,9636432926,,Ghaziabad
1821,conflicting_information,C00633,"Matched using customer_id, but one or more values conflict",C00633,Maanas Shah,maanas.shah633@hotmail.com,9687103866,H.No. 28 Sekhon Circle,Aurangabad
1822,partial_match,C00652,"Matched using name with city/address, but the incoming record has missing values",,Anika Handa,,,"31/954, Bhavsar Chowk",Ludhiana
1823,partial_match,C01444,"Matched using customer_id, but the incoming record has missing values",C01444,Wakeeta Chauhan,,,H.No. 28 Kothari Marg,Satara
1824,complete_match,C02576,Matched using customer_id and all available values agree,C02576,Anita Pandya,anita.pandya2576@gmail.com,7061285987,H.No. 11 Menon Zila,Guntakal
1825,partial_match,C02334,"Matched using customer_id, but the incoming record has missing values",C02334,Ishwar Butala,ishwar.butala2334@gmail.com,,"19, Amble Zila",Bhimavaram
1826,conflicting_information,C00259,"Matched using customer_id, but one or more values conflict",C00259,Omkaar Buch,omkaar.buch259@example.in,7273086041,04/794 Sheth Road,Bellary
1827,partial_match,C02711,"Matched using customer_id, but the incoming record has missing values",C02711,Amruta Misra,,9937231824,,
1828,incomplete_match,,Too little reliable information is available,,,,,,
1829,no_match_new_entity,,No reliable master record was found,N00152,Damini Ganguly,damini.ganguly3152@outlook.com,6324694898,"79/785, Jain Chowk",Varanasi
1830,partial_match,C02096,"Matched using customer_id, but the incoming record has missing values",C02096,Caleb Nagar,,,,Morena
1831,incomplete_match,,Too little reliable information is available,,Victor Parmer,,,,
1832,partial_match,C01615,"Matched using customer_id, but the incoming record has missing values",C01615,Neelima Barad,,9431180137,,Loni
1833,complete_match,C01853,Matched using customer_id and all available values agree,C01853,Radha Bava,radha.bava1853@example.in,8992301594,75 Bhatia Road,Raichur
1834,partial_match,C00841,"Matched using email or phone, but the incoming record has missing values",,bhavika lala,bhavika.lala841@yahoo.com,,"H.No. 734, Jayaraman Path",Giridih
1835,complete_match,C00865,Matched using customer_id and all available values agree,C00865,Ikbal Natt,ikbal.natt865@gmail.com,9004238269,H.No. 845 Kohli Marg,Hubli–Dharwad
1836,no_match_new_entity,,No reliable master record was found,N00138,Chatura Mistry,chatura.mistry3138@example.in,8121439378,"91/49, Chad Path",Nashik
1837,partial_match,C01145,"Matched using name with city/address, but the incoming record has missing values",,Chakradev Bhandari,,,74 Dora Nagar,Sirsa
1838,no_match_new_entity,,No reliable master record was found,N00028,Riya Dixit,riya.dixit3028@gmail.com,8767196731,"64/50, Modi Road",Kota
1839,complete_match,C00242,Matched using customer_id and all available values agree,C00242,Harinakshi Goda,harinakshi.goda242@gmail.com,8881110323,91/477 Singhal,Barasat
1840,incomplete_match,,Too little reliable information is available,,,,,,
1841,no_match_new_entity,,No reliable master record was found,N00199,Vamakshi Bhatia,vamakshi.bhatia3199@yahoo.com,7771093407,37/36 Chadha Ganj,Sri Ganganagar
1842,complete_match,C01993,Matched using customer_id and all available values agree,C01993,Tejas Murty,tejas.murty1993@hotmail.com,8889193746,"H.No. 355, Sheth Path",Kirari Suleman Nagar
1843,incomplete_match,,Too little reliable information is available,,,,,,
1844,partial_match,C00784,"Matched using email or phone, but the incoming record has missing values",,VYANJANA PALAN,,9893170621,08/028 Anand Ganj,Tezpur
1845,partial_match,C00496,"Matched using customer_id, but the incoming record has missing values",C00496,Ladli Bhalla,ladli.bhalla496@example.in,8596772803,75 Sahota Nagar,
1846,incomplete_match,,Too little reliable information is available,,Abha Tandon,,,,
1847,complete_match,C02319,Matched using customer_id and all available values agree,C02319,Yamini Mutti,yamini.mutti2319@hotmail.com,7752685971,"H.No. 085, Tara Marg",Rohtak
1848,complete_match,C01704,Matched using customer_id and all available values agree,C01704,Chandran Swamy,chandran.swamy1704@hotmail.com,7265093762,"H.No. 93, Balakrishnan Circle",Madhyamgram
1849,conflicting_information,C02672,"Matched using customer_id, but one or more values conflict",C02672,Balvan Mistry,balvan.mistry2672@example.in,6418376058,"75/566, Din",Mangalore
1850,partial_match,C01425,"Matched using customer_id, but the incoming record has missing values",C01425,Ijaya Sidhu,,,H.No. 31 Gara Zila,Hosur
1851,complete_match,C00863,Matched using customer_id and all available values agree,C00863,Ira Kaur,ira.kaur863@gmail.com,9152762794,"H.No. 20, Bhat Circle",Ongole
1852,partial_match,C01824,"Matched using customer_id, but the incoming record has missing values",C01824,Suhani Basu,suhani.basu1824@outlook.com,6904901335,"H.No. 09, Mangal Road",
1853,complete_match,C02001,Matched using customer_id and all available values agree,C02001,Jeremiah Balakrishnan,jeremiah.balakrishnan2001@gmail.com,7003084298,65/92 Khatri Path,Ichalkaranji
1854,complete_match,C01509,Matched using customer_id and all available values agree,C01509,Aayush Cherian,aayush.cherian1509@outlook.com,9981807911,862 Joshi Street,Amaravati
1855,partial_match,C02731,"Matched using name with city/address, but the incoming record has missing values",,Theodore Bhatnagar,,,,Meerut
1856,complete_match,C01046,Matched using customer_id and all available values agree,C01046,Hemani Jha,hemani.jha1046@hotmail.com,7429511847,"H.No. 112, Dua Chowk",Kadapa
1857,partial_match,C00906,"Matched using customer_id, but the incoming record has missing values",C00906,Charan Yohannan,charan.yohannan906@yahoo.com,6251302325,,Maheshtala
1858,no_match_new_entity,,No reliable master record was found,N00116,Oeshi Sama,oeshi.sama3116@yahoo.com,8081810437,"H.No. 82, Prasad",Mehsana
1859,partial_match,C00199,"Matched using customer_id, but the incoming record has missing values",C00199,Netra Pau,netra.pau199@hotmail.com,,714 Mann Circle,New Delhi
1860,conflicting_information,C02462,"Matched using customer_id, but one or more values conflict",C02462,Rajata Bhandari,rajata.bhandari2462@outlook.com,9909221103,"415, Wali Chowk",Gurgaon
1861,partial_match,C01549,"Matched using customer_id, but the incoming record has missing values",C01549,Jalsa Bawa,,7246969249,,
1862,complete_match,C01270,Matched using customer_id and all available values agree,C01270,Eshana Dubey,eshana.dubey1270@gmail.com,9989804927,57/718 Manne Road,Udaipur
1863,partial_match,C00438,"Matched using email or phone, but the incoming record has missing values",,megha sekhon,megha.sekhon438@example.in,,"65, Bhakta Nagar",Sasaram
1864,complete_match,C00172,Matched using customer_id and all available values agree,C00172,Urvi Nagy,urvi.nagy172@gmail.com,6710931587,31/671 Sankaran Marg,Mumbai
1865,no_match_new_entity,,No reliable master record was found,N00048,Rishi Swaminathan,rishi.swaminathan3048@gmail.com,9618858787,"66/02, Sharaf Chowk",Patna
1866,partial_match,C01189,"Matched using customer_id, but the incoming record has missing values",C01189,Chaitaly Taneja,,6270255384,H.No. 75 Murty Road,Bikaner
1867,partial_match,C02077,"Matched using customer_id, but the incoming record has missing values",C02077,Sneha Rai,sneha.rai2077@gmail.com,,69/208 Bhatnagar Street,
1868,complete_match,C00396,Matched using customer_id and all available values agree,C00396,Bina Ravi,bina.ravi396@example.in,8011886841,"63, Doctor Path",Guntakal
1869,no_match_new_entity,,No reliable master record was found,N00370,Bakhshi Divan,bakhshi.divan3370@yahoo.com,9515072972,67/44 D’Alia Nagar,Thanjavur
1870,partial_match,C02081,"Matched using customer_id, but the incoming record has missing values",C02081,Vyanjana Apte,vyanjana.apte2081@yahoo.com,7712911296,"851, Raval Nagar",
1871,partial_match,C00929,"Matched using customer_id, but the incoming record has missing values",C00929,Widisha Ramaswamy,,9947430859,,
1872,complete_match,C00754,Matched using customer_id and all available values agree,C00754,Nidra Bera,nidra.bera754@outlook.com,9102196659,"H.No. 68, Kade Path",Dehradun
1873,partial_match,C02458,"Matched using customer_id, but the incoming record has missing values",C02458,Vrinda Venkatesh,,9281672947,,
1874,no_match_new_entity,,No reliable master record was found,N00374,Ekavir Sur,ekavir.sur3374@outlook.com,9807228289,H.No. 10 Shan Road,Thiruvananthapuram
1875,conflicting_information,C00178,"Matched using customer_id, but one or more values conflict",C00178,Gunbir Anand,rayaan.wali178@example.in,8928180736,"49, Gole Circle",Kadapa
1876,incomplete_match,,Too little reliable information is available,,,,,,
1877,complete_match,C02222,Matched using customer_id and all available values agree,C02222,Vedant Sawhney,vedant.sawhney2222@gmail.com,8704687329,H.No. 20 Rajagopal Chowk,Bilaspur
1878,partial_match,C02962,"Matched using customer_id, but the incoming record has missing values",C02962,Deepa Sodhi,,9389155334,436 Cheema Road,
1879,partial_match,C02813,"Matched using email or phone, but the incoming record has missing values",,,indali.nadkarni2813@gmail.com,7946534234,,Erode
1880,no_match_new_entity,,No reliable master record was found,N00261,Inaya Wagle,inaya.wagle3261@outlook.com,6463268012,"30, Zachariah",Rajkot
1881,partial_match,C02268,"Matched using customer_id, but the incoming record has missing values",C02268,David Bora,,7786563440,"30/267, Narayanan Street",
1882,complete_match,C00736,Matched using customer_id and all available values agree,C00736,Falak Batta,falak.batta736@gmail.com,8347369874,"312, Kala Marg",Singrauli
1883,conflicting_information,C02745,"Matched using customer_id, but one or more values conflict",C02745,Oeshi Butala,chandresh.mistry19002@outlook.com,7857535389,"H.No. 571, Raj Ganj",Amritsar
1884,conflicting_information,C00691,"Matched using customer_id, but one or more values conflict",C00691,Champak Loke,jason.vig56336@hotmail.com,9199912769,"26/103, Mukhopadhyay Chowk",Patna
1885,partial_match,C01123,"Matched using email or phone, but the incoming record has missing values",,charles chaudhari,charles.chaudhari1123@yahoo.com,,73/512 Gade Path,Hyderabad
1886,partial_match,C02413,"Matched using email or phone, but the incoming record has missing values",,sai shukla,sai.shukla2413@yahoo.com,,"958, Subramanian Ganj",Tadipatri
1887,partial_match,C02885,"Matched using name with city/address, but the incoming record has missing values",,Vanya Sabharwal,,,"61, Sha Nagar",Bhubaneswar
1888,no_match_new_entity,,No reliable master record was found,N00130,Edhitha Basak,edhitha.basak3130@hotmail.com,8620383658,"H.No. 357, Srinivas Circle",Raebareli
1889,complete_match,C02329,Matched using customer_id and all available values agree,C02329,Yochana Raman,yochana.raman2329@outlook.com,6510775494,H.No. 193 Venkataraman Marg,Gandhinagar
1890,partial_match,C02931,"Matched using name with city/address, but the incoming record has missing values",,Yashodhara Gandhi,,,"692, Basak Zila",Akola
1891,conflicting_information,C01927,"Matched using customer_id, but one or more values conflict",C01927,Krish Arya,krish.arya1927@hotmail.com,7778682481,"88/367, Mitter Road",Tenali
1892,no_match_new_entity,,No reliable master record was found,N00045,Balendra Misra,balendra.misra3045@gmail.com,9936166709,H.No. 97 Pal Circle,Gandhinagar
1893,partial_match,C00616,"Matched using customer_id, but the incoming record has missing values",C00616,Zarna Saraf,zarna.saraf616@hotmail.com,8434481744,,Allahabad
1894,no_match_new_entity,,No reliable master record was found,N00206,Ekansh Chaudhari,ekansh.chaudhari3206@outlook.com,7779603897,10/837 Tank,Udaipur
1895,conflicting_information,C00560,"Matched using customer_id, but one or more values conflict",C00560,Upasna Gara,nirja.rao560@hotmail.com,8137227318,78/768 Kunda Street,Sambalpur
1896,complete_match,C02984,Matched using customer_id and all available values agree,C02984,Watika Kalita,watika.kalita2984@gmail.com,8808518194,"H.No. 00, Desai",Bhavnagar
1897,complete_match,C01186,Matched using customer_id and all available values agree,C01186,Vihaan Gupta,vihaan.gupta1186@yahoo.com,7356354684,"83, Narayan Zila",Bokaro
1898,partial_match,C00530,"Matched using name with city/address, but the incoming record has missing values",,Alexander Bera,,,,Coimbatore
1899,complete_match,C02223,Matched using customer_id and all available values agree,C02223,Ekani Prashad,ekani.prashad2223@gmail.com,6501518746,"06/33, Srinivas Circle",Gandhinagar
1900,partial_match,C00400,"Matched using email or phone, but the incoming record has missing values",,madhavi agate,madhavi.agate400@hotmail.com,,42 Shere Chowk,Nangloi Jat
1901,complete_match,C02539,Matched using customer_id and all available values agree,C02539,Zashil Ranganathan,zashil.ranganathan2539@yahoo.com,8260383123,H.No. 90 Gara Circle,Bhatpara
1902,conflicting_information,C02021,"Matched using customer_id, but one or more values conflict",C02021,Harsh Chatterjee,pallavi.trivedi61007@outlook.com,8595817756,"69/509, Kumer Ganj",Lucknow
1903,no_match_new_entity,,No reliable master record was found,N00299,Pavani Gera,pavani.gera3299@example.in,6716520813,"H.No. 399, Sama Chowk",Jhansi
1904,conflicting_information,C02870,"Matched using customer_id, but one or more values conflict",C02870,Hiral Biswas,hiral.biswas2870@outlook.com,8697806783,"17, Gulati",Surat
1905,conflicting_information,C02490,"Matched using customer_id, but one or more values conflict",C02490,Falak Gole,falak.gole2490@gmail.com,9965528925,"671, Rajagopal",Raiganj
1906,partial_match,C01729,"Matched using customer_id, but the incoming record has missing values",C01729,George Deol,george.deol1729@yahoo.com,,,
1907,complete_match,C02055,Matched using customer_id and all available values agree,C02055,Zaitra Dubey,zaitra.dubey2055@gmail.com,8983454229,"17/982, Chanda Street",Raichur
1908,no_match_new_entity,,No reliable master record was found,N00396,Qabil Ram,qabil.ram3396@example.in,6275596438,"25/539, Wadhwa Street",Kolhapur
1909,partial_match,C01841,"Matched using customer_id, but the incoming record has missing values",C01841,Oliver Hegde,,,,Kurnool
1910,partial_match,C01313,"Matched using customer_id, but the incoming record has missing values",C01313,Mugdha Khurana,,6394119157,"28/078, Bedi Path",
1911,incomplete_match,,Too little reliable information is available,,,,,,
1912,conflicting_information,C01660,"Matched using customer_id, but one or more values conflict",C01660,Kritika Rau,kritika.rau1660@gmail.com,8288371475,"75/93, Misra Ganj",Bangalore
1913,no_match_new_entity,,No reliable master record was found,N00204,Thomas Buch,thomas.buch3204@example.in,9755055736,H.No. 850 Yadav Road,Gudivada
1914,complete_match,C00774,Matched using customer_id and all available values agree,C00774,Qabil Hegde,qabil.hegde774@hotmail.com,8263908165,"665, Bhardwaj Circle",Sasaram
1915,partial_match,C00996,"Matched using email or phone, but the incoming record has missing values",,MADHAV PRABHU,,8455321774,"29, Kapoor",Salem
1916,no_match_new_entity,,No reliable master record was found,N00104,Guneet Mahajan,guneet.mahajan3104@hotmail.com,7588932593,63/14 Din Path,Panvel
1917,no_match_new_entity,,No reliable master record was found,N00176,Chatura Verma,chatura.verma3176@yahoo.com,9128529593,16/09 Sinha Ganj,Gulbarga
1918,partial_match,C02042,"Matched using email or phone, but the incoming record has missing values",,,isha.chaudhuri2042@outlook.com,7197997377,,Hajipur
1919,incomplete_match,,Too little reliable information is available,,Triya Arora,,,,
1920,partial_match,C01617,"Matched using customer_id, but the incoming record has missing values",C01617,Jonathan Rege,jonathan.rege1617@example.in,,"93/327, Naik Marg",Thanjavur
1921,complete_match,C00686,Matched using customer_id and all available values agree,C00686,Urmi Borde,urmi.borde686@hotmail.com,8189120662,98 Setty Path,Akola
1922,no_match_new_entity,,No reliable master record was found,N00274,Warjas Kar,warjas.kar3274@outlook.com,7400798755,98 Kala,Bally
1923,conflicting_information,C02161,"Matched using customer_id, but one or more values conflict",C02161,Vincent Barman,vincent.barman2161@hotmail.com,7652056295,"31/806, Manne",Bhiwani
1924,complete_match,C01759,Matched using customer_id and all available values agree,C01759,Maanas Ben,maanas.ben1759@example.in,8327069035,074 Kalita Zila,Jodhpur
1925,conflicting_information,C01936,"Matched using customer_id, but one or more values conflict",C01936,Zehaan Tailor,logan.zacharia1936@hotmail.com,9839544548,"63, Thakkar Marg",Solapur
1926,complete_match,C00728,Matched using customer_id and all available values agree,C00728,Adya Nath,adya.nath728@outlook.com,9522726714,078 Cherian Path,Burhanpur
1927,complete_match,C00747,Matched using customer_id and all available values agree,C00747,Viraj Thakkar,viraj.thakkar747@hotmail.com,8354627752,H.No. 739 Chauhan Ganj,Allahabad
1928,partial_match,C02299,"Matched using customer_id, but the incoming record has missing values",C02299,Yatin Kar,,7699656714,,Bhind
1929,partial_match,C01171,"Matched using customer_id, but the incoming record has missing values",C01171,Rayaan Cheema,,8041194247,,
1930,no_match_new_entity,,No reliable master record was found,N00169,Ucchal Deo,ucchal.deo3169@yahoo.com,9469775880,H.No. 32 Sabharwal Circle,Panipat
1931,conflicting_information,C02452,"Matched using customer_id, but one or more values conflict",C02452,Michael Kannan,michael.kannan2452@yahoo.com,7696735012,880 Brahmbhatt Ganj,Sri Ganganagar
1932,complete_match,C01064,Matched using customer_id and all available values agree,C01064,Veer Sanghvi,veer.sanghvi1064@outlook.com,6369991095,"H.No. 14, Ganesan Chowk",Muzaffarpur
1933,no_match_new_entity,,No reliable master record was found,N00166,Reva Pillay,reva.pillay3166@example.in,9152559639,"294, Saxena Circle",Tumkur
1934,partial_match,C00893,"Matched using email or phone, but the incoming record has missing values",,,harinakshi.oommen893@outlook.com,7074632857,,Kumbakonam
1935,no_match_new_entity,,No reliable master record was found,N00195,Upadhriti Issac,upadhriti.issac3195@gmail.com,8959646025,"H.No. 43, Samra Circle",Belgaum
1936,no_match_new_entity,,No reliable master record was found,N00213,Lavanya Dubey,lavanya.dubey3213@yahoo.com,6776986717,"36/986, Viswanathan Marg",Hajipur
1937,no_match_new_entity,,No reliable master record was found,N00175,Damini Upadhyay,damini.upadhyay3175@example.in,9392756089,"88/238, Purohit Chowk",Hubli–Dharwad
1938,complete_match,C02416,Matched using customer_id and all available values agree,C02416,Yadavi Singh,yadavi.singh2416@example.in,7379596584,"29/25, Sampath Zila",Gopalpur
1939,conflicting_information,C02403,"Matched using customer_id, but one or more values conflict",C02403,Wridesh Kurian,wridesh.kurian2403@hotmail.com,6227717359,"H.No. 738, Krishnamurthy Path",Pondicherry
1940,conflicting_information,C00971,"Matched using customer_id, but one or more values conflict",C00971,Amol Dhaliwal,elijah.parsa971@hotmail.com,6193415076,H.No. 482 Dar Street,Gudivada
1941,complete_match,C00658,Matched using customer_id and all available values agree,C00658,Harinakshi Dhar,harinakshi.dhar658@example.in,7145221639,"82, Parmar Chowk",Amritsar
1942,conflicting_information,C00539,"Matched using customer_id, but one or more values conflict",C00539,Warinder Bava,bakhshi.chandra539@hotmail.com,6967179412,"33/726, Aggarwal Ganj",Aligarh
1943,partial_match,C02844,"Matched using customer_id, but the incoming record has missing values",C02844,Tanmayi Chhabra,tanmayi.chhabra2844@hotmail.com,,85 Nigam Street,Gopalpur
1944,partial_match,C01604,"Matched using customer_id, but the incoming record has missing values",C01604,Ojasvi Tripathi,ojasvi.tripathi1604@outlook.com,9607609078,"H.No. 37, Suresh Zila",
1945,conflicting_information,C00609,"Matched using customer_id, but one or more values conflict",C00609,Ishanvi Sastry,ishanvi.sastry609@example.in,6322702731,58/100 Golla Chowk,Amravati
1946,complete_match,C01050,Matched using customer_id and all available values agree,C01050,Megha Char,megha.char1050@gmail.com,6959826954,85/435 Lanka Marg,Bulandshahr
1947,incomplete_match,,Too little reliable information is available,,,,,,
1948,no_match_new_entity,,No reliable master record was found,N00243,Chandresh Lata,chandresh.lata3243@hotmail.com,7080702767,"14, Chakraborty Ganj",Loni
1949,partial_match,C02157,"Matched using customer_id, but the incoming record has missing values",C02157,Madhav Singh,,,"H.No. 493, Samra Path",
1950,incomplete_match,,Too little reliable information is available,,,,,,
1951,no_match_new_entity,,No reliable master record was found,N00164,Frado Salvi,frado.salvi3164@gmail.com,6509951300,H.No. 426 Atwal Path,Shahjahanpur
1952,incomplete_match,,Too little reliable information is available,,,,,,
1953,partial_match,C02262,"Matched using customer_id, but the incoming record has missing values",C02262,Zehaan Rastogi,,6245132456,"46, Tiwari Ganj",
1954,incomplete_match,,Too little reliable information is available,,,,,,
1955,partial_match,C01118,"Matched using customer_id, but the incoming record has missing values",C01118,Qasim Pai,qasim.pai1118@outlook.com,8751187865,,Bulandshahr
1956,partial_match,C00221,"Matched using customer_id, but the incoming record has missing values",C00221,Yuvraj Dutt,yuvraj.dutt221@example.in,8557725554,,
1957,complete_match,C02230,Matched using customer_id and all available values agree,C02230,Abeer Misra,abeer.misra2230@hotmail.com,7129927348,"H.No. 25, Edwin Chowk",Pimpri-Chinchwad
1958,conflicting_information,C02785,"Matched using customer_id, but one or more values conflict",C02785,Adweta Dugar,bhavani.manne10811@yahoo.com,8814331947,"43/007, Nazareth Ganj",Phusro
1959,partial_match,C01745,"Matched using customer_id, but the incoming record has missing values",C01745,Christopher Sharma,christopher.sharma1745@yahoo.com,6790781810,"H.No. 10, Morar Marg",
1960,complete_match,C01036,Matched using customer_id and all available values agree,C01036,Teerth Dube,teerth.dube1036@example.in,7538672839,"H.No. 668, Kalla Road",Agartala
1961,partial_match,C00849,"Matched using email or phone, but the incoming record has missing values",,aadi tara,aadi.tara849@outlook.com,,"00, Goyal Street",Kadapa
1962,no_match_new_entity,,No reliable master record was found,N00160,Simon Mody,simon.mody3160@gmail.com,8194898195,"483, Muni",Mahbubnagar
1963,partial_match,C00139,"Matched using name with city/address, but the incoming record has missing values",,Vrinda Pathak,,,,Anantapuram
1964,partial_match,C01867,"Matched using customer_id, but the incoming record has missing values",C01867,Aditya Dixit,,,72 Rastogi Circle,Yamunanagar
1965,incomplete_match,,Too little reliable information is available,,Pranav Bedi,,,,
1966,partial_match,C02983,"Matched using customer_id, but the incoming record has missing values",C02983,Manan Kale,,7414802253,99/112 Minhas Zila,
1967,no_match_new_entity,,No reliable master record was found,N00250,Janaki Chowdhury,janaki.chowdhury3250@gmail.com,7810890398,"83/83, Agate Nagar",Bhusawal
1968,no_match_new_entity,,No reliable master record was found,N00237,Reva Padmanabhan,reva.padmanabhan3237@yahoo.com,6753711558,H.No. 95 Mall Path,Darbhanga
1969,partial_match,C00207,"Matched using customer_id, but the incoming record has missing values",C00207,Chanchal Gour,chanchal.gour207@yahoo.com,9502268617,,
1970,incomplete_match,,Too little reliable information is available,,,,,,
1971,complete_match,C02156,Matched using customer_id and all available values agree,C02156,Abhimanyu Nayar,abhimanyu.nayar2156@example.in,9049101954,"H.No. 90, Keer Path",Kakinada
1972,incomplete_match,,Too little reliable information is available,,Chakradhar Badal,,,,
1973,complete_match,C02192,Matched using customer_id and all available values agree,C02192,Ishanvi Boase,ishanvi.boase2192@example.in,8710926427,073 Randhawa Zila,Kota
1974,incomplete_match,,Too little reliable information is available,,,,,,Faridabad
1975,partial_match,C00648,"Matched using customer_id, but the incoming record has missing values",C00648,Ojasvi Kota,,7076356878,H.No. 542 Hans Street,
1976,partial_match,C01872,"Matched using customer_id, but the incoming record has missing values",C01872,Avi Memon,avi.memon1872@hotmail.com,,,
1977,partial_match,C01548,"Matched using name with city/address, but the incoming record has missing values",,Samesh Sundaram,,,"H.No. 462, Biswas Path",Darbhanga
1978,partial_match,C01364,"Matched using customer_id, but the incoming record has missing values",C01364,Neha Baria,,,161 Ram Chowk,Kakinada
1979,conflicting_information,C00931,"Matched using customer_id, but one or more values conflict",C00931,Nirja Sha,nirja.sha931@yahoo.com,6856937899,"H.No. 710, Viswanathan Marg",Rewa
1980,complete_match,C00892,Matched using customer_id and all available values agree,C00892,Chandresh Rai,chandresh.rai892@gmail.com,9497558042,86 Sampath Marg,Bihar Sharif
1981,complete_match,C00575,Matched using customer_id and all available values agree,C00575,Kavya Chhabra,kavya.chhabra575@hotmail.com,6955887190,H.No. 085 Varkey Circle,Bhavnagar
1982,conflicting_information,C00891,"Matched using customer_id, but one or more values conflict",C00891,Dayamai Khatri,hritik.banik891@gmail.com,8075284563,"49/001, Kumer Street",Udaipur
1983,no_match_new_entity,,No reliable master record was found,N00265,Parth Patla,parth.patla3265@outlook.com,9765440762,49 Bains Ganj,Kalyan-Dombivli
1984,no_match_new_entity,,No reliable master record was found,N00323,Warjas Jaggi,warjas.jaggi3323@example.in,9294142526,58/25 Anne Road,Vijayawada
1985,partial_match,C02667,"Matched using name with city/address, but the incoming record has missing values",,Yauvani Soman,,,,Barasat
1986,complete_match,C02772,Matched using customer_id and all available values agree,C02772,Kashish Prabhu,kashish.prabhu2772@outlook.com,7628183026,"H.No. 587, Guha",Anantapur
1987,no_match_new_entity,,No reliable master record was found,N00228,Faraj Patil,faraj.patil3228@example.in,9984100078,H.No. 19 Bala Chowk,Khandwa
1988,complete_match,C02827,Matched using customer_id and all available values agree,C02827,Ishani Gopal,ishani.gopal2827@example.in,7430727004,H.No. 277 Mangal Ganj,Mumbai
1989,partial_match,C01930,"Matched using name with city/address, but the incoming record has missing values",,Alexander Bajwa,,,,Gurgaon
1990,conflicting_information,C01102,"Matched using customer_id, but one or more values conflict",C01102,Raksha Seshadri,ekansh.patil20240@outlook.com,7982771817,32 Gola Zila,Salem
1991,no_match_new_entity,,No reliable master record was found,N00269,Yashawini Contractor,yashawini.contractor3269@outlook.com,6564380969,88/494 Bhakta Street,Agartala
1992,no_match_new_entity,,No reliable master record was found,N00281,Ranbir Bali,ranbir.bali3281@yahoo.com,6801184782,"52, Gandhi",Kamarhati
1993,no_match_new_entity,,No reliable master record was found,N00080,Xiti Sundaram,xiti.sundaram3080@example.in,9781596169,"359, Chandran Circle",Parbhani
1994,no_match_new_entity,,No reliable master record was found,N00170,Peter Tak,peter.tak3170@gmail.com,9517646263,H.No. 93 Jhaveri Circle,Dehri
1995,conflicting_information,C00658,"Matched using customer_id, but one or more values conflict",C00658,Harinakshi Dhar,harinakshi.dhar658@example.in,7145221639,H.No. 46 Sharaf Circle,Akola
1996,partial_match,C02891,"Matched using name with city/address, but the incoming record has missing values",,Amaira Behl,,,H.No. 70 Dar Path,Bhilwara
1997,partial_match,C02858,"Matched using name with city/address, but the incoming record has missing values",,Aarna Chakraborty,,,,Kadapa
1998,complete_match,C00284,Matched using customer_id and all available values agree,C00284,Rishi Shetty,rishi.shetty284@outlook.com,6829988088,H.No. 43 Bora Road,Kottayam
1999,partial_match,C02921,"Matched using name with city/address, but the incoming record has missing values",,Aarnav Amble,,,,Sambalpur
2000,complete_match,C01290,Matched using customer_id and all available values agree,C01290,Ubika Ghosh,ubika.ghosh1290@yahoo.com,7570778583,"H.No. 18, Dora Path",Dewas
