customer_id,name,email,phone,address,city
C00001,Utkarsh Sheth,utkarsh.sheth1@gmail.com,7469089953,"08/948, Balakrishnan Path",Unnao
C00002,Yashica Venkataraman,yashica.venkataraman2@gmail.com,7466356815,"42/22, Koshy Road",Guntur
C00003,Daksha Pai,daksha.pai3@outlook.com,7186826128,"09/236, Krishnan Street",Mira-Bhayandar
C00004,Mugdha Patil,mugdha.patil4@gmail.com,6587186443,"H.No. 08, Dewan Chowk",Bikaner
C00005,Rushil Kurian,rushil.kurian5@gmail.com,8091001926,H.No. 29 Prabhu,Adoni
C00006,Baljiwan Kibe,baljiwan.kibe6@yahoo.com,6982924999,"25, Wable Nagar",Aurangabad
C00007,Manan Rau,manan.rau7@yahoo.com,6585056840,"49/614, Kalita Path",Ramagundam
C00008,Yug Madan,yug.madan8@yahoo.com,9862667226,"03, Handa Street",Vadodara
C00009,Janya Babu,janya.babu9@example.in,8001174032,02 Dubey,Hospet
C00010,Gagan Chaudhari,gagan.chaudhari10@gmail.com,7710449788,"58/36, Sodhi",Sasaram
C00011,Nidhi Shetty,nidhi.shetty11@yahoo.com,7758514933,H.No. 40 Suresh Chowk,Thane
C00012,Yauvani Viswanathan,yauvani.viswanathan12@gmail.com,9460555743,05 Misra Road,Thoothukudi
C00013,Bishakha Shetty,bishakha.shetty13@yahoo.com,8244098012,"H.No. 03, Jani Road",Khammam
C00014,Keya Hayre,keya.hayre14@yahoo.com,8232656018,94/960 Ganesh Path,Ambarnath
C00015,Mahika Kamdar,mahika.kamdar15@gmail.com,9824550403,H.No. 93 Narain Circle,Howrah
C00016,Rudra Batra,rudra.batra16@outlook.com,9411145068,H.No. 27 Dhaliwal Chowk,Ulhasnagar
C00017,Madhavi Som,madhavi.som17@example.in,7937370931,"83, Hayre Path",Ozhukarai
C00018,Gayathri Nayak,gayathri.nayak18@hotmail.com,7326555199,"73/53, Kata Nagar",Gudivada
C00019,Aarini Oza,aarini.oza19@hotmail.com,6215477346,H.No. 422 Kari Marg,Berhampore
C00020,Ria Sabharwal,ria.sabharwal20@yahoo.com,8289074812,"54/400, Mitra Nagar",Davanagere
C00021,Ranbir Pandit,ranbir.pandit21@example.in,7393522425,H.No. 483 Kuruvilla Ganj,Nizamabad
C00022,Zarna Bhatt,zarna.bhatt22@gmail.com,8334908660,56 Loke Chowk,Kharagpur
C00023,Anmol Sheth,anmol.sheth23@example.in,9871299028,"29/464, Mital Zila",Silchar
C00024,Hemal Boase,hemal.boase24@gmail.com,8008778536,"H.No. 814, Purohit",Hosur
C00025,Balhaar Bhargava,balhaar.bhargava25@example.in,9005377550,96/67 Oommen Circle,Aurangabad
C00026,Zarna Ramaswamy,zarna.ramaswamy26@hotmail.com,9144581346,"H.No. 771, Dutt",Kirari Suleman Nagar
C00027,Champak Johal,champak.johal27@gmail.com,7707312840,"H.No. 752, Thaman Ganj",Bangalore
C00028,Pranit Mangat,pranit.mangat28@yahoo.com,7407336375,"80, Rastogi Street",Naihati
C00029,Kritika Savant,kritika.savant29@gmail.com,9477767843,17/71 Johal Road,Dindigul
C00030,Bachittar Kannan,bachittar.kannan30@example.in,7055258791,"H.No. 89, Ben",Dehradun
C00031,Lekha Mitra,lekha.mitra31@example.in,8705727519,"84, Batra Marg",Ambala
C00032,Yashoda Kannan,yashoda.kannan32@gmail.com,9895577704,26/07 Toor Ganj,Guntakal
C00033,Bahadurjit Sarkar,bahadurjit.sarkar33@example.in,9532465969,55/44 Korpal Chowk,Khora 
C00034,Mugdha Om,mugdha.om34@hotmail.com,8396489361,H.No. 673 Prabhu Road,Jorhat
C00035,Umang Dani,umang.dani35@gmail.com,7384428767,"H.No. 56, Saraf Nagar",Moradabad
C00036,Bhanumati Dave,bhanumati.dave36@example.in,7934658697,76 Grover Path,Orai
C00037,Omya Seth,omya.seth37@example.in,7497330399,67 Murthy Zila,Kota
C00038,Farhan Sandhu,farhan.sandhu38@gmail.com,8054624339,73/665 Wason Path,Amravati
C00039,Pratyush Pai,pratyush.pai39@example.in,6988678617,"H.No. 20, Devan Ganj",Shivpuri
C00040,Frederick Pillai,frederick.pillai40@outlook.com,6131630831,"264, Bhavsar Street",Jalna
C00041,Gautam Keer,gautam.keer41@hotmail.com,8980231040,"H.No. 29, Raj Nagar",Amritsar
C00042,Matthew Gokhale,matthew.gokhale42@gmail.com,7971067250,"H.No. 184, Borah Marg",Salem
C00043,Gunbir Banerjee,gunbir.banerjee43@gmail.com,6883016525,"H.No. 848, Sharaf Circle",Lucknow
C00044,Upadhriti Malhotra,upadhriti.malhotra44@hotmail.com,9686959773,"H.No. 96, Sachdev Zila",Firozabad
C00045,Irya Chaudhari,irya.chaudhari45@hotmail.com,6453233096,"66/797, Choudhary Zila",Sonipat
C00046,Anamika Badami,anamika.badami46@hotmail.com,9680817108,"421, Luthra Chowk",Guntur
C00047,Jasmit Nath,jasmit.nath47@outlook.com,7930848363,11/189 Palla Zila,Mira-Bhayandar
C00048,Mugdha Raj,mugdha.raj48@yahoo.com,8605613443,H.No. 96 Seshadri,Jamshedpur
C00049,Jonathan Kala,jonathan.kala49@example.in,8346619082,"H.No. 679, Murthy Circle",Bhavnagar
C00050,Ikshita Patil,ikshita.patil50@gmail.com,9453719233,92 Guha Chowk,Muzaffarnagar
C00051,Gayathri Lad,gayathri.lad51@example.in,7411733539,H.No. 85 Walla Road,Vellore
C00052,Ranbir Chanda,ranbir.chanda52@yahoo.com,9480677384,H.No. 90 Borah Chowk,Kota
C00053,Ishanvi Shah,ishanvi.shah53@outlook.com,6354975856,987 Tiwari Road,Machilipatnam
C00054,Gaurika Joshi,gaurika.joshi54@example.in,9672511899,H.No. 292 Deol Ganj,Jhansi
C00055,Charles Ben,charles.ben55@outlook.com,6167342064,646 Sood Zila,Sultan Pur Majra
C00056,Rushil Karpe,rushil.karpe56@outlook.com,7760398405,"H.No. 694, Bhatnagar Marg",Proddatur
C00057,Mitali Ramaswamy,mitali.ramaswamy57@example.in,9778074582,"978, Kohli Zila",Raurkela Industrial Township
C00058,Sai Wason,sai.wason58@yahoo.com,8997500193,"H.No. 171, Pai Street",Shimla
C00059,Mahika Chander,mahika.chander59@example.in,6307438633,"96, Babu",Singrauli
C00060,Ojasvi Mishra,ojasvi.mishra60@example.in,9882389942,"H.No. 42, Bassi Street",Madurai
C00061,Anirudh Basak,anirudh.basak61@example.in,6738973000,72 Rajan Chowk,Varanasi
C00062,Veer Chahal,veer.chahal62@outlook.com,7746927221,"376, Lad",Ambattur
C00063,Amaira Sangha,amaira.sangha63@outlook.com,6120541861,"201, Khalsa Street",Raichur
C00064,Praneel Grover,praneel.grover64@gmail.com,7687717363,"003, Yogi",Raichur
C00065,Yasti Palan,yasti.palan65@example.in,7216873450,33/52 Bala Nagar,Anantapur
C00066,Ayushman Bajwa,ayushman.bajwa66@gmail.com,6014077148,H.No. 112 Vora Ganj,Dhanbad
C00067,Bhanumati Narain,bhanumati.narain67@hotmail.com,8599051186,"H.No. 67, Krishnan Marg",Jabalpur
C00068,Liam Manda,liam.manda68@outlook.com,9867075967,"06, Chakraborty Path",Patna
C00069,Darpan Bedi,darpan.bedi69@yahoo.com,9727670265,35 Batta,Bettiah
C00070,Ojasvi Panchal,ojasvi.panchal70@example.in,9861583525,"863, Tella Path",Agartala
C00071,Qarin Dada,qarin.dada71@example.in,9918738121,"H.No. 64, Madan Street",Gandhinagar
C00072,Fiyaz Raman,fiyaz.raman72@gmail.com,6312864751,"H.No. 46, Sarin",Jamalpur
C00073,Jagat Badal,jagat.badal73@gmail.com,8057659281,"H.No. 18, Desai Marg",Saharsa
C00074,Vivaan Patla,vivaan.patla74@yahoo.com,8072774447,"244, Dewan Nagar",Kollam
C00075,Yashawini Sem,yashawini.sem75@yahoo.com,8876919372,H.No. 778 Nagy Road,Dindigul
C00076,Neha Kanda,neha.kanda76@yahoo.com,7297261435,"H.No. 83, Ratta Road",Bihar Sharif
C00077,Rehaan Kamdar,rehaan.kamdar77@example.in,9706992000,H.No. 58 Rai Marg,Ghaziabad
C00078,Brijesh Sarkar,brijesh.sarkar78@yahoo.com,6688181455,"041, Bhagat",Anantapuram
C00079,Onveer Merchant,onveer.merchant79@gmail.com,6126468081,"865, Sandhu",Howrah
C00080,Theodore Borra,theodore.borra80@outlook.com,7494944762,40/91 Gandhi Ganj,Bidhannagar
C00081,Sachi Hayer,sachi.hayer81@yahoo.com,8409524008,H.No. 71 Bhat Ganj,Bangalore
C00082,Yoshita Narula,yoshita.narula82@example.in,8882367828,108 Kala Street,Sirsa
C00083,Advaith Sehgal,advaith.sehgal83@example.in,9647539463,"43/35, Sami Chowk",Silchar
C00084,Shravya Banerjee,shravya.banerjee84@yahoo.com,6778907459,H.No. 295 Sathe,Avadi
C00085,Bhavani Bala,bhavani.bala85@outlook.com,6521532676,"17/179, Konda Circle",Ramgarh
C00086,Garima Gola,garima.gola86@example.in,8767119014,"58/39, Atwal Ganj",Phagwara
C00087,Patrick Dube,patrick.dube87@hotmail.com,8538026322,"012, Tiwari Chowk",Orai
C00088,Ishani Mital,ishani.mital88@hotmail.com,7463679938,"354, Kashyap Nagar",Muzaffarnagar
C00089,Amara Randhawa,amara.randhawa89@hotmail.com,6500721461,57/936 Char,Nagaon
C00090,Yashawini Bawa,yashawini.bawa90@yahoo.com,9441531139,"H.No. 02, Jayaraman Chowk",Shimla
C00091,Libni Garg,libni.garg91@outlook.com,9872348216,64 Hayer Marg,Jorhat
C00092,Kamala Dewan,kamala.dewan92@yahoo.com,8318362128,"67/32, Chada Chowk",Kalyan-Dombivli
C00093,Oviya Thakkar,oviya.thakkar93@hotmail.com,6122773909,"174, Mutti Path",Salem
C00094,Kamya Bhavsar,kamya.bhavsar94@hotmail.com,7553024380,"622, Naik Ganj",Ranchi
C00095,Banjeet Mannan,banjeet.mannan95@hotmail.com,7267329608,48/58 Datta Nagar,Junagadh
C00096,Oliver Pai,oliver.pai96@yahoo.com,9722857481,"H.No. 138, Patil Chowk",Tirupati
C00097,Keya Iyer,keya.iyer97@example.in,7805692109,"H.No. 43, Baria Marg",Thrissur
C00098,Yamini Roy,yamini.roy98@hotmail.com,8745724511,46 Solanki Ganj,Panvel
C00099,Jai Dey,jai.dey99@yahoo.com,7506764327,"93/01, Warrior Zila",Vellore
C00100,Qadim Balay,qadim.balay100@hotmail.com,6128280622,"44, Sahni Chowk",Dhule
C00101,Vasana Warrior,vasana.warrior101@gmail.com,8519978944,825 Bakshi Ganj,Mango
C00102,Nimrat Mittal,nimrat.mittal102@gmail.com,7319293158,"H.No. 90, Basu Marg",Satna
C00103,Harish Keer,harish.keer103@yahoo.com,6413033039,H.No. 554 Chowdhury Road,Begusarai
C00104,Ati Sidhu,ati.sidhu104@gmail.com,7822222409,13/53 Manne Zila,Bhubaneswar
C00105,Krishna Gupta,krishna.gupta105@hotmail.com,9724124775,"40, Choudhury Chowk",Nagpur
C00106,Dakshesh Prabhakar,dakshesh.prabhakar106@yahoo.com,9339681525,"H.No. 52, Kapur Zila",Ramagundam
C00107,Amrita Baral,amrita.baral107@hotmail.com,7396947697,10 Rana Path,Udupi
C00108,Sanya Nagar,sanya.nagar108@gmail.com,6227680529,"32/71, Kala",Tirupati
C00109,Lekha Dara,lekha.dara109@yahoo.com,6913381567,51/24 Dora,Bhalswa Jahangir Pur
C00110,Ranveer Narula,ranveer.narula110@hotmail.com,8353834093,"93/65, Shenoy Ganj",Chandigarh
C00111,Warhi Kaul,warhi.kaul111@gmail.com,6025870899,"30/394, Dada Ganj",North Dumdum
C00112,Arya Dutta,arya.dutta112@gmail.com,8911959336,H.No. 75 Pingle Road,Katihar
C00113,Krishna Pant,krishna.pant113@hotmail.com,7678399487,H.No. 850 Rattan Marg,Thanjavur
C00114,Chakradev Chaudhari,chakradev.chaudhari114@hotmail.com,7670946436,"96, Anne Chowk",Kalyan-Dombivli
C00115,Madhav Chaudhuri,madhav.chaudhuri115@yahoo.com,8103292852,"49/05, Peri Circle",Tenali
C00116,Aarna Patla,aarna.patla116@example.in,6257538112,H.No. 46 Khurana,Kolkata
C00117,Waida Khosla,waida.khosla117@example.in,9819969912,H.No. 54 Lal Circle,Nellore
C00118,Frederick Choudhury,frederick.choudhury118@outlook.com,6453186801,353 Virk,Tiruppur
C00119,Yamini Bhatnagar,yamini.bhatnagar119@gmail.com,7863937122,28/59 Ghosh Path,Bhilwara
C00120,Orinder Choudhury,orinder.choudhury120@hotmail.com,9315147519,"37/163, Hayre Nagar",Khandwa
C00121,Ekantika Chowdhury,ekantika.chowdhury121@gmail.com,6811354220,"96/816, Mall Street",Akola
C00122,Ekiya Pant,ekiya.pant122@yahoo.com,7300085408,51 Ganesh,Patiala
C00123,Yatin Patla,yatin.patla123@hotmail.com,8108073852,76/320 Dutta Circle,Fatehpur
C00124,Siya Gokhale,siya.gokhale124@hotmail.com,7151145601,"00/222, Natarajan Street",Karaikudi
C00125,Anthony Khalsa,anthony.khalsa125@gmail.com,7171487641,"605, Tella Path",Bijapur
C00126,Dev Bera,dev.bera126@hotmail.com,7644684706,"H.No. 594, Kaur Marg",Korba
C00127,Bhavya Chokshi,bhavya.chokshi127@outlook.com,8804415247,"H.No. 617, Narayan Street",Unnao
C00128,Pranav Cheema,pranav.cheema128@yahoo.com,6463933171,"277, Warrior Street",Surendranagar Dudhrej
C00129,Bhavini Gaba,bhavini.gaba129@yahoo.com,9580513007,"116, Magar Street",Kota
C00130,Sai Shroff,sai.shroff130@outlook.com,7684495224,56 Khosla Chowk,Akola
C00131,Udarsh Madan,udarsh.madan131@gmail.com,7095720671,"H.No. 067, Chhabra Chowk",Chapra
C00132,Tamanna Bath,tamanna.bath132@gmail.com,7156475654,16/568 Pau Nagar,Serampore
C00133,Watika Garg,watika.garg133@hotmail.com,8435208610,H.No. 79 Shroff Zila,Kalyan-Dombivli
C00134,Chanakya Zacharia,chanakya.zacharia134@gmail.com,7770620672,"H.No. 63, Loke Street",Chittoor
C00135,Qarin Wagle,qarin.wagle135@hotmail.com,6226243396,37 Dayal Zila,Nagaon
C00136,Guneet Mangat,guneet.mangat136@example.in,6022759318,"91/712, Sha Street",Allahabad
C00137,Xiti Sood,xiti.sood137@yahoo.com,7815640647,56 Radhakrishnan Ganj,Kulti
C00138,Vihaan Dass,vihaan.dass138@gmail.com,6460540597,H.No. 013 Butala Ganj,Rohtak
C00139,Vrinda Pathak,vrinda.pathak139@example.in,8014057369,370 Khalsa Ganj,Anantapuram
C00140,Ridhi Sachdev,ridhi.sachdev140@outlook.com,6508488872,45/181 Menon Nagar,Alappuzha
C00141,Bhavna Peri,bhavna.peri141@gmail.com,7918986012,H.No. 594 Dixit Ganj,Ambala
C00142,Xiti Sami,xiti.sami142@yahoo.com,7679996111,"H.No. 17, Banerjee Street",Chinsurah
C00143,Arin Gour,arin.gour143@outlook.com,8746916390,08 Loke Chowk,Nashik
C00144,Riya Tandon,riya.tandon144@yahoo.com,8475171317,"H.No. 595, Joshi",Srikakulam
C00145,Darsh Bhatt,darsh.bhatt145@example.in,7738572508,64 Gole Circle,Kamarhati
C00146,Xavier Golla,xavier.golla146@example.in,6631839192,"H.No. 85, Bajaj Marg",Kolhapur
C00147,Ekani Hans,ekani.hans147@yahoo.com,7072779509,"94/122, Goda Nagar",Muzaffarpur
C00148,Tanvi Balasubramanian,tanvi.balasubramanian148@hotmail.com,7179075614,"544, Mander Nagar",Adoni
C00149,Sudiksha Wali,sudiksha.wali149@example.in,9753639452,"02/82, Naidu Chowk",Ujjain
C00150,Yadavi Parekh,yadavi.parekh150@gmail.com,8192510982,83/68 Atwal Chowk,Udupi
C00151,Januja Merchant,januja.merchant151@yahoo.com,6981313281,"45/222, Pant Road",Ghaziabad
C00152,Azaan More,azaan.more152@outlook.com,8640882894,"H.No. 42, Aggarwal Circle",Loni
C00153,Mohammed Bahri,mohammed.bahri153@example.in,9416698711,"42/78, Banerjee Marg",Secunderabad
C00154,Ridhi Lad,ridhi.lad154@outlook.com,6775915489,"15/134, Zacharia Path",Solapur
C00155,Amruta Parikh,amruta.parikh155@gmail.com,8646090091,"18/513, Prashad Marg",Salem
C00156,Azaan Khalsa,azaan.khalsa156@outlook.com,7477283855,62/049 Keer Ganj,Hospet
C00157,Upasna Goel,upasna.goel157@example.in,7011988331,04/242 Dutta Road,Firozabad
C00158,Ekbal Natarajan,ekbal.natarajan158@hotmail.com,8103895041,68/04 Tank Ganj,Srikakulam
C00159,Anthony Jayaraman,anthony.jayaraman159@yahoo.com,9084791959,"H.No. 212, Edwin Street",Udupi
C00160,Rudra Pall,rudra.pall160@outlook.com,6666730197,H.No. 98 Sethi Circle,Indore
C00161,Chakradhar Hayer,chakradhar.hayer161@example.in,8914049295,H.No. 41 Nadig Marg,Kozhikode
C00162,Maya Kalla,maya.kalla162@yahoo.com,8655917861,"97, Thakur Nagar",Kozhikode
C00163,Kritika Buch,kritika.buch163@yahoo.com,9379287802,295 Karnik Circle,Bokaro
C00164,Mekhala Sidhu,mekhala.sidhu164@gmail.com,8043561007,12 Borra Zila,Alappuzha
C00165,Triveni Banik,triveni.banik165@gmail.com,8165004369,H.No. 04 Vaidya Circle,Secunderabad
C00166,Zehaan Thaker,zehaan.thaker166@yahoo.com,8025435837,"628, Sarma Path",Hindupur
C00167,Adweta Soni,adweta.soni167@gmail.com,6248184978,"H.No. 31, Verma Zila",Amritsar
C00168,Bhavani Raj,bhavani.raj168@example.in,9362808794,"H.No. 00, Tata Nagar",Raurkela Industrial Township
C00169,Umang Deol,umang.deol169@yahoo.com,6207979273,H.No. 606 Narain Path,Proddatur
C00170,Hiral Bala,hiral.bala170@gmail.com,9629775600,"896, Mohanty Nagar",Aizawl
C00171,Vivaan Buch,vivaan.buch171@hotmail.com,7136456679,"376, Hari Zila",Bidar
C00172,Urvi Nagy,urvi.nagy172@gmail.com,6710931587,31/671 Sankaran Marg,Mumbai
C00173,Akshay Dixit,akshay.dixit173@gmail.com,7064288967,"H.No. 36, Pai Path",Pali
C00174,Lila Narayan,lila.narayan174@gmail.com,9975275770,"H.No. 693, Pai Street",Raebareli
C00175,Yashodhara Amble,yashodhara.amble175@example.in,6885149610,"H.No. 322, Pandey Nagar",Mau
C00176,Idika Venkataraman,idika.venkataraman176@gmail.com,6137704121,13/195 Garde Chowk,Jalgaon
C00177,Ronith Bir,ronith.bir177@hotmail.com,9359910742,H.No. 94 Nadkarni Chowk,Sasaram
C00178,Rayaan Wali,rayaan.wali178@example.in,8928180736,"49, Gole Circle",Morbi
C00179,Jackson Keer,jackson.keer179@outlook.com,6519260563,"00, Mukherjee Street",Madhyamgram
C00180,David Shanker,david.shanker180@hotmail.com,9192791572,H.No. 140 Sundaram Street,Khora 
C00181,Eshana Bir,eshana.bir181@yahoo.com,9967867595,"505, Mammen Chowk",Shahjahanpur
C00182,Odika Doshi,odika.doshi182@yahoo.com,7817855686,07/457 Yadav Ganj,Hajipur
C00183,Kamya Bhakta,kamya.bhakta183@hotmail.com,7106790956,"18/89, Pandit Chowk",Madhyamgram
C00184,Nicholas Bakshi,nicholas.bakshi184@hotmail.com,8490598008,01 Vig Ganj,Nagercoil
C00185,Amruta Sahota,amruta.sahota185@example.in,8745057410,29/996 Dutt Road,Moradabad
C00186,Ishita Rajagopalan,ishita.rajagopalan186@yahoo.com,9636432926,209 Rattan Nagar,Ghaziabad
C00187,Hema Ramanathan,hema.ramanathan187@hotmail.com,8087515862,40 Gopal Road,Varanasi
C00188,Aadhya Sheth,aadhya.sheth188@outlook.com,6724582470,81/87 Doshi Chowk,Darbhanga
C00189,Janaki Sha,janaki.sha189@yahoo.com,8741998541,165 Trivedi Marg,Avadi
C00190,Hemal Saraf,hemal.saraf190@gmail.com,9339890718,H.No. 058 Tak Zila,Mahbubnagar
C00191,Bahadurjit Khurana,bahadurjit.khurana191@yahoo.com,7669094134,"14/878, Barman Circle",Shahjahanpur
C00192,Faraj Patil,faraj.patil192@yahoo.com,9142128807,638 Sarkar Path,Morbi
C00193,Advik Ravel,advik.ravel193@yahoo.com,8301824098,H.No. 36 Aurora Nagar,Naihati
C00194,Shivansh Sahni,shivansh.sahni194@hotmail.com,9093476835,39/404 Cheema Chowk,Ozhukarai
C00195,Kabir Mani,kabir.mani195@hotmail.com,7389803894,079 Palan Ganj,Dhule
C00196,Chaitaly Dixit,chaitaly.dixit196@yahoo.com,9369710382,"25/55, Bhagat Chowk",Dehradun
C00197,Qadim Sura,qadim.sura197@outlook.com,8471674301,"77/60, Pillay Path",Sultan Pur Majra
C00198,Kamya Venkatesh,kamya.venkatesh198@example.in,6623199651,26/38 Mody Zila,Fatehpur
C00199,Netra Pau,netra.pau199@hotmail.com,7536624646,714 Mann Circle,New Delhi
C00200,Suhani Nayar,suhani.nayar200@outlook.com,9591332929,"60/500, Comar Street",Rohtak
C00201,Kai Goswami,kai.goswami201@example.in,6078830339,"H.No. 83, Ramanathan Zila",Guna
C00202,Jhalak Madan,jhalak.madan202@gmail.com,7534297717,76 Karpe Path,Proddatur
C00203,Mohini Garde,mohini.garde203@example.in,9701537076,H.No. 38 Brar Zila,Serampore
C00204,Riya Ramakrishnan,riya.ramakrishnan204@outlook.com,7021976601,"65, Kaur Zila",Kharagpur
C00205,Utkarsh Badal,utkarsh.badal205@yahoo.com,6669526896,"25/860, Dixit Zila",Miryalaguda
C00206,Lajita Munshi,lajita.munshi206@yahoo.com,6228287217,H.No. 498 Kothari Ganj,Bathinda
C00207,Chanchal Gour,chanchal.gour207@yahoo.com,9502268617,89/704 Dugal Street,Amravati
C00208,Tanveer Karan,tanveer.karan208@yahoo.com,9567645968,H.No. 240 Kurian Road,Tumkur
C00209,Lucky Gaba,lucky.gaba209@gmail.com,9191334764,H.No. 280 Tailor Road,Avadi
C00210,Ishanvi Jhaveri,ishanvi.jhaveri210@outlook.com,9393635434,"749, Bandi Marg",Delhi
C00211,Vedika Sachdeva,vedika.sachdeva211@gmail.com,8543565047,"H.No. 171, Golla Nagar",Uluberia
C00212,Veda Natt,veda.natt212@outlook.com,9121572282,29 Raja Marg,Aligarh
C00213,Kamala Pai,kamala.pai213@hotmail.com,8101892102,H.No. 86 Rastogi Chowk,Bhind
C00214,Frederick Parekh,frederick.parekh214@example.in,9711512333,"25, Uppal Street",Hazaribagh
C00215,Manan Sanghvi,manan.sanghvi215@hotmail.com,6738615485,33/988 Dhaliwal Marg,Salem
C00216,Amol Randhawa,amol.randhawa216@gmail.com,8927829175,"H.No. 04, Sarkar",Asansol
C00217,Ekansh Dhingra,ekansh.dhingra217@yahoo.com,7438751747,"40, Kala Street",Baranagar
C00218,Zaitra Sagar,zaitra.sagar218@gmail.com,8710663220,H.No. 148 Hari Street,Ramagundam
C00219,Krishna Kar,krishna.kar219@yahoo.com,7815722905,57 Bava Zila,Purnia
C00220,Nathaniel Din,nathaniel.din220@example.in,6111117119,80/05 Kant,Kottayam
C00221,Yuvraj Dutt,yuvraj.dutt221@example.in,8557725554,"24/37, Patil Street",Bidhannagar
C00222,Nicholas Murthy,nicholas.murthy222@outlook.com,7259194097,61 Deshmukh Path,Mehsana
C00223,Faris Saini,faris.saini223@gmail.com,9265712092,440 Patil Street,Buxar
C00224,Zansi Ganesan,zansi.ganesan224@gmail.com,7527636924,749 Deep Nagar,Bhavnagar
C00225,Ishwar Mishra,ishwar.mishra225@gmail.com,7031075204,"29, Dhaliwal Chowk",Vasai-Virar
C00226,Anita Chandra,anita.chandra226@example.in,6461331432,74/397 Kakar Circle,Miryalaguda
C00227,Umang Iyengar,umang.iyengar227@hotmail.com,6664017035,"737, Mangat Zila",Srinagar
C00228,Yug Chana,yug.chana228@outlook.com,7612080539,"415, Chhabra Ganj",Dibrugarh
C00229,Teerth Ramachandran,teerth.ramachandran229@hotmail.com,6107911831,"70/20, Peri Path",Bhilai
C00230,Ranbir Kannan,ranbir.kannan230@hotmail.com,7503554250,"H.No. 780, Nayak Marg",Yamunanagar
C00231,Lakshit Sangha,lakshit.sangha231@gmail.com,9509519981,47 Dugal Ganj,Bhiwandi
C00232,Maanav Ray,maanav.ray232@hotmail.com,6490611492,"H.No. 19, Mohan Zila",Amaravati
C00233,Siddharth Dyal,siddharth.dyal233@gmail.com,8748020622,"H.No. 31, Dugal Zila",Kakinada
C00234,Rayaan Ray,rayaan.ray234@yahoo.com,9924791048,"111, Madan Street",Ambarnath
C00235,Kamala Dhaliwal,kamala.dhaliwal235@yahoo.com,7234677823,841 Mutti Street,Ramgarh
C00236,Hritik Khanna,hritik.khanna236@outlook.com,9688864888,"07, Contractor Circle",Panipat
C00237,Pratyush Raghavan,pratyush.raghavan237@example.in,8365071565,861 Sura Chowk,Chandigarh
C00238,Darpan Chopra,darpan.chopra238@yahoo.com,6582696114,"H.No. 70, Buch Road",Anantapuram
C00239,Pavani Bawa,pavani.bawa239@outlook.com,9597606736,501 Bobal,Muzaffarpur
C00240,Vedhika Chopra,vedhika.chopra240@yahoo.com,6535074499,73 Choudhury Street,Bhiwani
C00241,Aashi Ghosh,aashi.ghosh241@outlook.com,7815839769,"H.No. 17, Varghese Ganj",Kochi
C00242,Harinakshi Goda,harinakshi.goda242@gmail.com,8881110323,91/477 Singhal,Barasat
C00243,Adya Varma,adya.varma243@hotmail.com,8111265023,"61/597, D’Alia Circle",Bhubaneswar
C00244,Brijesh Minhas,brijesh.minhas244@gmail.com,6947946676,"13/112, Sengupta Nagar",Gurgaon
C00245,Aarav Bhavsar,aarav.bhavsar245@gmail.com,8331314852,H.No. 849 Tailor Nagar,Allahabad
C00246,Mugdha Bala,mugdha.bala246@yahoo.com,6254173356,73 Kamdar Ganj,Khora 
C00247,Meera Balay,meera.balay247@hotmail.com,9108587485,15/92 Contractor Zila,Tiruchirappalli
C00248,Ishanvi Mishra,ishanvi.mishra248@example.in,6058806740,65 Mahajan Zila,Jabalpur
C00249,Adya Banik,adya.banik249@outlook.com,6049824877,"H.No. 142, Chada Path",Imphal
C00250,Yauvani Walla,yauvani.walla250@gmail.com,7172276149,H.No. 944 Bains Zila,Katni
C00251,Jeremiah Rajagopalan,jeremiah.rajagopalan251@yahoo.com,6534039102,265 Mand Marg,Anand
C00252,Udant Gaba,udant.gaba252@hotmail.com,9134946930,"25, Morar Path",Khora 
C00253,Lajita Gupta,lajita.gupta253@yahoo.com,9768626082,"H.No. 880, Raval Zila",Kadapa
C00254,Advik Varty,advik.varty254@example.in,9599932366,H.No. 70 Sachar Nagar,Pali
C00255,Jack Atwal,jack.atwal255@yahoo.com,8231982782,484 Dugar Chowk,Barasat
C00256,Laban Din,laban.din256@gmail.com,8144284489,"430, Dugar Path",Haridwar
C00257,Bhavna Chandra,bhavna.chandra257@yahoo.com,7415044538,"H.No. 77, Virk Nagar",Ulhasnagar
C00258,Pavani Kant,pavani.kant258@example.in,7719532503,29 Savant Path,Aizawl
C00259,Omkaar Buch,omkaar.buch259@example.in,7273086041,04/794 Sheth Road,Tadepalligudem
C00260,Kavya Rajagopal,kavya.rajagopal260@hotmail.com,9161287737,"68/43, Ramanathan Marg",Karimnagar
C00261,Zayyan Muni,zayyan.muni261@example.in,9583240902,H.No. 25 Karnik Nagar,Kolkata
C00262,Yadavi Chadha,yadavi.chadha262@hotmail.com,6475724652,H.No. 060 Master Chowk,Raiganj
C00263,Yasti Chaudhry,yasti.chaudhry263@gmail.com,8063531972,628 Bahl Road,Dindigul
C00264,Yashvi Panchal,yashvi.panchal264@gmail.com,6816869359,83 Hora Nagar,Munger
C00265,Theodore Mannan,theodore.mannan265@gmail.com,9423827205,H.No. 588 Magar Ganj,Darbhanga
C00266,Fitan Issac,fitan.issac266@hotmail.com,7638451330,"H.No. 632, Rao Marg",Tiruchirappalli
C00267,Krish Mani,krish.mani267@yahoo.com,7920621882,"H.No. 56, Sood Circle",Khammam
C00268,Wahab Nadkarni,wahab.nadkarni268@hotmail.com,9383052600,080 Krishnamurthy Nagar,Machilipatnam
C00269,Nimrat Vasa,nimrat.vasa269@yahoo.com,7899748715,71/683 Mahajan Zila,Tezpur
C00270,Irya Misra,irya.misra270@example.in,6173604473,38/548 Chanda Nagar,Pallavaram
C00271,Hritik Dara,hritik.dara271@hotmail.com,6325981667,93 Sarraf Zila,Shahjahanpur
C00272,Jyoti Krish,jyoti.krish272@outlook.com,9491680570,H.No. 048 Venkataraman Nagar,Patiala
C00273,Jeet Shenoy,jeet.shenoy273@gmail.com,9576547071,"81/34, Mohan Path",Amroha
C00274,Yug Lalla,yug.lalla274@yahoo.com,8411451839,"434, Varty Path",Hajipur
C00275,Sneha Pau,sneha.pau275@outlook.com,7389465568,"54, Bedi Nagar",Rohtak
C00276,Caleb Sachdev,caleb.sachdev276@example.in,7609707491,"58/923, Gour Path",Chandigarh
C00277,Ranbir Edwin,ranbir.edwin277@gmail.com,6211723209,"486, Wason Road",Bhatpara
C00278,Abhiram Sanghvi,abhiram.sanghvi278@gmail.com,7082752614,61/51 Tripathi Road,Nagaon
C00279,Hiral Kata,hiral.kata279@gmail.com,7540819183,61 Baria Zila,Hindupur
C00280,Jatin Sen,jatin.sen280@gmail.com,8708190518,"48/781, Gaba Nagar",Ramagundam
C00281,Prisha Acharya,prisha.acharya281@outlook.com,9024210190,"276, Dubey Circle",Udaipur
C00282,Dipta Prashad,dipta.prashad282@hotmail.com,6233010741,98/98 Patil Ganj,Srikakulam
C00283,Bishakha Chaudhry,bishakha.chaudhry283@outlook.com,8647645313,30/710 Wadhwa Nagar,Nizamabad
C00284,Rishi Shetty,rishi.shetty284@outlook.com,6829988088,H.No. 43 Bora Road,Kottayam
C00285,Ranbir Barad,ranbir.barad285@outlook.com,8534588717,383 Guha Circle,Raebareli
C00286,Manthan Bedi,manthan.bedi286@yahoo.com,8177003065,18 Chaudry Street,New Delhi
C00287,Leela Mangal,leela.mangal287@gmail.com,9382015637,"H.No. 12, Chad Marg",Pallavaram
C00288,Samuel Tandon,samuel.tandon288@gmail.com,6139899306,"H.No. 73, Kala Road",Katihar
C00289,Darika Grewal,darika.grewal289@outlook.com,8531967569,H.No. 713 Oak Circle,Pimpri-Chinchwad
C00290,Frederick Hari,frederick.hari290@example.in,9494535673,H.No. 246 Handa Ganj,Alwar
C00291,Hiral Srivastava,hiral.srivastava291@example.in,6372055059,66/28 Karan Path,Bihar Sharif
C00292,Isha Bora,isha.bora292@example.in,7783305442,"H.No. 35, Walla Circle",Bhusawal
C00293,Yasti Lad,yasti.lad293@yahoo.com,9662655130,"H.No. 817, Pau Path",Belgaum
C00294,Abdul Balasubramanian,abdul.balasubramanian294@hotmail.com,9222024967,"H.No. 00, Bali",Pondicherry
C00295,Anjali Kota,anjali.kota295@gmail.com,6823512459,"194, Bumb Path",Kochi
C00296,Idika Behl,idika.behl296@outlook.com,7146163909,04/249 Parmar Circle,Gaya
C00297,Girindra More,girindra.more297@yahoo.com,8806873684,H.No. 876 Sem Path,Khora 
C00298,Dhriti Ahuja,dhriti.ahuja298@yahoo.com,7763742605,49 Bedi,Aurangabad
C00299,Ekansh Tella,ekansh.tella299@gmail.com,6059161978,08/58 Batta Street,Sri Ganganagar
C00300,Harinakshi Yohannan,harinakshi.yohannan300@hotmail.com,9878306347,"87/36, Mannan Marg",Pali
C00301,Anamika Parmar,anamika.parmar301@hotmail.com,7589865944,"82/50, Saini Marg",Sambalpur
C00302,Saksham Bajaj,saksham.bajaj302@hotmail.com,9490335142,H.No. 17 Batta Zila,Chittoor
C00303,Jai Jha,jai.jha303@outlook.com,8235602261,"H.No. 19, Gole Road",Muzaffarnagar
C00304,Ronith Tella,ronith.tella304@outlook.com,9117543753,215 Raghavan Marg,Sangli-Miraj & Kupwad
C00305,Hemani Pandit,hemani.pandit305@example.in,8241954065,"H.No. 540, Kothari Marg",Pali
C00306,Vinaya Sawhney,vinaya.sawhney306@hotmail.com,9007464695,521 Pathak Street,Visakhapatnam
C00307,Aarini Devan,aarini.devan307@hotmail.com,6571311713,"82/10, Char Nagar",Thiruvananthapuram
C00308,Qabil Samra,qabil.samra308@yahoo.com,8050059282,60 Rama Street,Yamunanagar
C00309,Inaya Mohan,inaya.mohan309@outlook.com,9728654525,72 Rout Circle,Vasai-Virar
C00310,Ganga Sandal,ganga.sandal310@gmail.com,6850839614,75 Basu Nagar,Satara
C00311,Sanaya Raj,sanaya.raj311@gmail.com,8945641516,"440, Bakshi Path",Hubli–Dharwad
C00312,Anthony Mahal,anthony.mahal312@gmail.com,8871885081,"52/427, Hayre Street",Karaikudi
C00313,Ubika Narula,ubika.narula313@example.in,8189846702,92 Mammen Path,Unnao
C00314,Onveer Basu,onveer.basu314@yahoo.com,8830524715,039 Rastogi,Guwahati
C00315,Charles Pingle,charles.pingle315@hotmail.com,7816776690,96/89 Bali Marg,Akola
C00316,Nihal Chopra,nihal.chopra316@gmail.com,7916312147,165 Balakrishnan Path,Vadodara
C00317,Aditya Zacharia,aditya.zacharia317@yahoo.com,7437444075,46 Mand,Malegaon
C00318,Umang Vala,umang.vala318@gmail.com,6533775413,84/98 Bhargava Street,Tinsukia
C00319,Charan Uppal,charan.uppal319@hotmail.com,7910509863,H.No. 83 Sha Street,Bathinda
C00320,Vanya Kurian,vanya.kurian320@example.in,8158073955,H.No. 18 Dani Zila,Uluberia
C00321,Jeremiah Narain,jeremiah.narain321@example.in,6671915214,"22/851, Lall Circle",Pune
C00322,Bhavya Kala,bhavya.kala322@example.in,6815429135,H.No. 50 Tella Chowk,Darbhanga
C00323,Veda Date,veda.date323@example.in,9100240806,22 Arora Circle,Kozhikode
C00324,Jhalak Mohan,jhalak.mohan324@gmail.com,7100653697,352 Som Road,Mathura
C00325,Joshua Pandey,joshua.pandey325@hotmail.com,6263411823,86 Sule Chowk,Pali
C00326,Jai Bhardwaj,jai.bhardwaj326@hotmail.com,6885311423,"H.No. 85, Dubey Path",Kishanganj
C00327,Jagdish Dugar,jagdish.dugar327@yahoo.com,7003601523,H.No. 627 Chand Street,Nashik
C00328,Ekaja Mukhopadhyay,ekaja.mukhopadhyay328@outlook.com,6914870552,986 Balay Zila,Bathinda
C00329,Damyanti Wadhwa,damyanti.wadhwa329@hotmail.com,7994363665,"24/19, Kakar Path",Kolhapur
C00330,Pallavi Iyer,pallavi.iyer330@yahoo.com,8282345845,"15/87, Malhotra Chowk",Bikaner
C00331,Yochana Wason,yochana.wason331@example.in,9170863771,801 Devan Road,Panipat
C00332,Odika Bhavsar,odika.bhavsar332@outlook.com,8736069885,"111, Setty Nagar",Tirupati
C00333,Upkaar Talwar,upkaar.talwar333@yahoo.com,9188520592,"H.No. 56, Puri Chowk",Kavali
C00334,Vihaan Prabhakar,vihaan.prabhakar334@example.in,9052685143,H.No. 958 Garde Path,Madhyamgram
C00335,Idika Pillay,idika.pillay335@yahoo.com,6142909552,"H.No. 058, Sood Nagar",Guna
C00336,Lopa Dugal,lopa.dugal336@example.in,8144377475,"H.No. 526, Oak Chowk",Chinsurah
C00337,Vihaan Tata,vihaan.tata337@hotmail.com,9626266819,"H.No. 655, Ranganathan Circle",Ramgarh
C00338,Jalsa Vasa,jalsa.vasa338@outlook.com,7511635578,H.No. 03 Ram Nagar,Muzaffarpur
C00339,Saanvi Vaidya,saanvi.vaidya339@gmail.com,6332082013,72/04 Narang Marg,Tiruvottiyur
C00340,Maanav Gara,maanav.gara340@outlook.com,6442075756,541 Krishnan Ganj,Jhansi
C00341,Lopa Modi,lopa.modi341@outlook.com,9486334197,"094, Joshi Street",Nagpur
C00342,Mohammed Contractor,mohammed.contractor342@outlook.com,8135955745,"65, Bhargava Road",Pallavaram
C00343,Tristan Garde,tristan.garde343@yahoo.com,9218892636,"H.No. 196, Pant",Jabalpur
C00344,Manbir Srinivas,manbir.srinivas344@yahoo.com,6274144829,67 Toor Road,Pallavaram
C00345,Samarth Sankar,samarth.sankar345@gmail.com,8579614027,"97/92, Kale Marg",Hosur
C00346,Jackson Agrawal,jackson.agrawal346@example.in,9178345767,"94/08, Vyas Path",Faridabad
C00347,Hemang Chanda,hemang.chanda347@outlook.com,9820274024,H.No. 42 Malhotra Nagar,Chandrapur
C00348,Ranveer Prasad,ranveer.prasad348@hotmail.com,6054405299,"179, Parsa Marg",Siwan
C00349,Tamanna Thakur,tamanna.thakur349@example.in,7314131721,"78, Padmanabhan Road",Moradabad
C00350,Kevin Randhawa,kevin.randhawa350@example.in,8036245405,"H.No. 25, Tella Zila",Agra
C00351,Vasana Bose,vasana.bose351@example.in,6277455493,48 Muni Street,Bhilwara
C00352,Laksh Parsa,laksh.parsa352@yahoo.com,6985842461,H.No. 477 Chaudhuri Zila,Erode
C00353,Aarav Kar,aarav.kar353@yahoo.com,7480710745,"H.No. 96, Bath Street",Ramagundam
C00354,Ekaraj Bandi,ekaraj.bandi354@gmail.com,9701617866,"H.No. 09, Grewal Chowk",Rewa
C00355,Nihal Sinha,nihal.sinha355@yahoo.com,9629412067,"63/30, Borde Ganj",Jamshedpur
C00356,Arunima Sani,arunima.sani356@outlook.com,9950303361,H.No. 119 Ray Chowk,Kumbakonam
C00357,Tarak Subramaniam,tarak.subramaniam357@yahoo.com,6881734099,25/20 Dhillon Chowk,Warangal
C00358,Xalak D’Alia,xalak.d’alia358@example.in,8427333334,H.No. 250 Kurian,Morbi
C00359,Radhika Tank,radhika.tank359@example.in,7594863467,"18/04, Sood Nagar",Jehanabad
C00360,Reva Dara,reva.dara360@hotmail.com,6884331767,"H.No. 15, Venkataraman Nagar",Asansol
C00361,Ridhi Kuruvilla,ridhi.kuruvilla361@hotmail.com,6949189095,62/352 Minhas Marg,Ozhukarai
C00362,Atharv Aggarwal,atharv.aggarwal362@hotmail.com,8002916012,21/87 Balakrishnan Path,Durgapur
C00363,Noah Char,noah.char363@yahoo.com,8158247586,14/76 Parsa Ganj,Raipur
C00364,Zayyan Bandi,zayyan.bandi364@gmail.com,7559318740,860 Kata,Tirunelveli
C00365,Azad Chakrabarti,azad.chakrabarti365@gmail.com,7592864724,"66, Dua Path",Ratlam
C00366,Advay Iyengar,advay.iyengar366@hotmail.com,9199175060,56/158 Madan Circle,Lucknow
C00367,Ikbal Pillai,ikbal.pillai367@yahoo.com,6120274943,H.No. 65 Mitter,Anantapur
C00368,Kai Tiwari,kai.tiwari368@example.in,8974971293,13 Sawhney Path,Narasaraopet
C00369,Urishilla Trivedi,urishilla.trivedi369@example.in,7951033851,"74, More Path",Ajmer
C00370,Vamakshi Bala,vamakshi.bala370@example.in,6161511968,21 Sama Zila,Dehri
C00371,Chaman Borra,chaman.borra371@gmail.com,6811196577,"41, Ramaswamy Street",Muzaffarpur
C00372,Anya Dave,anya.dave372@hotmail.com,6530652036,H.No. 20 Dubey Circle,Erode
C00373,Robert Bhargava,robert.bhargava373@yahoo.com,8019691359,"885, Grewal",Amroha
C00374,Bachittar Shah,bachittar.shah374@outlook.com,7461678206,"803, Baral Ganj",Bidhannagar
C00375,Yagnesh Grewal,yagnesh.grewal375@example.in,6299702576,698 Sanghvi Circle,Madhyamgram
C00376,Harshil Lad,harshil.lad376@yahoo.com,7169848821,"15/123, Karnik Ganj",Malegaon
C00377,Tara Rastogi,tara.rastogi377@outlook.com,7566128705,H.No. 660 Pall Circle,Gandhidham
C00378,Omya Kurian,omya.kurian378@outlook.com,8742610098,58/228 Agrawal Zila,Satara
C00379,Harshil Chawla,harshil.chawla379@hotmail.com,7032633711,12/32 Vyas Ganj,Kolhapur
C00380,Balhaar Maharaj,balhaar.maharaj380@yahoo.com,6809169379,00 Andra Street,Ujjain
C00381,Hemang Sinha,hemang.sinha381@example.in,7678466758,H.No. 841 Varkey,Mathura
C00382,Dalbir Mitter,dalbir.mitter382@yahoo.com,7967147710,H.No. 858 Badal Road,Raipur
C00383,Prisha Rai,prisha.rai383@gmail.com,6611826223,"H.No. 58, Kari Street",Purnia
C00384,Omkaar Bhalla,omkaar.bhalla384@hotmail.com,8002780020,"08/92, Agarwal Circle",Guntur
C00385,Advaith Ganesh,advaith.ganesh385@yahoo.com,8526559258,"88, Ramanathan Street",Ambattur
C00386,Nicholas Gokhale,nicholas.gokhale386@yahoo.com,7664369758,422 Gokhale Ganj,Indore
C00387,Ijaya Bajwa,ijaya.bajwa387@yahoo.com,7426123243,"92/57, Lad Road",Bhavnagar
C00388,Hardik Mutti,hardik.mutti388@outlook.com,8184759930,"H.No. 62, Raman Zila",Pondicherry
C00389,Inaya Merchant,inaya.merchant389@outlook.com,9060667926,62/124 Bhat Nagar,Agartala
C00390,Amruta Bhakta,amruta.bhakta390@outlook.com,8213606531,93/487 Saha Zila,Raurkela Industrial Township
C00391,Darpan Raja,darpan.raja391@gmail.com,7370430419,H.No. 722 Bhandari Nagar,Mysore
C00392,Aadi Chaudhuri,aadi.chaudhuri392@example.in,8487305767,"35/74, Pandya Ganj",Vellore
C00393,Ekansh Bahri,ekansh.bahri393@yahoo.com,6054011521,81/193 Barad,Firozabad
C00394,Chameli Tiwari,chameli.tiwari394@outlook.com,9805737612,84/95 Buch Street,Motihari
C00395,Ishaan Bhakta,ishaan.bhakta395@example.in,9125956559,53/736 Gill Marg,Guna
C00396,Bina Ravi,bina.ravi396@example.in,8011886841,"63, Doctor Path",Guntakal
C00397,Shaurya Srivastava,shaurya.srivastava397@gmail.com,8848007813,18/27 Bir Zila,Davanagere
C00398,Bhavya Dugal,bhavya.dugal398@example.in,6011704943,"88/432, Raman Street",Nangloi Jat
C00399,Ridhi Vasa,ridhi.vasa399@gmail.com,9980780650,24/126 Badal Nagar,Jaunpur
C00400,Madhavi Agate,madhavi.agate400@hotmail.com,6425436259,42 Shere Chowk,Nangloi Jat
C00401,Ekansh Om,ekansh.om401@outlook.com,9718602216,"88/593, Pai Nagar",Jodhpur
C00402,Nikita Balakrishnan,nikita.balakrishnan402@yahoo.com,8815155225,"H.No. 26, Kaul Circle",Jamnagar
C00403,Sanya Brar,sanya.brar403@gmail.com,8045119745,56/51 Das Street,Amritsar
C00404,Nachiket Kumar,nachiket.kumar404@hotmail.com,7341145395,"99, Wadhwa Ganj",Jaipur
C00405,Luke Dyal,luke.dyal405@yahoo.com,8466303235,"27/523, Mukherjee Nagar",Bahraich
C00406,Veer Atwal,veer.atwal406@outlook.com,6911283111,"52/969, Varughese Circle",Navi Mumbai
C00407,Kabir Dalal,kabir.dalal407@example.in,9309885607,"H.No. 676, Sampath Marg",Gurgaon
C00408,Ria Borah,ria.borah408@yahoo.com,9229140898,50/381 Chowdhury Marg,Hindupur
C00409,Aadi Ratti,aadi.ratti409@example.in,6288352812,93 Zacharia Street,Malegaon
C00410,Onkar Bal,onkar.bal410@gmail.com,8019882199,"H.No. 381, Lala",Uluberia
C00411,Isaac Gokhale,isaac.gokhale411@hotmail.com,7927115977,"94/48, Modi Nagar",Ballia
C00412,Gopal Virk,gopal.virk412@outlook.com,6871498638,"26, Baral Circle",Noida
C00413,Veda Kuruvilla,veda.kuruvilla413@yahoo.com,9052109547,"226, Tella Street",Etawah
C00414,Janya Kurian,janya.kurian414@example.in,6748416270,67/503 Ramachandran Path,Mirzapur
C00415,Samar Chahal,samar.chahal415@outlook.com,7351947694,"H.No. 113, Kade Circle",Malegaon
C00416,Jeremiah Varghese,jeremiah.varghese416@yahoo.com,8060082547,H.No. 51 Borde Marg,Dehri
C00417,Vedhika Mand,vedhika.mand417@gmail.com,9940207252,"H.No. 236, Babu Path",Gurgaon
C00418,Saksham Naik,saksham.naik418@outlook.com,6904559869,32/53 Nigam Zila,Tirunelveli
C00419,Vritti Khatri,vritti.khatri419@example.in,9845327653,"117, Kalla Street",Kalyan-Dombivli
C00420,Qabil Pandey,qabil.pandey420@gmail.com,9155184164,"83/148, Borra Zila",Srinagar
C00421,Janani Krishna,janani.krishna421@example.in,9367043446,96/118 Jha Nagar,Bongaigaon
C00422,Udarsh Bhattacharyya,udarsh.bhattacharyya422@yahoo.com,6695871909,990 Saraf Circle,Ongole
C00423,Indrajit De,indrajit.de423@outlook.com,9092123954,"09/392, Jha Marg",Mau
C00424,Ayushman Sachdev,ayushman.sachdev424@gmail.com,9223144397,550 Ratta Road,Agra
C00425,Ati Seth,ati.seth425@hotmail.com,8968740634,"90, Palan Chowk",Solapur
C00426,Guneet Mani,guneet.mani426@outlook.com,9682583421,H.No. 58 Kumer Marg,Srikakulam
C00427,Reva Barad,reva.barad427@outlook.com,7858978836,95 Ram,Anantapuram
C00428,Lekha Chadha,lekha.chadha428@outlook.com,8120006949,45/42 Oak Circle,Solapur
C00429,Ikbal Agrawal,ikbal.agrawal429@hotmail.com,9443897171,"967, Dani Path",Anantapuram
C00430,Vyanjana Morar,vyanjana.morar430@example.in,6723536383,52/167 Oommen Marg,Unnao
C00431,Tripti Viswanathan,tripti.viswanathan431@hotmail.com,8555198539,H.No. 678 Dugar Path,Chandrapur
C00432,Ucchal Jani,ucchal.jani432@yahoo.com,8724574149,H.No. 831 Mangat Zila,Ozhukarai
C00433,Yahvi Biswas,yahvi.biswas433@outlook.com,9815223701,163 Lad Road,Ichalkaranji
C00434,Jyoti Talwar,jyoti.talwar434@hotmail.com,6724853721,51 Sura Street,Bathinda
C00435,Pushti Mitra,pushti.mitra435@gmail.com,9394583265,"57/37, Vaidya Ganj",Noida
C00436,Victor Parmer,victor.parmer436@yahoo.com,9433808566,"28/387, Pau Circle",Akola
C00437,Jason Deshmukh,jason.deshmukh437@example.in,7828340483,H.No. 140 Lata Path,New Delhi
C00438,Megha Sekhon,megha.sekhon438@example.in,8650839223,"65, Bhakta Nagar",Sasaram
C00439,Nathaniel Bhatia,nathaniel.bhatia439@yahoo.com,6679648540,H.No. 66 Bhardwaj Circle,Indore
C00440,Dayamai Mohanty,dayamai.mohanty440@gmail.com,7892157202,64/909 Dugar Street,Satara
C00441,Mohini Nigam,mohini.nigam441@yahoo.com,9785475507,H.No. 43 Shanker Ganj,Bulandshahr
C00442,Suhani Goswami,suhani.goswami442@yahoo.com,7585673274,"83, Johal Chowk",Ambala
C00443,Wahab Badal,wahab.badal443@example.in,8530053899,"667, Gole Nagar",Guwahati
C00444,Damini Sandhu,damini.sandhu444@outlook.com,8639235149,39/160 Narang Chowk,Pallavaram
C00445,Kalpit Kibe,kalpit.kibe445@outlook.com,6995968459,799 Savant Path,Serampore
C00446,Dipta Bobal,dipta.bobal446@hotmail.com,6606154256,H.No. 588 Chad,Danapur
C00447,Naksh Koshy,naksh.koshy447@hotmail.com,9069027587,"H.No. 70, Savant Zila",Ahmednagar
C00448,Anjali Borde,anjali.borde448@gmail.com,9238715130,"H.No. 04, Kurian Ganj",Raurkela Industrial Township
C00449,Dayita Anne,dayita.anne449@outlook.com,7876386978,H.No. 65 Sem Circle,Pimpri-Chinchwad
C00450,Gaurang Kar,gaurang.kar450@example.in,6435720709,"729, Kata Path",Alwar
C00451,Darika Saxena,darika.saxena451@example.in,8629019305,76/48 Tandon Nagar,Arrah
C00452,Omya Manda,omya.manda452@hotmail.com,8865602272,436 Verma Circle,Hindupur
C00453,Abhiram Naidu,abhiram.naidu453@example.in,7540600372,"26/25, Gupta Zila",Gaya
C00454,Falguni Krish,falguni.krish454@hotmail.com,7633884534,H.No. 98 Datta Street,Bellary
C00455,Kevin Bains,kevin.bains455@outlook.com,8678465685,H.No. 96 Suri Zila,Orai
C00456,Arjun Kannan,arjun.kannan456@yahoo.com,8776570418,"239, Sibal Circle",Panipat
C00457,Matthew Shankar,matthew.shankar457@yahoo.com,6281248947,H.No. 397 Kata Zila,Miryalaguda
C00458,Darika Banik,darika.banik458@outlook.com,8779138888,269 Kaur Path,Tezpur
C00459,Krishna Dhillon,krishna.dhillon459@outlook.com,6538291783,12/31 Pillay Marg,Hajipur
C00460,Nikita Manda,nikita.manda460@example.in,8493211202,H.No. 984 Dube Nagar,Suryapet
C00461,Samesh Rege,samesh.rege461@hotmail.com,9381967975,"H.No. 25, Sathe Marg",Kishanganj
C00462,Ubika Loyal,ubika.loyal462@example.in,8488421807,50/538 Sampath Ganj,Baranagar
C00463,Onveer Dutta,onveer.dutta463@outlook.com,7492864484,H.No. 075 Balay Zila,Ratlam
C00464,Ayaan Manne,ayaan.manne464@example.in,6631699703,"24, Kade Path",Hospet
C00465,Baljiwan Atwal,baljiwan.atwal465@outlook.com,6294018295,32 Swamy Road,Khora 
C00466,Nikita Oommen,nikita.oommen466@example.in,6915997265,85 Hayer,Salem
C00467,Patrick Uppal,patrick.uppal467@hotmail.com,7957156225,H.No. 321 Sane Road,Ramagundam
C00468,Timothy Magar,timothy.magar468@yahoo.com,7279938664,25/475 Balasubramanian Street,Gandhinagar
C00469,Yahvi Goswami,yahvi.goswami469@yahoo.com,7227868435,91/588 Nagar,Pondicherry
C00470,Sathvik Keer,sathvik.keer470@yahoo.com,6003060251,"H.No. 240, Luthra Nagar",Singrauli
C00471,Leena Sami,leena.sami471@example.in,6674350637,"90/584, Mohanty",Orai
C00472,Jeet Krishnamurthy,jeet.krishnamurthy472@gmail.com,9279622498,"H.No. 533, Jha Marg",Bharatpur
C00473,Vinaya Sidhu,vinaya.sidhu473@yahoo.com,6011837375,"99, Panchal Zila",Sangli-Miraj & Kupwad
C00474,Dayita Bera,dayita.bera474@example.in,8827995331,H.No. 32 Mannan Zila,Gandhinagar
C00475,Triveni Balakrishnan,triveni.balakrishnan475@example.in,7440665682,"H.No. 436, Chadha Circle",Kota
C00476,Fitan Kar,fitan.kar476@example.in,6888745428,"68/296, Yadav Street",Kamarhati
C00477,Atharv Mukherjee,atharv.mukherjee477@hotmail.com,6511959264,"815, Raval",Raebareli
C00478,Manan Kale,manan.kale478@outlook.com,7776844434,"H.No. 95, Sem",Thrissur
C00479,Harini Barad,harini.barad479@gmail.com,7509360523,"H.No. 067, Mukherjee Nagar",Kamarhati
C00480,Jasmit Warrior,jasmit.warrior480@yahoo.com,8108590641,"988, Halder Zila",Kirari Suleman Nagar
C00481,Lajita Thakur,lajita.thakur481@hotmail.com,7128226817,"H.No. 659, Bhasin Path",Agartala
C00482,Baljiwan Nori,baljiwan.nori482@gmail.com,9602922208,061 Raj Street,Gorakhpur
C00483,Om Narain,om.narain483@gmail.com,9160817238,"H.No. 54, Roy Marg",Muzaffarpur
C00484,Aryan Hegde,aryan.hegde484@example.in,8646047868,H.No. 845 Mohan Road,Mahbubnagar
C00485,Panini Sathe,panini.sathe485@gmail.com,9789047145,H.No. 189 Kashyap Path,Jehanabad
C00486,Warda Seth,warda.seth486@hotmail.com,8790539640,"39, Soni Path",Bettiah
C00487,Hredhaan Badami,hredhaan.badami487@hotmail.com,8381513682,"397, De Street",Morena
C00488,Nisha Thakur,nisha.thakur488@hotmail.com,9926124446,652 Chana Marg,Chapra
C00489,Vivaan Patla,vivaan.patla489@outlook.com,8730735694,"11/995, Raju Road",Kishanganj
C00490,Nicholas Aurora,nicholas.aurora490@gmail.com,6953131054,"40/07, Bobal Street",Panvel
C00491,Om Mahal,om.mahal491@yahoo.com,6818033867,33 Wadhwa Street,Phusro
C00492,Chatresh Bumb,chatresh.bumb492@gmail.com,6356220184,14/44 Sagar Ganj,Sonipat
C00493,Meera Dubey,meera.dubey493@gmail.com,8420062087,"H.No. 26, Kara Chowk",Kharagpur
C00494,Zinal Nagarajan,zinal.nagarajan494@yahoo.com,6499961293,H.No. 16 Dave Path,Jodhpur
C00495,Rohan Nigam,rohan.nigam495@gmail.com,8716359447,H.No. 741 Vyas Chowk,Surendranagar Dudhrej
C00496,Ladli Bhalla,ladli.bhalla496@example.in,8596772803,75 Sahota Nagar,Solapur
C00497,Amara Modi,amara.modi497@example.in,8866427587,"83, Iyengar Path",Pali
C00498,Tristan Lala,tristan.lala498@yahoo.com,7307523192,"H.No. 76, Sampath Path",Bhagalpur
C00499,Harshil Nagi,harshil.nagi499@hotmail.com,7347139132,"H.No. 836, Raj",Motihari
C00500,Liam Borra,liam.borra500@yahoo.com,9933518254,"82/551, Om Path",Warangal
C00501,Lucky Dubey,lucky.dubey501@gmail.com,9016749297,H.No. 489 Gour Zila,Howrah
C00502,Barkha Raj,barkha.raj502@outlook.com,6666609907,"52/015, Arya Circle",Agartala
C00503,Ekta Bajaj,ekta.bajaj503@outlook.com,7345101295,376 Kurian Zila,Bhalswa Jahangir Pur
C00504,Harish Batra,harish.batra504@outlook.com,7935766646,"13/12, Prabhakar Circle",Kirari Suleman Nagar
C00505,Naksh Gara,naksh.gara505@yahoo.com,8235827813,H.No. 66 Chakrabarti Path,Bokaro
C00506,Gauri Doctor,gauri.doctor506@outlook.com,6180590342,73 Parmar Circle,Gaya
C00507,Girish Basu,girish.basu507@gmail.com,7469470908,"59, Modi Road",Tadepalligudem
C00508,Amrita Mane,amrita.mane508@gmail.com,6122707022,"42/40, Shanker Zila",Bhilwara
C00509,Hemangini Dhaliwal,hemangini.dhaliwal509@gmail.com,9525730918,"H.No. 47, Kapur Marg",Unnao
C00510,Mitesh Wason,mitesh.wason510@outlook.com,9874768167,145 Kaur Nagar,Panipat
C00511,Amruta Oak,amruta.oak511@example.in,9631310238,H.No. 83 Khare Nagar,Aurangabad
C00512,Priya Char,priya.char512@example.in,6680789343,"61/720, Agarwal Chowk",Arrah
C00513,Ayushman Iyer,ayushman.iyer513@hotmail.com,8934263977,"00/060, Dubey Circle",Ozhukarai
C00514,Sudiksha Sen,sudiksha.sen514@example.in,6805583889,"125, Nagy Ganj",Loni
C00515,Warjas Pal,warjas.pal515@example.in,8804251324,"56/99, Sami Street",Raichur
C00516,Anya Mukhopadhyay,anya.mukhopadhyay516@outlook.com,8749272679,51/42 Sem Zila,Raichur
C00517,Jack Dyal,jack.dyal517@gmail.com,6723778413,H.No. 987 Bawa Marg,Farrukhabad
C00518,Sarthak Chad,sarthak.chad518@hotmail.com,8739509368,"57, Seth Street",Sultan Pur Majra
C00519,Andrew Mistry,andrew.mistry519@outlook.com,8409419573,"02/44, Kurian Marg",Chennai
C00520,Chandresh Lata,chandresh.lata520@yahoo.com,6106259821,07 Kaul Circle,Uluberia
C00521,Ansh Prabhakar,ansh.prabhakar521@yahoo.com,6259193163,"92, Kumer Chowk",Deoghar
C00522,Baghyawati Golla,baghyawati.golla522@hotmail.com,9604947395,"27/87, Oza Nagar",Ujjain
C00523,Chavvi Dutta,chavvi.dutta523@example.in,7644505194,"H.No. 69, Loyal Nagar",Chinsurah
C00524,Ekta Savant,ekta.savant524@outlook.com,9119297667,74/674 Ramaswamy,Nagaon
C00525,Tejas Aurora,tejas.aurora525@outlook.com,6808788860,95 Toor Nagar,Orai
C00526,Nirja Manne,nirja.manne526@yahoo.com,7570806138,"434, Dhar Chowk",Tirupati
C00527,Yashica Konda,yashica.konda527@hotmail.com,7659197356,"44/510, Mital Road",Alappuzha
C00528,Vedant Maharaj,vedant.maharaj528@gmail.com,8769072214,H.No. 16 Rao Circle,Serampore
C00529,Yutika Kumar,yutika.kumar529@gmail.com,7852977599,"56, Nayar",Ratlam
C00530,Alexander Bera,alexander.bera530@hotmail.com,9171482221,23/86 Kamdar Marg,Coimbatore
C00531,Benjamin Yogi,benjamin.yogi531@yahoo.com,6724112502,93 Gour Circle,Ramagundam
C00532,Arya Kashyap,arya.kashyap532@outlook.com,6805606465,"H.No. 96, Deo Circle",Karawal Nagar
C00533,Nihal Subramaniam,nihal.subramaniam533@outlook.com,7492512349,30/761 Pingle Chowk,Tinsukia
C00534,Eiravati Sheth,eiravati.sheth534@gmail.com,6319867373,900 Doctor,Pallavaram
C00535,Vanya Dara,vanya.dara535@example.in,7240661727,H.No. 843 Bandi Path,Gandhidham
C00536,Aarnav Dua,aarnav.dua536@example.in,6021904817,"19, Ray Road",Panipat
C00537,Gavin Purohit,gavin.purohit537@example.in,9415357969,"H.No. 02, Mital Marg",Bidar
C00538,Dalaja Mitra,dalaja.mitra538@hotmail.com,7755175712,765 Tella Zila,Jamshedpur
C00539,Bakhshi Chandra,bakhshi.chandra539@hotmail.com,8597355448,"33/726, Aggarwal Ganj",Aligarh
C00540,Falguni Balakrishnan,falguni.balakrishnan540@hotmail.com,7384686415,21 Bajaj Street,Machilipatnam
C00541,Dalbir Kakar,dalbir.kakar541@example.in,6101171836,H.No. 25 Kashyap Zila,Vijayanagaram
C00542,Nakul De,nakul.de542@example.in,9057984213,"03/38, Pandya Zila",Ranchi
C00543,Aashi Sheth,aashi.sheth543@yahoo.com,6265850321,H.No. 83 Sinha Street,Panihati
C00544,Yutika Ghose,yutika.ghose544@gmail.com,9242906824,"56/01, Zachariah Path",Miryalaguda
C00545,Reva Ramesh,reva.ramesh545@hotmail.com,7766507351,"H.No. 89, Jain Street",Lucknow
C00546,Gautam Gill,gautam.gill546@hotmail.com,6345594948,688 Bains Nagar,Tirunelveli
C00547,Gautam Batra,gautam.batra547@example.in,7572416538,22 Suri Marg,Anand
C00548,Baghyawati Oza,baghyawati.oza548@yahoo.com,9374366697,H.No. 93 Kala Chowk,Agartala
C00549,Jeet Mall,jeet.mall549@hotmail.com,9716688449,"48, Kibe",Arrah
C00550,Kai Thakkar,kai.thakkar550@gmail.com,7391615293,H.No. 77 Dewan Marg,Delhi
C00551,Prisha Raja,prisha.raja551@example.in,8725858751,72 Chopra Circle,Raipur
C00552,Advika Garde,advika.garde552@hotmail.com,9910250912,H.No. 823 Nagi Ganj,Kadapa
C00553,Amol Raja,amol.raja553@outlook.com,8596000832,"66/471, Rama Zila",Ratlam
C00554,Tarak Vyas,tarak.vyas554@example.in,7448588266,"16/80, Nadig Road",Patiala
C00555,Ishwar Bhasin,ishwar.bhasin555@yahoo.com,7416233147,644 Bera Nagar,Sagar
C00556,Tanvi Shanker,tanvi.shanker556@outlook.com,6177810620,961 Ghose Circle,Tirupati
C00557,Baljiwan Uppal,baljiwan.uppal557@outlook.com,8164667999,869 Nazareth Zila,Ongole
C00558,Madhavi Raj,madhavi.raj558@example.in,6667171343,56 Ganguly Marg,Vellore
C00559,Nihal Ram,nihal.ram559@yahoo.com,8110707123,"48, Prashad Chowk",Kamarhati
C00560,Nirja Rao,nirja.rao560@hotmail.com,8137227318,78/768 Kunda Street,Kadapa
C00561,Banjeet Ganesh,banjeet.ganesh561@outlook.com,6636761331,72/41 Grewal,Jhansi
C00562,Yashvi Menon,yashvi.menon562@gmail.com,7836685400,"86/98, Bhalla Circle",Bhiwandi
C00563,Pooja Rau,pooja.rau563@yahoo.com,7977380689,204 Buch Circle,Moradabad
C00564,Chatura Kade,chatura.kade564@yahoo.com,8133037550,84/50 Chakrabarti Nagar,Hajipur
C00565,Henry Mander,henry.mander565@outlook.com,7498875759,"06, Ahuja Circle",Raiganj
C00566,Eiravati Gandhi,eiravati.gandhi566@outlook.com,7865004145,395 Mital Ganj,Kollam
C00567,Nikita Gopal,nikita.gopal567@outlook.com,6316006697,"H.No. 796, Chacko Street",Durgapur
C00568,Faraj Hans,faraj.hans568@yahoo.com,8738480560,536 Deep Circle,Tinsukia
C00569,Peter Chowdhury,peter.chowdhury569@example.in,6999056767,16/775 Mahal Path,Anantapur
C00570,Aarna Chandran,aarna.chandran570@gmail.com,7139643022,"22/457, Padmanabhan Chowk",Giridih
C00571,Barkha Lanka,barkha.lanka571@example.in,9742735608,650 Deep Zila,Tiruppur
C00572,Oliver Mitra,oliver.mitra572@outlook.com,9199668888,"62/651, Halder Path",Korba
C00573,Qarin Chandra,qarin.chandra573@example.in,8118658573,H.No. 11 Mall Road,Ghaziabad
C00574,Gayathri Chaudhuri,gayathri.chaudhuri574@outlook.com,8336860258,"15/89, Thakkar",Akola
C00575,Kavya Chhabra,kavya.chhabra575@hotmail.com,6955887190,H.No. 085 Varkey Circle,Bhavnagar
C00576,Nitara Sane,nitara.sane576@gmail.com,6376524256,"48/73, Doshi",Durgapur
C00577,Daksh Nagy,daksh.nagy577@gmail.com,8373171398,"71, Sengupta Ganj",Ongole
C00578,Dev Nadig,dev.nadig578@example.in,9177496891,401 Badal Circle,Tadepalligudem
C00579,Kala Mittal,kala.mittal579@hotmail.com,9334707730,H.No. 71 Ravel Nagar,Kurnool
C00580,Christopher Varkey,christopher.varkey580@yahoo.com,7371903005,"92/741, Choudhry Path",Nellore
C00581,Madhavi Tara,madhavi.tara581@gmail.com,9111877782,H.No. 503 Gera Ganj,Pune
C00582,Vyanjana Narasimhan,vyanjana.narasimhan582@example.in,6593981339,"58/120, Konda",Siwan
C00583,Qabil Swaminathan,qabil.swaminathan583@example.in,7750345045,"45/98, Hans Road",Satara
C00584,Krisha Venkatesh,krisha.venkatesh584@outlook.com,8711965209,994 Dubey Path,Hapur
C00585,Frederick Jani,frederick.jani585@yahoo.com,6055964993,17/90 Tripathi Street,Warangal
C00586,Elijah Bhasin,elijah.bhasin586@gmail.com,7511611750,"H.No. 518, Kadakia Circle",Nangloi Jat
C00587,Umang Parmer,umang.parmer587@yahoo.com,9677379590,"H.No. 52, Pal Nagar",Mira-Bhayandar
C00588,Charita Soni,charita.soni588@gmail.com,6314812204,"H.No. 87, Ramanathan Street",Muzaffarnagar
C00589,Krishna Sane,krishna.sane589@gmail.com,9299812291,"65, Ramaswamy Nagar",Bidar
C00590,Qushi Pradhan,qushi.pradhan590@outlook.com,6253402197,"H.No. 35, Choudhary Ganj",Malda
C00591,Nilima Bajwa,nilima.bajwa591@example.in,8901125063,"20/99, Dada Chowk",Gulbarga
C00592,Chaaya Verma,chaaya.verma592@hotmail.com,8703046836,"H.No. 438, Kapoor Zila",Kanpur
C00593,Anita Dash,anita.dash593@outlook.com,7904674993,H.No. 53 Kari Circle,Imphal
C00594,Amaira Bose,amaira.bose594@hotmail.com,6839189878,80/350 Cherian Street,Gandhinagar
C00595,Balhaar Misra,balhaar.misra595@example.in,8667292462,"H.No. 249, Basu Circle",Dehri
C00596,Upkaar Som,upkaar.som596@outlook.com,7459726476,"H.No. 12, Dua Circle",Kolhapur
C00597,Samesh D’Alia,samesh.d’alia597@yahoo.com,6489646760,"07/59, Zacharia Marg",Bharatpur
C00598,Hiral Bahl,hiral.bahl598@example.in,7323064166,"12, Aggarwal Zila",Saharsa
C00599,Vyanjana Sekhon,vyanjana.sekhon599@yahoo.com,7578002791,331 Nayar Road,Jaunpur
C00600,Jeet Rastogi,jeet.rastogi600@gmail.com,8997941524,"813, Kunda Circle",Mira-Bhayandar
C00601,Ronith Vig,ronith.vig601@yahoo.com,7818688827,"885, Sandhu Street",Howrah
C00602,Umang Date,umang.date602@hotmail.com,6629407643,"48/421, Ganesan Ganj",Tezpur
C00603,Aayush Panchal,aayush.panchal603@yahoo.com,9473283361,H.No. 30 Om Nagar,Bhind
C00604,Arjun Rajan,arjun.rajan604@outlook.com,7189778247,"197, Bal Zila",Madhyamgram
C00605,Frado Ahluwalia,frado.ahluwalia605@outlook.com,9681057290,68/152 Kata Zila,Giridih
C00606,Rayaan Mohan,rayaan.mohan606@example.in,9691893708,"H.No. 73, Shetty Road",Muzaffarpur
C00607,Tanmayi Yogi,tanmayi.yogi607@hotmail.com,6459261884,"449, Sangha",Aurangabad
C00608,Sanya Kara,sanya.kara608@example.in,6892758131,"39, Nanda Path",Anand
C00609,Ishanvi Sastry,ishanvi.sastry609@example.in,6322702731,58/100 Golla Chowk,Udupi
C00610,Rohan Bala,rohan.bala610@hotmail.com,6366062448,H.No. 371 Rau Street,Nizamabad
C00611,Abhimanyu Ramesh,abhimanyu.ramesh611@example.in,8294518204,583 Sahota Circle,Sangli-Miraj & Kupwad
C00612,Tripti Doctor,tripti.doctor612@yahoo.com,6841118158,"770, Krishna Path",Katihar
C00613,Dhruv Bhargava,dhruv.bhargava613@yahoo.com,8623122407,69/546 Varma Chowk,Pimpri-Chinchwad
C00614,Yatin Bala,yatin.bala614@yahoo.com,9046344714,59/036 Devi Street,Srinagar
C00615,Avni Samra,avni.samra615@yahoo.com,6039964055,"68, Wali Street",Nagaon
C00616,Zarna Saraf,zarna.saraf616@hotmail.com,8434481744,"73/72, Sha Path",Allahabad
C00617,Raksha Thakur,raksha.thakur617@yahoo.com,6070557306,"78, Khurana Nagar",Asansol
C00618,Bina Sarin,bina.sarin618@outlook.com,6952745370,81/823 Tella Path,Mau
C00619,Ojas Bahri,ojas.bahri619@hotmail.com,9591109234,H.No. 30 Jaggi Nagar,Thoothukudi
C00620,Nathaniel Dixit,nathaniel.dixit620@yahoo.com,8371667776,15/81 Arya Nagar,Hapur
C00621,Veer Sankaran,veer.sankaran621@yahoo.com,6312831494,95/33 Kari Chowk,Jamnagar
C00622,Advaith Sani,advaith.sani622@yahoo.com,7554136025,50/67 Issac Nagar,Mangalore
C00623,Gaurangi Chawla,gaurangi.chawla623@hotmail.com,6736057187,H.No. 53 Kohli Road,Srikakulam
C00624,Thomas Sinha,thomas.sinha624@outlook.com,8440134378,"H.No. 265, Chandra Chowk",Amroha
C00625,Meera Shere,meera.shere625@outlook.com,9646465091,"51, Bhatti Chowk",Hazaribagh
C00626,Alexander Memon,alexander.memon626@hotmail.com,7733223511,70 Bora Marg,Suryapet
C00627,Neha Mukhopadhyay,neha.mukhopadhyay627@hotmail.com,9300264276,H.No. 54 Sarkar Chowk,Farrukhabad
C00628,Priya Sridhar,priya.sridhar628@gmail.com,6566284643,H.No. 010 Kanda Chowk,Serampore
C00629,Dhruv Rana,dhruv.rana629@outlook.com,8724379319,"H.No. 884, Shukla",Naihati
C00630,Charan Ratta,charan.ratta630@gmail.com,9336708587,02/27 Mane Zila,Mirzapur
C00631,Ria Narayanan,ria.narayanan631@hotmail.com,7182103874,82 Chandran Nagar,Rampur
C00632,Gautam More,gautam.more632@example.in,7307810758,H.No. 535 Ranganathan Road,Aizawl
C00633,Maanas Shah,maanas.shah633@hotmail.com,6877051815,H.No. 28 Sekhon Circle,Aurangabad
C00634,Gagan Gandhi,gagan.gandhi634@yahoo.com,7735130060,"86/15, Bail",Bhavnagar
C00635,Jyoti Kota,jyoti.kota635@outlook.com,6562161370,60 Dugar Road,Mehsana
C00636,Meghana Sastry,meghana.sastry636@outlook.com,9021169504,"H.No. 279, Mital Chowk",Vijayanagaram
C00637,Quincy Venkataraman,quincy.venkataraman637@outlook.com,9240671673,H.No. 824 Hayre Chowk,Satara
C00638,Nathan Khare,nathan.khare638@example.in,7448188705,52/831 Sathe Path,Sri Ganganagar
C00639,Champak Kohli,champak.kohli639@gmail.com,7440906928,"H.No. 440, Kumar Chowk",Kamarhati
C00640,Jagat Banik,jagat.banik640@example.in,7785812520,93/357 Subramanian Marg,Panipat
C00641,Aashi Borra,aashi.borra641@gmail.com,6545496262,H.No. 61 Saini Path,Raipur
C00642,Owen Reddy,owen.reddy642@outlook.com,8951630368,"55, Tara",Meerut
C00643,Arjun Deep,arjun.deep643@gmail.com,8086984018,248 Basu Street,Panipat
C00644,Warhi Varma,warhi.varma644@outlook.com,9755816900,"H.No. 80, Choudhry Ganj",Khandwa
C00645,Fitan Rau,fitan.rau645@hotmail.com,7909059763,"82/23, Parikh Street",Gopalpur
C00646,Zinal Randhawa,zinal.randhawa646@yahoo.com,7771354388,"509, Gola Nagar",Dhule
C00647,Bhanumati Das,bhanumati.das647@outlook.com,6838178514,"02, Pathak Nagar",Kumbakonam
C00648,Ojasvi Kota,ojasvi.kota648@example.in,7076356878,H.No. 542 Hans Street,Allahabad
C00649,Kiaan Sankaran,kiaan.sankaran649@example.in,7111922922,60 Nayak Zila,Ujjain
C00650,Lavanya Raghavan,lavanya.raghavan650@yahoo.com,9158088768,"76, Goel Ganj",Nashik
C00651,Siddharth Sane,siddharth.sane651@example.in,7393926089,51 Balasubramanian Marg,Bardhaman
C00652,Anika Handa,anika.handa652@yahoo.com,9777088251,"31/954, Bhavsar Chowk",Ludhiana
C00653,Urvashi Konda,urvashi.konda653@hotmail.com,9086907022,"50, Ramesh Road",Latur
C00654,Zayan Varkey,zayan.varkey654@outlook.com,9406425762,H.No. 850 Pandit Circle,Sagar
C00655,Kamya Balan,kamya.balan655@outlook.com,7379628184,"08/27, Badal Ganj",Sultan Pur Majra
C00656,Sudiksha Lanka,sudiksha.lanka656@gmail.com,7671585121,H.No. 13 Bhattacharyya Path,Morbi
C00657,Waida Boase,waida.boase657@hotmail.com,7562542251,H.No. 680 Varkey,Pondicherry
C00658,Harinakshi Dhar,harinakshi.dhar658@example.in,7145221639,"82, Parmar Chowk",Amritsar
C00659,Wahab Bawa,wahab.bawa659@gmail.com,8050231919,52 Deshpande Zila,Rourkela
C00660,Wakeeta Korpal,wakeeta.korpal660@yahoo.com,6893899488,"H.No. 851, Kari",Phusro
C00661,Maanav Deol,maanav.deol661@outlook.com,7390612716,"287, Vala Ganj",Panvel
C00662,William Hans,william.hans662@example.in,8044023594,28 Vig,Bilaspur
C00663,Hema Kota,hema.kota663@gmail.com,9746599193,54 Bandi Street,Kottayam
C00664,Garima Varkey,garima.varkey664@outlook.com,9916422605,45/154 Garg Ganj,Junagadh
C00665,Guneet Choudhary,guneet.choudhary665@yahoo.com,7552503811,"H.No. 51, Iyer Road",Muzaffarnagar
C00666,Tara Bhatt,tara.bhatt666@yahoo.com,6450696388,"17/428, Sarraf Road",Darbhanga
C00667,Lakshit Prakash,lakshit.prakash667@outlook.com,8041296877,802 Nagar Marg,Udaipur
C00668,Rachit Narayanan,rachit.narayanan668@gmail.com,8527558612,"41/06, Mukhopadhyay Ganj",Deoghar
C00669,Chakrika Chaudry,chakrika.chaudry669@example.in,9187302749,"92/28, Choudhary Ganj",Hospet
C00670,Adweta Upadhyay,adweta.upadhyay670@hotmail.com,8577845929,"H.No. 994, Suri Marg",Delhi
C00671,Alexander Sampath,alexander.sampath671@outlook.com,6049009918,"35/331, Lala Nagar",Kota
C00672,Chavvi Nayar,chavvi.nayar672@example.in,7477153055,71 Batra Ganj,Dharmavaram
C00673,Idika Naidu,idika.naidu673@outlook.com,7082734045,H.No. 502 Mammen Nagar,Srikakulam
C00674,Ekanta Chaudhary,ekanta.chaudhary674@hotmail.com,6159646355,71 Nori Ganj,Panvel
C00675,Kritika Sheth,kritika.sheth675@example.in,7908274065,H.No. 896 Saha Path,Suryapet
C00676,Krishna Mander,krishna.mander676@hotmail.com,9700650753,37/626 Sekhon Path,Kakinada
C00677,Divya Aggarwal,divya.aggarwal677@example.in,7056451566,"H.No. 28, Jha Circle",Tezpur
C00678,Kala Tripathi,kala.tripathi678@outlook.com,7180217166,124 Shere Zila,Danapur
C00679,Champak Varghese,champak.varghese679@yahoo.com,7750457249,"H.No. 01, Master Street",Berhampore
C00680,Ayushman Kulkarni,ayushman.kulkarni680@yahoo.com,7875579597,"90/215, Sha Circle",Bettiah
C00681,Zansi Badal,zansi.badal681@gmail.com,6593495834,"688, Dhar Chowk",Jamshedpur
C00682,Zashil Babu,zashil.babu682@gmail.com,8034952570,"869, Mani Chowk",Belgaum
C00683,Udyati Luthra,udyati.luthra683@hotmail.com,9732282637,21/197 Oza Zila,Ongole
C00684,Akshay Goda,akshay.goda684@example.in,9708859557,"H.No. 82, Radhakrishnan Chowk",Patna
C00685,Geetika Bose,geetika.bose685@gmail.com,9094617929,"48/62, Agate Street",Bally
C00686,Urmi Borde,urmi.borde686@hotmail.com,8189120662,98 Setty Path,Akola
C00687,Advay Sachdev,advay.sachdev687@outlook.com,9089883899,79 Varty Road,Agra
C00688,Yuvraj Dada,yuvraj.dada688@gmail.com,6770740632,30 Prashad Circle,Chittoor
C00689,Faras Aggarwal,faras.aggarwal689@outlook.com,6412093780,"80/597, Kant Path",Chennai
C00690,Vrishti Sandal,vrishti.sandal690@gmail.com,8451720300,"819, Doshi Nagar",Kozhikode
C00691,Dhriti Balasubramanian,dhriti.balasubramanian691@gmail.com,9199912769,"26/103, Mukhopadhyay Chowk",Patna
C00692,Upadhriti More,upadhriti.more692@outlook.com,6495932152,72 Gade Path,Phusro
C00693,Alexander Vig,alexander.vig693@outlook.com,9501929276,"H.No. 56, Vala Street",Karnal
C00694,Jai Oommen,jai.oommen694@gmail.com,6847795035,"H.No. 527, Karpe Road",Siwan
C00695,Ekavir Mittal,ekavir.mittal695@outlook.com,9930854573,45 Rajan Ganj,Shivpuri
C00696,Devika Sami,devika.sami696@example.in,7360122053,76/01 Borah Ganj,Proddatur
C00697,Sanaya Chada,sanaya.chada697@yahoo.com,6619446468,71 Jayaraman,Bhalswa Jahangir Pur
C00698,Nihal Suresh,nihal.suresh698@example.in,7892640496,431 Tak Nagar,Etawah
C00699,Nisha Chanda,nisha.chanda699@outlook.com,8272113480,65/001 Sawhney Zila,Dindigul
C00700,Chaaya Sood,chaaya.sood700@example.in,7399565960,"07/533, Sharma Zila",Gandhinagar
C00701,Amruta Bahri,amruta.bahri701@gmail.com,6874914232,H.No. 468 D’Alia Road,Avadi
C00702,Hiral Chander,hiral.chander702@example.in,6396975867,05/09 Ramanathan Nagar,Sonipat
C00703,Naksh Lad,naksh.lad703@outlook.com,7274530335,"24, Chauhan Street",Loni
C00704,Kamala Luthra,kamala.luthra704@outlook.com,9180206123,"87/49, Sandal Street",Tiruchirappalli
C00705,Jatin Mohanty,jatin.mohanty705@yahoo.com,9331082141,H.No. 384 Chatterjee Ganj,Gandhidham
C00706,Girik Raja,girik.raja706@outlook.com,7369149311,796 Amble,Bahraich
C00707,Wishi Nigam,wishi.nigam707@outlook.com,8742953657,05/983 Bali Path,Patna
C00708,Sathvik Chowdhury,sathvik.chowdhury708@outlook.com,7899313269,"H.No. 09, Patla Street",Chandrapur
C00709,Azad Hora,azad.hora709@example.in,9092861525,"56, Tank Circle",Adoni
C00710,Yatin Swamy,yatin.swamy710@hotmail.com,7692037413,H.No. 751 Johal Marg,Rampur
C00711,Tanish Batta,tanish.batta711@hotmail.com,8468652826,"567, Loke Circle",Baranagar
C00712,Irya Sem,irya.sem712@outlook.com,8211951954,"39/89, Bhagat Ganj",Gwalior
C00713,Ayush Verma,ayush.verma713@outlook.com,7942634842,22/86 Lalla Chowk,Farrukhabad
C00714,Yutika Balan,yutika.balan714@outlook.com,8446752614,H.No. 619 Behl Marg,Nellore
C00715,Siddharth Sankaran,siddharth.sankaran715@yahoo.com,6997322747,51/14 Padmanabhan Zila,Aurangabad
C00716,Udarsh Sani,udarsh.sani716@example.in,9462094579,"80/37, Dugal Nagar",Satna
C00717,Jagvi Swamy,jagvi.swamy717@gmail.com,7619343181,56 Choudhary Path,Sultan Pur Majra
C00718,Rachit Dass,rachit.dass718@outlook.com,6804909044,H.No. 532 Chauhan Marg,Bhiwandi
C00719,Faras Balasubramanian,faras.balasubramanian719@hotmail.com,9252487901,H.No. 22 Mukherjee Ganj,New Delhi
C00720,Vyanjana Rajan,vyanjana.rajan720@yahoo.com,6988970965,"91/922, Ranganathan Path",Anantapuram
C00721,Hamsini Patla,hamsini.patla721@outlook.com,9279659956,998 Sarkar Circle,Ulhasnagar
C00722,Champak De,champak.de722@gmail.com,7217618466,986 Deol Ganj,Sikar
C00723,Tarak Memon,tarak.memon723@gmail.com,7280423656,"H.No. 556, Hans",Nagercoil
C00724,Riya Pathak,riya.pathak724@gmail.com,7171996625,38/86 Mand Ganj,Tadepalligudem
C00725,Dayamai Mani,dayamai.mani725@yahoo.com,7556421194,"209, Goda Nagar",Akola
C00726,Sudiksha Thakur,sudiksha.thakur726@yahoo.com,7179916096,"072, Guha Ganj",Sonipat
C00727,Widisha Hari,widisha.hari727@gmail.com,7591785927,295 Sama Marg,Mahbubnagar
C00728,Adya Nath,adya.nath728@outlook.com,9522726714,078 Cherian Path,Burhanpur
C00729,Geetika Palla,geetika.palla729@gmail.com,6513817830,"487, Varghese Marg",Raiganj
C00730,Gagan Memon,gagan.memon730@example.in,8172133022,"H.No. 969, Bhatti Marg",Gulbarga
C00731,Charan Patil,charan.patil731@outlook.com,7930401449,H.No. 412 Viswanathan Circle,Maheshtala
C00732,Aarnav Rattan,aarnav.rattan732@hotmail.com,7354062988,"16/66, Rattan Path",Dhule
C00733,Vasana Agarwal,vasana.agarwal733@gmail.com,9151023680,H.No. 010 Cheema Path,Moradabad
C00734,Pranav Bobal,pranav.bobal734@hotmail.com,6080325792,"93/374, Toor Zila",Mirzapur
C00735,Patrick Borra,patrick.borra735@example.in,7379150345,"323, Devan Path",Panchkula
C00736,Falak Batta,falak.batta736@gmail.com,8347369874,"312, Kala Marg",Singrauli
C00737,Harish Dhillon,harish.dhillon737@gmail.com,7897344657,"02/012, Kulkarni",Phusro
C00738,Barkha Hans,barkha.hans738@gmail.com,9753556706,"99/77, Kota Circle",Ludhiana
C00739,Devika Saxena,devika.saxena739@gmail.com,7613444454,342 Hans Circle,Raurkela Industrial Township
C00740,Wazir Wason,wazir.wason740@gmail.com,7245520217,"859, Mane Path",Nellore
C00741,Yug Khalsa,yug.khalsa741@outlook.com,7977939713,"H.No. 49, Aggarwal Street",Vijayawada
C00742,Barkha Dasgupta,barkha.dasgupta742@example.in,6343509841,"52/26, Bajwa Road",Ambarnath
C00743,Ekantika Narayanan,ekantika.narayanan743@outlook.com,9334377705,"852, Kota Chowk",Berhampur
C00744,Jagvi Pandya,jagvi.pandya744@gmail.com,8315703387,"H.No. 642, Devan Road",Sikar
C00745,Balveer Sandal,balveer.sandal745@hotmail.com,7556290747,H.No. 11 Sunder Nagar,Surendranagar Dudhrej
C00746,Bhavini Raval,bhavini.raval746@hotmail.com,9390011198,"18, Hora Marg",Bongaigaon
C00747,Viraj Thakkar,viraj.thakkar747@hotmail.com,8354627752,H.No. 739 Chauhan Ganj,Allahabad
C00748,Ekiya Chaudhry,ekiya.chaudhry748@example.in,9565001818,10/501 Malhotra Road,Kulti
C00749,Januja Biswas,januja.biswas749@hotmail.com,8072766431,"00/45, Batta Marg",Serampore
C00750,Riya Sahota,riya.sahota750@example.in,7781210034,H.No. 953 Oak Zila,Buxar
C00751,Samarth Om,samarth.om751@gmail.com,9198352214,"74, Naidu Road",Hajipur
C00752,Aishani Thaker,aishani.thaker752@outlook.com,8032178460,"H.No. 79, Bora Nagar",Ambarnath
C00753,Reyansh Ben,reyansh.ben753@gmail.com,7263365435,"01/658, Sridhar Chowk",Vellore
C00754,Nidra Bera,nidra.bera754@outlook.com,9102196659,"H.No. 68, Kade Path",Dehradun
C00755,Faraj Dyal,faraj.dyal755@outlook.com,7977101571,"30/852, Basu Circle",Nanded
C00756,Aachal Chaudhary,aachal.chaudhary756@outlook.com,9043599043,25 Kari Chowk,Darbhanga
C00757,Mekhala Dugal,mekhala.dugal757@hotmail.com,8420616717,"669, Venkatesh Path",Pondicherry
C00758,Azad Shanker,azad.shanker758@outlook.com,7550465317,"10/54, Dasgupta Zila",Adoni
C00759,Anita Bali,anita.bali759@example.in,6933418268,50/75 Desai Marg,Hazaribagh
C00760,Thomas Merchant,thomas.merchant760@example.in,7929215492,"H.No. 863, Ramachandran Zila",Dindigul
C00761,Irya Bedi,irya.bedi761@yahoo.com,7874040087,H.No. 824 Roy Street,Kottayam
C00762,Priya Narain,priya.narain762@outlook.com,8392357294,67/77 Ratta Road,Hindupur
C00763,Anamika Som,anamika.som763@outlook.com,8897301879,98/01 Bajwa Chowk,Bhubaneswar
C00764,Ikbal Samra,ikbal.samra764@outlook.com,7439686813,51/73 Reddy Nagar,Nadiad
C00765,Lucky Dutt,lucky.dutt765@gmail.com,8211819413,"53/363, Gala Chowk",Chandigarh
C00766,Kritika Sule,kritika.sule766@yahoo.com,6215240978,"H.No. 710, Raja Nagar",Muzaffarnagar
C00767,Harsh Kanda,harsh.kanda767@outlook.com,8148979967,H.No. 34 Mukhopadhyay Nagar,Alwar
C00768,Thomas Arya,thomas.arya768@yahoo.com,9989070582,59 Bajaj Street,Jabalpur
C00769,Zehaan Raja,zehaan.raja769@example.in,6136035651,H.No. 98 Sabharwal Circle,Indore
C00770,Max Sane,max.sane770@gmail.com,8534319874,"030, Misra Zila",Gangtok
C00771,Tanish Karan,tanish.karan771@outlook.com,8219692953,16/082 Luthra Nagar,Ambattur
C00772,Ethan Sule,ethan.sule772@gmail.com,8483374525,99 Tella Nagar,Hapur
C00773,Bina Raval,bina.raval773@gmail.com,9703190453,"16/839, Hayre",Bhatpara
C00774,Qabil Hegde,qabil.hegde774@hotmail.com,8263908165,"665, Bhardwaj Circle",Sasaram
C00775,Barkha Sama,barkha.sama775@yahoo.com,6570398593,"H.No. 56, Hans Street",Khammam
C00776,Varsha Kumar,varsha.kumar776@gmail.com,6954287451,38/299 Kaur Marg,Nagercoil
C00777,Owen Sarkar,owen.sarkar777@gmail.com,6064547287,"H.No. 368, Balasubramanian Nagar",Kollam
C00778,Yochana Lall,yochana.lall778@yahoo.com,9230777108,43/599 Hayer Ganj,Shimla
C00779,Ekta Deshpande,ekta.deshpande779@outlook.com,8119102732,"71, Ghosh Path",Lucknow
C00780,Jeremiah Guha,jeremiah.guha780@hotmail.com,6212305199,H.No. 53 Pall Road,Thiruvananthapuram
C00781,Hamsini Apte,hamsini.apte781@yahoo.com,9503499620,"44/82, Chaudhuri",Jammu
C00782,Balvan Sarkar,balvan.sarkar782@yahoo.com,6363135949,H.No. 455 Borah Road,Raipur
C00783,Wakeeta Shankar,wakeeta.shankar783@gmail.com,7237968922,"94/341, Sethi Zila",Panchkula
C00784,Vyanjana Palan,vyanjana.palan784@yahoo.com,9893170621,08/028 Anand Ganj,Tezpur
C00785,Qarin Anand,qarin.anand785@gmail.com,6049622055,60/558 Dar Road,Amritsar
C00786,Harshil Pandit,harshil.pandit786@outlook.com,7857725294,61 Parmer Path,Alappuzha
C00787,Madhav Mukherjee,madhav.mukherjee787@gmail.com,9401532906,954 Sidhu Ganj,Tenali
C00788,Anjali Shan,anjali.shan788@hotmail.com,9455088718,593 Bahri Chowk,Srikakulam
C00789,Ansh Verma,ansh.verma789@outlook.com,7431558276,13/523 Soman Nagar,Solapur
C00790,Anvi Kohli,anvi.kohli790@example.in,7778311730,"62/181, Chad Chowk",Jodhpur
C00791,Zehaan Ramaswamy,zehaan.ramaswamy791@gmail.com,6541286195,H.No. 70 Lal Zila,Bardhaman
C00792,Vedant Tank,vedant.tank792@gmail.com,8188271381,"110, Sha Zila",Bongaigaon
C00793,Aarini Samra,aarini.samra793@gmail.com,6480388743,30 Borra Path,Akola
C00794,Girindra Gupta,girindra.gupta794@hotmail.com,6012874012,"52/92, Garde Path",Ramagundam
C00795,Omisha Ratta,omisha.ratta795@hotmail.com,6461714856,"14, Gaba Ganj",Chandrapur
C00796,Finn Basak,finn.basak796@hotmail.com,6146237078,"12/56, Mander Circle",Thrissur
C00797,Oni Saha,oni.saha797@hotmail.com,9197457513,"63/054, Pandya Nagar",Karnal
C00798,Darpan Pingle,darpan.pingle798@example.in,8308193453,"86, Koshy Zila",Bihar Sharif
C00799,Onkar Kota,onkar.kota799@example.in,8655646774,"73/745, Trivedi Marg",Guwahati
C00800,Atharv Jani,atharv.jani800@gmail.com,7485918850,"983, Chandra Street",Ranchi
C00801,Rehaan Sachar,rehaan.sachar801@gmail.com,9732541855,24/741 Vaidya Nagar,Bhagalpur
C00802,Fitan Jhaveri,fitan.jhaveri802@gmail.com,7550906998,"44/28, Amble Marg",Panchkula
C00803,Agastya Nagarajan,agastya.nagarajan803@yahoo.com,9801208120,"874, Kadakia Circle",Kanpur
C00804,Nidhi Sangha,nidhi.sangha804@outlook.com,7397113931,90/811 Chhabra Zila,Durgapur
C00805,Osha Yadav,osha.yadav805@example.in,9481923416,25/99 Gala,Patiala
C00806,Gayathri Natt,gayathri.natt806@outlook.com,7039411279,202 Mitter Circle,Naihati
C00807,Ekapad Wable,ekapad.wable807@example.in,8172399483,21/368 Dara Street,Ballia
C00808,Zarna Pillay,zarna.pillay808@outlook.com,6752397568,"73/33, Yohannan Street",Erode
C00809,Oliver Bhat,oliver.bhat809@outlook.com,8138670091,"51, Nagy Nagar",Raebareli
C00810,Janaki Iyengar,janaki.iyengar810@hotmail.com,8221105271,10/134 Shetty Zila,Ulhasnagar
C00811,Yatan Saha,yatan.saha811@gmail.com,9561008043,"91, Narayan Zila",Gaya
C00812,Samesh Sathe,samesh.sathe812@hotmail.com,9628437929,"653, Parsa Circle",Srinagar
C00813,Oviya Saini,oviya.saini813@hotmail.com,7015926230,"H.No. 68, Wagle Zila",Bharatpur
C00814,Diya Mital,diya.mital814@hotmail.com,9380311289,H.No. 729 Sastry Path,Panvel
C00815,Kashish Prabhakar,kashish.prabhakar815@gmail.com,7706280374,"74/557, Andra Street",Sirsa
C00816,Sai Gupta,sai.gupta816@outlook.com,8660792939,00/65 Sarraf Road,South Dumdum
C00817,Yauvani Peri,yauvani.peri817@yahoo.com,7353595646,"H.No. 299, Andra Marg",Cuttack
C00818,Chameli Tripathi,chameli.tripathi818@hotmail.com,7108852843,"59/601, Kala Chowk",Visakhapatnam
C00819,Hemang Mani,hemang.mani819@example.in,9763366235,"23/588, Gopal Street",Tirupati
C00820,Meghana Nayar,meghana.nayar820@example.in,7192592263,"H.No. 976, Swaminathan Street",Satara
C00821,Patrick Shenoy,patrick.shenoy821@outlook.com,7711103139,633 Shetty Nagar,Saharanpur
C00822,Gayathri Deo,gayathri.deo822@yahoo.com,9407499776,"H.No. 42, Thaman Nagar",Jamshedpur
C00823,Samar Narang,samar.narang823@hotmail.com,8234277686,H.No. 452 Bumb Street,Hosur
C00824,Aarna Oak,aarna.oak824@gmail.com,9636976349,89/824 Parekh Zila,Yamunanagar
C00825,Finn Comar,finn.comar825@gmail.com,6669702323,"42, Loyal Marg",Gandhidham
C00826,Krish Hari,krish.hari826@example.in,6782209522,H.No. 008 Iyer Path,Jalgaon
C00827,Reva Walla,reva.walla827@yahoo.com,7089402453,"19/19, Sachdeva Nagar",Jaunpur
C00828,Chameli Babu,chameli.babu828@outlook.com,8332110053,645 Bhatia Ganj,Kamarhati
C00829,Luke Yadav,luke.yadav829@example.in,6096296944,"49/74, Parmar Road",Vadodara
C00830,Ucchal Raghavan,ucchal.raghavan830@gmail.com,7004002852,90/641 Chowdhury Street,Bihar Sharif
C00831,Harrison Guha,harrison.guha831@outlook.com,9064327920,"378, Krishnamurthy Zila",Serampore
C00832,Peter Pandit,peter.pandit832@outlook.com,8640860765,H.No. 495 Ben Ganj,Pallavaram
C00833,Lohit Patil,lohit.patil833@yahoo.com,6257675933,H.No. 09 Narain Ganj,Panchkula
C00834,Lajita Dutt,lajita.dutt834@gmail.com,7696422158,"08, Kari Path",Kishanganj
C00835,Nicholas Trivedi,nicholas.trivedi835@gmail.com,7163871003,36/539 Koshy,Anantapuram
C00836,Jeet Master,jeet.master836@gmail.com,8165831293,319 Narasimhan Marg,Asansol
C00837,Parth Deshpande,parth.deshpande837@outlook.com,8836244732,H.No. 051 Raju Road,Thane
C00838,Vinaya Rout,vinaya.rout838@outlook.com,8736630406,H.No. 287 Wali Chowk,Mahbubnagar
C00839,Aarna Palla,aarna.palla839@gmail.com,9147796103,315 Lal Road,Amravati
C00840,Noah Nadkarni,noah.nadkarni840@yahoo.com,7736915837,"50/66, Varghese Chowk",Orai
C00841,Bhavika Lala,bhavika.lala841@yahoo.com,7211259449,"H.No. 734, Jayaraman Path",Giridih
C00842,Samuel Wason,samuel.wason842@yahoo.com,9232839054,"74, Kadakia Ganj",South Dumdum
C00843,Veer Kapoor,veer.kapoor843@hotmail.com,7295357319,30/571 Mander Nagar,Machilipatnam
C00844,Shivani Prakash,shivani.prakash844@example.in,6752639396,"55/58, Sani Road",Jalgaon
C00845,Devansh Bhattacharyya,devansh.bhattacharyya845@example.in,8598714920,34/98 Aggarwal Zila,Ghaziabad
C00846,Suhani Kari,suhani.kari846@outlook.com,6971053894,030 Sagar Zila,Dhanbad
C00847,Abeer Gill,abeer.gill847@yahoo.com,9956038500,"H.No. 980, Joshi Road",Bhopal
C00848,Tanvi Palla,tanvi.palla848@yahoo.com,9137290410,"869, Vora Road",Latur
C00849,Aadi Tara,aadi.tara849@outlook.com,7661956288,"00, Goyal Street",Kadapa
C00850,Chanakya Maharaj,chanakya.maharaj850@gmail.com,8783827662,31/87 Pai Marg,Mysore
C00851,David Dhingra,david.dhingra851@example.in,7682334158,H.No. 45 Zacharia Street,Belgaum
C00852,Samesh Gade,samesh.gade852@outlook.com,9898740073,"16/872, Varghese Nagar",Darbhanga
C00853,Caleb Chandran,caleb.chandran853@hotmail.com,6250363621,498 Ramanathan Path,Raipur
C00854,Chandresh Dewan,chandresh.dewan854@outlook.com,7367361333,35/358 Mahal Circle,Bulandshahr
C00855,Dhruv Mallick,dhruv.mallick855@gmail.com,6552631556,46/359 Oommen Path,Avadi
C00856,Luke Sane,luke.sane856@gmail.com,8440833518,"H.No. 919, De Chowk",Karimnagar
C00857,Rachit Bassi,rachit.bassi857@hotmail.com,9793986653,H.No. 58 Oza Street,Dhule
C00858,Madhav Ganguly,madhav.ganguly858@example.in,6240140107,"50/943, Ratti Road",Malegaon
C00859,Bhavani Rau,bhavani.rau859@yahoo.com,9115461847,"74, Kaur Marg",Meerut
C00860,Jhalak Balakrishnan,jhalak.balakrishnan860@yahoo.com,6584914116,73/30 Uppal Path,Sri Ganganagar
C00861,Diya Sharma,diya.sharma861@gmail.com,7869516041,"04/88, Deshmukh Road",Barasat
C00862,Indira Pillay,indira.pillay862@yahoo.com,7980334765,"641, Sathe Chowk",New Delhi
C00863,Ira Kaur,ira.kaur863@gmail.com,9152762794,"H.No. 20, Bhat Circle",Ongole
C00864,Barkha Sarin,barkha.sarin864@hotmail.com,9029036710,00/51 Morar,Durg
C00865,Ikbal Natt,ikbal.natt865@gmail.com,9004238269,H.No. 845 Kohli Marg,Hubli–Dharwad
C00866,Ojasvi Cherian,ojasvi.cherian866@gmail.com,8758400321,"939, Dass",Kishanganj
C00867,Vivaan Mall,vivaan.mall867@gmail.com,9914881512,"H.No. 048, Narula Road",Shimoga
C00868,Eta Thakur,eta.thakur868@yahoo.com,9848278372,32/73 Vyas Path,Bhalswa Jahangir Pur
C00869,Jason Sha,jason.sha869@yahoo.com,9354363099,"978, Subramanian Chowk",Jalandhar
C00870,Ijaya Mandal,ijaya.mandal870@hotmail.com,7241170434,H.No. 380 Tak Path,Naihati
C00871,Samar Sarma,samar.sarma871@example.in,6745393586,"23, Mangat Path",Begusarai
C00872,Meera Nigam,meera.nigam872@outlook.com,8104904045,61 Barad Nagar,Adoni
C00873,Damini Chopra,damini.chopra873@outlook.com,8934344257,"55/19, Savant Path",Mehsana
C00874,Ansh Verma,ansh.verma874@example.in,6576396355,H.No. 65 Chacko Circle,Tezpur
C00875,Vidhi Mitra,vidhi.mitra875@gmail.com,9832461074,69/48 Choudhury Path,Khandwa
C00876,Max Dugar,max.dugar876@gmail.com,6700371334,18 Kari Zila,Orai
C00877,Bhavini Seshadri,bhavini.seshadri877@gmail.com,8710675643,"957, Desai Zila",Jaunpur
C00878,Gautami Bedi,gautami.bedi878@outlook.com,9949324781,"70/52, Chaudry Marg",Rourkela
C00879,Chaitanya Gole,chaitanya.gole879@yahoo.com,9729065609,"117, Date Path",Hapur
C00880,Yasti Desai,yasti.desai880@hotmail.com,7282125617,"H.No. 44, Tandon Zila",Jehanabad
C00881,Sai Date,sai.date881@yahoo.com,9797249849,44/32 Krish Road,Bhiwani
C00882,Frederick Sankar,frederick.sankar882@hotmail.com,6405401603,"807, Sule Path",Hospet
C00883,Baljiwan Chakraborty,baljiwan.chakraborty883@example.in,7072459902,H.No. 912 Barad Marg,Jalna
C00884,Vedant Merchant,vedant.merchant884@gmail.com,6264951931,"H.No. 18, Sankaran Chowk",Davanagere
C00885,Wahab Palla,wahab.palla885@yahoo.com,8337608141,"H.No. 91, Tandon Nagar",Surendranagar Dudhrej
C00886,Harish Virk,harish.virk886@hotmail.com,8058804837,"H.No. 43, Sodhi Road",Raebareli
C00887,Siddharth Rao,siddharth.rao887@outlook.com,8393648846,"448, Pingle Marg",Thanjavur
C00888,Dominic Kaul,dominic.kaul888@gmail.com,9294484604,33 Sinha Ganj,Jabalpur
C00889,Ayaan Bajaj,ayaan.bajaj889@hotmail.com,9625512240,16 Sawhney,Sambalpur
C00890,Samar Swaminathan,samar.swaminathan890@example.in,9892264885,H.No. 25 Gala Marg,Dhule
C00891,Hritik Banik,hritik.banik891@gmail.com,8075284563,160 Sawhney Road,Udaipur
C00892,Chandresh Rai,chandresh.rai892@gmail.com,9497558042,86 Sampath Marg,Bihar Sharif
C00893,Harinakshi Oommen,harinakshi.oommen893@outlook.com,7074632857,44/85 Sridhar Circle,Kumbakonam
C00894,Dayita Mahajan,dayita.mahajan894@yahoo.com,7542761958,"22, Bhardwaj",Bhiwani
C00895,Guneet Varty,guneet.varty895@outlook.com,7942873104,"H.No. 362, Menon Street",Kozhikode
C00896,Radha Bhagat,radha.bhagat896@gmail.com,8968485589,17/119 Banerjee,Imphal
C00897,Aadhya Nagar,aadhya.nagar897@yahoo.com,6496772162,707 Chadha Street,Kollam
C00898,Megha Hora,megha.hora898@gmail.com,9495060890,35 Bose Nagar,Khora 
C00899,Panini Badami,panini.badami899@hotmail.com,9023359362,"H.No. 63, Dora Ganj",Nagaon
C00900,Bhavini Mukhopadhyay,bhavini.mukhopadhyay900@gmail.com,6932339467,"H.No. 757, Mani Marg",Haldia
C00901,Vidhi Mittal,vidhi.mittal901@hotmail.com,7222696103,H.No. 640 Upadhyay Road,Latur
C00902,Madhav Karan,madhav.karan902@gmail.com,7343297010,"H.No. 98, Bumb Street",Ramgarh
C00903,Oliver Sanghvi,oliver.sanghvi903@hotmail.com,7352752331,"H.No. 814, Bhakta Zila",Bongaigaon
C00904,Nachiket Dash,nachiket.dash904@example.in,9746032114,"H.No. 53, Pal Path",Burhanpur
C00905,Jagvi Ghose,jagvi.ghose905@outlook.com,8562964593,"H.No. 117, Sem Zila",Varanasi
C00906,Charan Yohannan,charan.yohannan906@yahoo.com,6251302325,"737, Bali Path",Maheshtala
C00907,Falguni Wable,falguni.wable907@gmail.com,7373718841,"H.No. 16, Wason Ganj",Tadepalligudem
C00908,Gavin Rajagopal,gavin.rajagopal908@example.in,7343637659,"37/067, Bahri Ganj",Khandwa
C00909,Xiti Krishna,xiti.krishna909@example.in,8124993807,24/34 Sha Path,Srinagar
C00910,Upma Rajagopalan,upma.rajagopalan910@outlook.com,9546140474,"47/694, Thakur Circle",Parbhani
C00911,David Khatri,david.khatri911@hotmail.com,8669135010,H.No. 768 Bahl Path,Bhiwani
C00912,Aishani Madan,aishani.madan912@gmail.com,6589984426,"76/432, Gupta Nagar",Khandwa
C00913,Deepa Maharaj,deepa.maharaj913@outlook.com,9093028478,"H.No. 82, Nagar Marg",Deoghar
C00914,Osha Loke,osha.loke914@gmail.com,8914997077,998 Jhaveri Street,Begusarai
C00915,Yatan Kaur,yatan.kaur915@outlook.com,6130484084,253 Barad Street,Varanasi
C00916,Chaitanya Chada,chaitanya.chada916@yahoo.com,7841238306,H.No. 58 Chahal,Solapur
C00917,Abhiram Sandal,abhiram.sandal917@outlook.com,8295489900,"74/526, Bansal Ganj",Chittoor
C00918,Daniel Barad,daniel.barad918@hotmail.com,9408099424,06 Sood,Rajahmundry
C00919,Amrita Narang,amrita.narang919@outlook.com,8260892880,"75/33, Buch Nagar",Purnia
C00920,Ira Nadig,ira.nadig920@example.in,9387392654,H.No. 23 Lad Marg,Shimla
C00921,Chaman Kala,chaman.kala921@gmail.com,7968462175,H.No. 94 Mital,Durg
C00922,Ira Chada,ira.chada922@hotmail.com,9187944601,"70, Kothari Path",Purnia
C00923,Bachittar Sheth,bachittar.sheth923@example.in,6885303221,"H.No. 83, Mandal Marg",Sri Ganganagar
C00924,Charvi Warrior,charvi.warrior924@outlook.com,8650773148,"88/60, Majumdar Marg",Bharatpur
C00925,Ikshita Ganesh,ikshita.ganesh925@example.in,8742819816,"H.No. 671, Mukherjee Street",Bihar Sharif
C00926,Amruta Wali,amruta.wali926@example.in,8645026347,H.No. 40 Dalal Road,Sonipat
C00927,Arya Kalita,arya.kalita927@gmail.com,8257487916,H.No. 409 Bhavsar Chowk,Pali
C00928,Advay Narang,advay.narang928@example.in,7641760405,"68/28, Grover",Pallavaram
C00929,Widisha Ramaswamy,widisha.ramaswamy929@yahoo.com,9947430859,838 Chopra Path,Muzaffarnagar
C00930,Dhriti Palla,dhriti.palla930@yahoo.com,7723196345,"81, Contractor Zila",Chapra
C00931,Nirja Sha,nirja.sha931@yahoo.com,8653947438,"H.No. 710, Viswanathan Marg",Rewa
C00932,Dayita Saran,dayita.saran932@example.in,7900468503,"598, Balay Ganj",Nellore
C00933,Arin Chanda,arin.chanda933@outlook.com,6161707470,"96/27, Setty Circle",Narasaraopet
C00934,Pranav Roy,pranav.roy934@outlook.com,6238504485,"67/15, Sodhi Ganj",Machilipatnam
C00935,Anita Handa,anita.handa935@gmail.com,7900026461,24 Biswas Path,Kishanganj
C00936,Agastya Ganesh,agastya.ganesh936@yahoo.com,9255516773,10 Puri Marg,Solapur
C00937,Shravya Pillai,shravya.pillai937@hotmail.com,7231727153,"63/436, Bail Path",Sangli-Miraj & Kupwad
C00938,Bhanumati Venkataraman,bhanumati.venkataraman938@hotmail.com,7645824142,121 Oza Nagar,Malda
C00939,Advik Buch,advik.buch939@gmail.com,8292301229,"570, Sampath Road",Jamnagar
C00940,Amruta Kalla,amruta.kalla940@example.in,8465534881,60/85 Nori Road,Ranchi
C00941,Ikshita Dugar,ikshita.dugar941@example.in,8756625945,H.No. 11 Thaker Ganj,Sri Ganganagar
C00942,Timothy Sawhney,timothy.sawhney942@hotmail.com,9299243545,03 Bora Ganj,Giridih
C00943,Pushti Dada,pushti.dada943@yahoo.com,9202421309,"78, Chandra Ganj",Miryalaguda
C00944,Ekanta Patil,ekanta.patil944@yahoo.com,7376429653,"64/24, Gour Ganj",Nizamabad
C00945,Nathan Nazareth,nathan.nazareth945@outlook.com,9899969702,"860, Trivedi Zila",Narasaraopet
C00946,Ekapad Kunda,ekapad.kunda946@gmail.com,6644205757,"510, Krishnan",Singrauli
C00947,Andrew Wali,andrew.wali947@gmail.com,7862086698,"H.No. 636, Mittal Road",Gandhidham
C00948,Anirudh Nayak,anirudh.nayak948@hotmail.com,6296547479,H.No. 99 Dada Chowk,Ujjain
C00949,Hemani Kohli,hemani.kohli949@yahoo.com,9085166542,20 Mani Nagar,Gandhidham
C00950,Gaurang Murty,gaurang.murty950@yahoo.com,7510077295,72/715 Walla Zila,Chandrapur
C00951,Tanay Kashyap,tanay.kashyap951@gmail.com,9879703494,"H.No. 22, Varty Path",Bahraich
C00952,Tarak Kari,tarak.kari952@hotmail.com,6972397011,H.No. 98 Mukhopadhyay Nagar,Shivpuri
C00953,Tanmayi Nigam,tanmayi.nigam953@gmail.com,9296727563,"82/811, Rege Path",Nangloi Jat
C00954,Unnati Narang,unnati.narang954@hotmail.com,6506655569,20/273 Agate Ganj,Gurgaon
C00955,Timothy Borah,timothy.borah955@gmail.com,8128846884,"99/04, Pradhan Chowk",Lucknow
C00956,Bahadurjit Arora,bahadurjit.arora956@outlook.com,7855864819,75 Pathak Street,Karaikudi
C00957,Anthony Andra,anthony.andra957@example.in,9417480206,H.No. 639 Ahluwalia Marg,Latur
C00958,Siya Kaur,siya.kaur958@yahoo.com,6863800006,"91/94, Narayan Street",Vijayanagaram
C00959,Warinder Ranganathan,warinder.ranganathan959@hotmail.com,6370004274,"32, Sane",Barasat
C00960,Rudra Suri,rudra.suri960@hotmail.com,9563399242,732 Sachar Marg,Tiruchirappalli
C00961,Umang Andra,umang.andra961@yahoo.com,8127975346,H.No. 15 Upadhyay Street,Tiruchirappalli
C00962,Yasti Luthra,yasti.luthra962@gmail.com,6931878939,H.No. 998 Sahota Nagar,Haldia
C00963,Siddharth Sant,siddharth.sant963@example.in,8749669771,"895, Arora Circle",Anand
C00964,Sai Khosla,sai.khosla964@example.in,7893387364,48 Kapoor Zila,Vijayanagaram
C00965,Matthew Sharaf,matthew.sharaf965@hotmail.com,9067450663,45/64 Bhatia Zila,Morena
C00966,Laksh Puri,laksh.puri966@gmail.com,8483407546,"45, Puri Street",Morbi
C00967,Warinder De,warinder.de967@yahoo.com,7517223773,83 Hari Marg,Chandrapur
C00968,Luke Bumb,luke.bumb968@gmail.com,6763651973,H.No. 01 Subramanian Street,Madhyamgram
C00969,Avi Balan,avi.balan969@outlook.com,6426028510,"08/56, Varma Zila",Ramagundam
C00970,Bhavya Subramaniam,bhavya.subramaniam970@gmail.com,6290017137,"H.No. 613, Trivedi Chowk",Erode
C00971,Elijah Parsa,elijah.parsa971@hotmail.com,6193415076,H.No. 482 Dar Street,Gudivada
C00972,Utkarsh Keer,utkarsh.keer972@hotmail.com,7506951516,"H.No. 38, Bhardwaj Street",Ambarnath
C00973,Gavin Devan,gavin.devan973@gmail.com,8333040649,"H.No. 778, Parekh Nagar",Mango
C00974,Shravya Raja,shravya.raja974@hotmail.com,6905717634,"H.No. 41, Sawhney Road",Kota
C00975,Rishi Comar,rishi.comar975@outlook.com,7883281484,"H.No. 637, Anand",Kozhikode
C00976,Lipika Mody,lipika.mody976@example.in,9877581356,19/80 Wason,Pondicherry
C00977,Hemani Dhawan,hemani.dhawan977@example.in,9663558906,"H.No. 41, Vala Marg",Hospet
C00978,Wyatt Dave,wyatt.dave978@yahoo.com,8370970361,"89/87, Gandhi Street",Dibrugarh
C00979,Vanya Hegde,vanya.hegde979@outlook.com,7442038523,75/103 Gokhale Nagar,Jaipur
C00980,Nimrat Chandran,nimrat.chandran980@hotmail.com,8359501108,H.No. 816 Merchant Nagar,Dhanbad
C00981,Akshay Bora,akshay.bora981@example.in,6502402674,"H.No. 794, Singhal Zila",Mau
C00982,Wishi Upadhyay,wishi.upadhyay982@example.in,6025809460,"35/524, Shah Circle",Bally
C00983,Jasmit Doshi,jasmit.doshi983@outlook.com,8648814740,H.No. 40 Rao Circle,Raiganj
C00984,Frado Boase,frado.boase984@example.in,8523801681,"H.No. 02, Raju Marg",Dehradun
C00985,Wishi Karan,wishi.karan985@example.in,8292659164,16/71 Gour Zila,Yamunanagar
C00986,Ijaya Sachdeva,ijaya.sachdeva986@yahoo.com,7282217125,75/67 Raju Zila,Khandwa
C00987,Janaki Aggarwal,janaki.aggarwal987@gmail.com,8054817834,65 Shroff Ganj,Chandigarh
C00988,Rachana Sastry,rachana.sastry988@hotmail.com,7112534132,"53/801, Kant Ganj",Agartala
C00989,Ikshita Chanda,ikshita.chanda989@example.in,6692471084,"H.No. 551, Dugar Circle",Hubli–Dharwad
C00990,Dalaja Gera,dalaja.gera990@example.in,9302942703,"44, Luthra Zila",Rajpur Sonarpur
C00991,Faras Bawa,faras.bawa991@gmail.com,6436903981,"019, Dora Nagar",Jhansi
C00992,Gaurangi Char,gaurangi.char992@yahoo.com,6723861372,02/765 Tank Street,Miryalaguda
C00993,Ekavir Dugar,ekavir.dugar993@hotmail.com,8970448753,800 Sahni,Ramgarh
C00994,Qadim Chakraborty,qadim.chakraborty994@outlook.com,6532593348,H.No. 05 Prabhakar Marg,Kalyan-Dombivli
C00995,Nirja Bala,nirja.bala995@example.in,9914529853,74/761 Arora Marg,Bhiwandi
C00996,Madhav Prabhu,madhav.prabhu996@hotmail.com,8455321774,"29, Kapoor",Salem
C00997,Omaja Devi,omaja.devi997@yahoo.com,8813973834,"71/16, Wagle",Bhagalpur
C00998,Januja Chopra,januja.chopra998@yahoo.com,6330268569,19/19 Prasad Marg,Kharagpur
C00999,Yashodhara Saha,yashodhara.saha999@yahoo.com,8812973971,"74/46, Bhatnagar Nagar",Pune
C01000,Jagrati Chaudry,jagrati.chaudry1000@outlook.com,9477068310,"23/626, Bawa Road",Bijapur
C01001,Charan Nagi,charan.nagi1001@outlook.com,7614224845,57/646 Mane Zila,Shahjahanpur
C01002,Jeet Dua,jeet.dua1002@yahoo.com,7486541561,H.No. 591 Sur Circle,Alwar
C01003,Priya Anand,priya.anand1003@hotmail.com,7249379392,"H.No. 37, Yadav Marg",Kanpur
C01004,Chaitaly Garg,chaitaly.garg1004@yahoo.com,8556855352,"H.No. 326, Borde Road",Khammam
C01005,Raksha Peri,raksha.peri1005@gmail.com,9258532694,"71, Lad Nagar",Patiala
C01006,Mason Minhas,mason.minhas1006@gmail.com,8046763671,"38/41, Lala Street",Alwar
C01007,Jacob Sant,jacob.sant1007@outlook.com,7084753498,"34, Khatri Circle",Tezpur
C01008,Wahab Contractor,wahab.contractor1008@example.in,7264927515,"12/03, Saxena Circle",Nizamabad
C01009,Chakrika Sangha,chakrika.sangha1009@outlook.com,9296344342,"670, Doctor Chowk",Bhatpara
C01010,Abha Narain,abha.narain1010@outlook.com,7679312254,"H.No. 67, Mukhopadhyay Zila",Warangal
C01011,Qarin Karan,qarin.karan1011@example.in,8265083516,200 Dyal Circle,Lucknow
C01012,Jeevika Kapadia,jeevika.kapadia1012@hotmail.com,7482109392,"49/079, Natarajan Road",Hapur
C01013,Triya Arora,triya.arora1013@outlook.com,6272190664,"86, Bal Zila",Dewas
C01014,Ishaan Sami,ishaan.sami1014@gmail.com,7720150833,H.No. 832 Verma Road,Jammu
C01015,Onveer Prakash,onveer.prakash1015@example.in,9443028522,H.No. 784 Baral Road,Hospet
C01016,Urvashi Raval,urvashi.raval1016@yahoo.com,9677711723,"52/31, Sandal Circle",Ahmednagar
C01017,Indira Chhabra,indira.chhabra1017@gmail.com,6020524524,H.No. 57 Kumar Circle,Muzaffarnagar
C01018,Manya Ray,manya.ray1018@hotmail.com,9291806530,34/98 Mody Chowk,Vijayanagaram
C01019,Urmi Varughese,urmi.varughese1019@outlook.com,7741190363,"54/82, Bajwa Circle",Khammam
C01020,Jeevika Dua,jeevika.dua1020@yahoo.com,7892100967,H.No. 66 Sekhon Path,Imphal
C01021,Damyanti Bhagat,damyanti.bhagat1021@yahoo.com,7948886320,H.No. 130 Vig Zila,Thrissur
C01022,Chakrika Rajagopal,chakrika.rajagopal1022@gmail.com,7475570144,"45/216, Cherian Street",Mango
C01023,Rachit Tripathi,rachit.tripathi1023@outlook.com,7868244712,"H.No. 34, Saraf Zila",Tiruppur
C01024,Qabil Sarraf,qabil.sarraf1024@example.in,7096723500,542 Ramachandran Chowk,Shimla
C01025,Charvi Ganesan,charvi.ganesan1025@gmail.com,9526567249,H.No. 49 Samra Chowk,Bareilly
C01026,Maya Grewal,maya.grewal1026@example.in,8381499099,83 Chadha Road,Aizawl
C01027,Urvi Saran,urvi.saran1027@hotmail.com,9093294027,34/44 Minhas Circle,Kottayam
C01028,Tamanna Parsa,tamanna.parsa1028@gmail.com,9800990757,07/449 Pillai,Pondicherry
C01029,Vanya Dhingra,vanya.dhingra1029@example.in,9507539515,"H.No. 17, Boase Chowk",Katni
C01030,Daksha Narula,daksha.narula1030@gmail.com,9960994754,"931, Shah Path",Gangtok
C01031,Mitali Sura,mitali.sura1031@outlook.com,6960697678,93/37 Gole,Bhatpara
C01032,Januja Natt,januja.natt1032@outlook.com,6250858936,"838, Koshy Chowk",Kumbakonam
C01033,Vasatika Naidu,vasatika.naidu1033@outlook.com,8165828539,H.No. 52 Khare Chowk,Korba
C01034,Yahvi Nadkarni,yahvi.nadkarni1034@yahoo.com,9378111829,"130, Sen",Bardhaman
C01035,Jagdish Biswas,jagdish.biswas1035@example.in,7542158753,58/82 Tandon Nagar,Kumbakonam
C01036,Teerth Dube,teerth.dube1036@example.in,7538672839,"H.No. 668, Kalla Road",Agartala
C01037,Warjas Gandhi,warjas.gandhi1037@example.in,7076573025,H.No. 096 Vyas Nagar,Darbhanga
C01038,Daniel Hegde,daniel.hegde1038@example.in,9600719127,"564, Thaman Path",Junagadh
C01039,Falguni Banerjee,falguni.banerjee1039@outlook.com,7019267302,"H.No. 93, Mall Path",Karawal Nagar
C01040,Shaurya Issac,shaurya.issac1040@gmail.com,8257522272,"14/651, Agrawal Zila",New Delhi
C01041,Chandran Venkataraman,chandran.venkataraman1041@gmail.com,8479771284,19 Jhaveri Ganj,Dharmavaram
C01042,Ojasvi Kala,ojasvi.kala1042@example.in,7984495055,"111, Malhotra",Nagpur
C01043,Michael Gole,michael.gole1043@gmail.com,6819953614,21 Ratti Street,Fatehpur
C01044,Charles Naik,charles.naik1044@gmail.com,9693551872,H.No. 48 Chandra Ganj,Raipur
C01045,Fariq Butala,fariq.butala1045@hotmail.com,6186573628,"35, Goel Circle",Dhanbad
C01046,Hemani Jha,hemani.jha1046@hotmail.com,7429511847,"H.No. 112, Dua Chowk",Kadapa
C01047,Ridhi Bora,ridhi.bora1047@hotmail.com,8048016208,"78, Johal Ganj",Sagar
C01048,Tanmayi Badal,tanmayi.badal1048@example.in,9074335118,82/24 Gandhi Nagar,Kumbakonam
C01049,Darsh Loke,darsh.loke1049@gmail.com,9361268752,"H.No. 82, Bhatnagar Zila",Deoghar
C01050,Megha Char,megha.char1050@gmail.com,6959826954,85/435 Lanka Marg,Bulandshahr
C01051,Laksh Tata,laksh.tata1051@hotmail.com,9988302580,"H.No. 366, Narain Nagar",Dhanbad
C01052,Dalbir Ramesh,dalbir.ramesh1052@yahoo.com,9816418365,H.No. 097 Ahuja Marg,Vadodara
C01053,Tejas Bala,tejas.bala1053@yahoo.com,9548069581,86/696 Rajagopalan Circle,Sri Ganganagar
C01054,Vyanjana Deo,vyanjana.deo1054@example.in,8350027983,"H.No. 810, Tailor Marg",Bahraich
C01055,Reyansh Sibal,reyansh.sibal1055@example.in,6834818922,"01/066, Zachariah Chowk",Amravati
C01056,Wyatt Tripathi,wyatt.tripathi1056@outlook.com,9049814575,"H.No. 88, Nigam Zila",Nellore
C01057,Luke Wason,luke.wason1057@example.in,9306177776,48/85 Narain Road,Etawah
C01058,Rachana Chowdhury,rachana.chowdhury1058@outlook.com,7743551203,"743, Krish Ganj",Haridwar
C01059,Lohit Sahota,lohit.sahota1059@example.in,9674589054,"H.No. 884, Setty Path",Jamalpur
C01060,Lipika Munshi,lipika.munshi1060@outlook.com,6316862063,276 Comar Street,Pune
C01061,Vyanjana Madan,vyanjana.madan1061@example.in,8902304301,14/48 Tata Street,Amaravati
C01062,Jacob Rao,jacob.rao1062@outlook.com,6796812927,"H.No. 309, Karnik Street",Bhatpara
C01063,Maanas Prabhakar,maanas.prabhakar1063@hotmail.com,8515535761,"H.No. 830, Kapadia Road",Kishanganj
C01064,Veer Sanghvi,veer.sanghvi1064@outlook.com,6369991095,"H.No. 14, Ganesan Chowk",Muzaffarpur
C01065,Bhavini Kaul,bhavini.kaul1065@example.in,7536154599,93/05 Shenoy Chowk,Nagaon
C01066,Wazir Bal,wazir.bal1066@hotmail.com,9388091715,"H.No. 14, Chauhan Path",Arrah
C01067,Om Kunda,om.kunda1067@hotmail.com,6802027462,16/815 Thakkar,Udaipur
C01068,Vincent Kala,vincent.kala1068@example.in,9190905076,H.No. 169 Sridhar Circle,Kishanganj
C01069,Girish Saraf,girish.saraf1069@example.in,6975886067,"14, Mitter Street",Rourkela
C01070,Abeer Sachdeva,abeer.sachdeva1070@example.in,8640840463,50/65 Viswanathan Zila,Dindigul
C01071,Charles Mammen,charles.mammen1071@hotmail.com,6951552384,"98/718, Raghavan Chowk",Sri Ganganagar
C01072,Yashica Mani,yashica.mani1072@gmail.com,6234450255,"H.No. 871, Rana Chowk",North Dumdum
C01073,Chakrika Badal,chakrika.badal1073@outlook.com,7865662390,"08/441, Barad Nagar",New Delhi
C01074,Siya Sibal,siya.sibal1074@outlook.com,6735531343,50/341 Lad Circle,Dindigul
C01075,Michael Sabharwal,michael.sabharwal1075@gmail.com,7773131033,"H.No. 062, Pandey Circle",Jorhat
C01076,Upadhriti Atwal,upadhriti.atwal1076@gmail.com,9903709496,88/002 Manda Road,Panvel
C01077,Girik Chatterjee,girik.chatterjee1077@outlook.com,6753067957,"25/89, Peri Nagar",Begusarai
C01078,Harrison Sanghvi,harrison.sanghvi1078@yahoo.com,7360744801,"H.No. 33, Ram Street",Surat
C01079,Mohini Trivedi,mohini.trivedi1079@hotmail.com,7919754878,"78/199, Tiwari",Naihati
C01080,Gautam Parmar,gautam.parmar1080@outlook.com,6173387852,H.No. 328 Ganesh Road,Phagwara
C01081,Dalaja Balay,dalaja.balay1081@outlook.com,6281531831,"H.No. 07, Sangha Road",Kharagpur
C01082,Shivani Dhillon,shivani.dhillon1082@outlook.com,9812490630,"H.No. 836, Doshi Marg",Ratlam
C01083,Jacob Mitter,jacob.mitter1083@hotmail.com,6089994789,"12/858, Majumdar Circle",Tiruppur
C01084,Kashish Radhakrishnan,kashish.radhakrishnan1084@example.in,7991724330,"H.No. 640, Din Zila",Jamnagar
C01085,Suhani Chaudry,suhani.chaudry1085@yahoo.com,6478636259,004 Sarkar Street,Hosur
C01086,Ryan Chaudhry,ryan.chaudhry1086@yahoo.com,9150319781,83/183 Banik,Kirari Suleman Nagar
C01087,Kalpit Khatri,kalpit.khatri1087@gmail.com,8905612423,"09, Gala Circle",Khammam
C01088,Kamala Sachdeva,kamala.sachdeva1088@hotmail.com,9193834763,H.No. 675 Bhatt,Maheshtala
C01089,Hitesh Sabharwal,hitesh.sabharwal1089@gmail.com,7151580486,"014, Bali Street",Patiala
C01090,Warinder Mahal,warinder.mahal1090@hotmail.com,7527660173,"96/10, Andra Nagar",Bangalore
C01091,Orinder Bajaj,orinder.bajaj1091@outlook.com,8369778655,80/808 Morar,Muzaffarpur
C01092,Barkha Saxena,barkha.saxena1092@outlook.com,7454783725,"H.No. 871, Suri Path",Singrauli
C01093,Vedika Bora,vedika.bora1093@example.in,6596376737,32/88 Narayan Street,Patna
C01094,Isaac Srinivasan,isaac.srinivasan1094@example.in,9135913516,01/325 Soni Chowk,Ghaziabad
C01095,Tanay Wadhwa,tanay.wadhwa1095@example.in,6542302741,73/92 Issac,Mathura
C01096,Kiaan Balay,kiaan.balay1096@gmail.com,9615887379,"21/26, Borde Circle",Jorhat
C01097,Champak Palla,champak.palla1097@hotmail.com,7703513135,86 Anne Chowk,Arrah
C01098,Jeet Patel,jeet.patel1098@yahoo.com,8270995644,600 Nayar Path,Guwahati
C01099,Chanakya Ramakrishnan,chanakya.ramakrishnan1099@yahoo.com,9840617579,"60/596, Basu Ganj",Delhi
C01100,Hamsini Brahmbhatt,hamsini.brahmbhatt1100@hotmail.com,8641594060,18/964 Raman Ganj,Satna
C01101,Vedhika Ratti,vedhika.ratti1101@gmail.com,9621316344,02 Talwar Circle,Tirunelveli
C01102,Raksha Seshadri,raksha.seshadri1102@example.in,7982771817,32 Gola Zila,Salem
C01103,Hardik Pradhan,hardik.pradhan1103@example.in,9726096564,H.No. 678 Trivedi Road,Ranchi
C01104,Nandini Guha,nandini.guha1104@example.in,7577515868,10/529 Sagar Street,Mangalore
C01105,Siya Chacko,siya.chacko1105@gmail.com,7033884542,"95/516, Bhandari Nagar",Nandyal
C01106,Ucchal Sangha,ucchal.sangha1106@hotmail.com,9167531561,"27/82, Murty Road",Satara
C01107,Kritika Gupta,kritika.gupta1107@gmail.com,6508194466,"50/746, Lad Nagar",Ichalkaranji
C01108,Rudra Dhawan,rudra.dhawan1108@outlook.com,8343255933,"51/09, Ganesh Ganj",Pune
C01109,Agastya Kade,agastya.kade1109@hotmail.com,7171064632,"H.No. 74, Sarraf Road",Morena
C01110,Ridhi Goel,ridhi.goel1110@example.in,8533896329,"H.No. 47, Rattan Road",Ranchi
C01111,Jack Shenoy,jack.shenoy1111@hotmail.com,9873628614,"807, Ramaswamy Chowk",Srikakulam
C01112,Oviya Date,oviya.date1112@example.in,8887833120,"902, Ramesh Path",Tirunelveli
C01113,Krishna Naidu,krishna.naidu1113@example.in,9305431598,"996, Hayre",Morena
C01114,Baljiwan Sule,baljiwan.sule1114@example.in,8694113447,H.No. 49 Dasgupta Circle,Pudukkottai
C01115,Nisha Sathe,nisha.sathe1115@hotmail.com,6938580492,59/62 Chander Path,Tirunelveli
C01116,Ekanta Bassi,ekanta.bassi1116@hotmail.com,6950876487,"991, Swaminathan Circle",Narasaraopet
C01117,Tara Bahl,tara.bahl1117@outlook.com,6933044942,"H.No. 06, Deo Circle",Bhiwani
C01118,Qasim Pai,qasim.pai1118@outlook.com,8751187865,"56, De Zila",Bulandshahr
C01119,Ekalinga Arya,ekalinga.arya1119@yahoo.com,8867008545,H.No. 85 Srivastava Zila,Jammu
C01120,Yashica Behl,yashica.behl1120@gmail.com,7223042025,53/28 Padmanabhan Nagar,Ghaziabad
C01121,Damini Sant,damini.sant1121@yahoo.com,6093239616,"01, Doctor Path",Guntakal
C01122,Niharika Murty,niharika.murty1122@hotmail.com,7942908549,H.No. 28 Garg Circle,Silchar
C01123,Charles Chaudhari,charles.chaudhari1123@yahoo.com,6141537793,73/512 Gade Path,Hyderabad
C01124,Divya Subramanian,divya.subramanian1124@yahoo.com,9242333512,"38, Chakrabarti Ganj",Kavali
C01125,Madhav Das,madhav.das1125@hotmail.com,9170860425,94/040 Agate,Jaunpur
C01126,Rishi Varghese,rishi.varghese1126@yahoo.com,9058517667,22/85 Chakrabarti Road,Solapur
C01127,Harini Soman,harini.soman1127@yahoo.com,9063202015,716 Pingle,Dhule
C01128,Tanvi Sehgal,tanvi.sehgal1128@yahoo.com,7830585603,"H.No. 09, Nori Circle",Bikaner
C01129,Jeremiah Mukhopadhyay,jeremiah.mukhopadhyay1129@example.in,7591205890,"18/068, Talwar Street",Bhiwani
C01130,Anya Gulati,anya.gulati1130@outlook.com,7774368894,H.No. 27 Mall Marg,Panvel
C01131,Faris Pal,faris.pal1131@yahoo.com,7539410181,"77, Dave Street",Kollam
C01132,Chakradev Aurora,chakradev.aurora1132@hotmail.com,9855951131,01 Shah Path,Mira-Bhayandar
C01133,Devika Sane,devika.sane1133@hotmail.com,9032855502,54/45 Dyal Ganj,Chinsurah
C01134,Mekhala Bhalla,mekhala.bhalla1134@example.in,7617209876,85 Sharaf Zila,Ichalkaranji
C01135,Eiravati Bhardwaj,eiravati.bhardwaj1135@example.in,6654591558,"45, Baria Nagar",Raurkela Industrial Township
C01136,Balvan Ratta,balvan.ratta1136@outlook.com,9434292254,38/085 Sahni Circle,Bhiwandi
C01137,Krisha Suresh,krisha.suresh1137@yahoo.com,9929711476,75 Bobal Marg,Ambarnath
C01138,Darpan Bhatnagar,darpan.bhatnagar1138@example.in,9669143336,48/60 Dixit Circle,Nagpur
C01139,Vritti Narula,vritti.narula1139@yahoo.com,8473913134,"056, Sharaf Zila",Raiganj
C01140,Sai Maharaj,sai.maharaj1140@gmail.com,7360286078,"39/859, Rastogi Ganj",Rajpur Sonarpur
C01141,Kala Parmer,kala.parmer1141@gmail.com,6994937064,80/017 Chauhan Circle,Nizamabad
C01142,Ronith Krishnamurthy,ronith.krishnamurthy1142@yahoo.com,9861820723,"H.No. 59, Issac Nagar",Satara
C01143,Geetika Bhardwaj,geetika.bhardwaj1143@hotmail.com,6313635417,H.No. 29 Biswas Road,Gangtok
C01144,Chaman Murty,chaman.murty1144@gmail.com,9980488722,22/897 Gupta Marg,Delhi
C01145,Chakradev Bhandari,chakradev.bhandari1145@outlook.com,9282006510,74 Dora Nagar,Sirsa
C01146,Qabil Trivedi,qabil.trivedi1146@outlook.com,9183486396,H.No. 15 Peri,Rampur
C01147,Urvashi Mangat,urvashi.mangat1147@hotmail.com,9145118563,H.No. 55 More Marg,Rajpur Sonarpur
C01148,Nimrat Handa,nimrat.handa1148@gmail.com,6521529975,"70, Sachar Path",Latur
C01149,Yoshita Om,yoshita.om1149@hotmail.com,9005900927,H.No. 818 Trivedi Street,Madhyamgram
C01150,Ladli Bhattacharyya,ladli.bhattacharyya1150@yahoo.com,8825925958,H.No. 94 Anand Chowk,Ichalkaranji
C01151,Devansh Venkatesh,devansh.venkatesh1151@hotmail.com,9380492195,"92, Khurana Path",Anantapur
C01152,Aryan Sami,aryan.sami1152@example.in,7674951867,90/95 Khanna,Gorakhpur
C01153,Frado Ghosh,frado.ghosh1153@example.in,8162669351,"256, Kari Road",Chinsurah
C01154,Adya Kunda,adya.kunda1154@gmail.com,9589801069,"55/79, Bala Ganj",Jaunpur
C01155,Tamanna D’Alia,tamanna.d’alia1155@outlook.com,7532918437,72 Raman,Kadapa
C01156,Jeet Srivastava,jeet.srivastava1156@outlook.com,8367195888,"42/566, Pillai Zila",Latur
C01157,Noah Andra,noah.andra1157@example.in,9777853175,288 Chaudhuri Street,Ludhiana
C01158,Finn Mander,finn.mander1158@example.in,7587196588,"90/889, Chad Marg",South Dumdum
C01159,Laksh Dhawan,laksh.dhawan1159@gmail.com,6517472325,76 Brahmbhatt Chowk,Noida
C01160,Oeshi Jani,oeshi.jani1160@outlook.com,8912317047,"27/46, Kannan Nagar",Katni
C01161,Kashvi Dara,kashvi.dara1161@outlook.com,8613462735,59 Datta Marg,Dibrugarh
C01162,Dalbir Rastogi,dalbir.rastogi1162@yahoo.com,7154214231,25/84 Sani Chowk,Dindigul
C01163,Chandresh Rajagopalan,chandresh.rajagopalan1163@yahoo.com,7562951977,"H.No. 70, Dutta Zila",Bettiah
C01164,Upkaar Kapoor,upkaar.kapoor1164@gmail.com,9544956080,10/061 Manne Zila,Junagadh
C01165,Ikshita Swamy,ikshita.swamy1165@example.in,8014527723,H.No. 977 Morar,Udupi
C01166,Theodore Lata,theodore.lata1166@yahoo.com,8792710558,"H.No. 76, Saran Ganj",Bathinda
C01167,Jai Narang,jai.narang1167@yahoo.com,9764549482,35/694 Pal Chowk,Dibrugarh
C01168,Osha Korpal,osha.korpal1168@example.in,9871586786,"63/535, Bora Road",Burhanpur
C01169,Tanish Sama,tanish.sama1169@example.in,9266490764,"H.No. 382, Chada Nagar",Malda
C01170,Ladli Sandhu,ladli.sandhu1170@yahoo.com,6344887693,"59/978, Dayal Marg",Sultan Pur Majra
C01171,Rayaan Cheema,rayaan.cheema1171@outlook.com,8041194247,"H.No. 085, Boase Road",Tinsukia
C01172,Chaitaly Dutt,chaitaly.dutt1172@example.in,7901153123,"32/78, Sharaf Chowk",Kharagpur
C01173,Ekaraj Wable,ekaraj.wable1173@hotmail.com,9849313105,"H.No. 144, Nadkarni Chowk",Chandrapur
C01174,Krishna Mander,krishna.mander1174@gmail.com,6558767323,68/95 Sarin Road,Pondicherry
C01175,Barkha Ben,barkha.ben1175@yahoo.com,9470895624,44 Gill Street,Bhilai
C01176,Gaurika Thakur,gaurika.thakur1176@outlook.com,8545240829,"802, Oak Circle",Latur
C01177,Tarak Bumb,tarak.bumb1177@gmail.com,9126362587,12/528 Dugar Circle,Nandyal
C01178,Upkaar Chakrabarti,upkaar.chakrabarti1178@outlook.com,9569174884,"H.No. 059, Savant Circle",Shahjahanpur
C01179,Anusha Borra,anusha.borra1179@outlook.com,7462781099,"06/253, Nagy Street",Medininagar
C01180,Matthew Memon,matthew.memon1180@outlook.com,8047522511,99/96 Walla Road,Munger
C01181,Xavier Goswami,xavier.goswami1181@gmail.com,7734579987,"39/699, Chaudry Chowk",Gangtok
C01182,Shravya Soman,shravya.soman1182@outlook.com,7241474606,46 Shroff Ganj,Kulti
C01183,Pranav Golla,pranav.golla1183@gmail.com,6019928158,"969, Ahuja Street",Gandhidham
C01184,Nitesh Pandit,nitesh.pandit1184@outlook.com,6306810646,060 Batra Marg,Haridwar
C01185,Eshana Ranganathan,eshana.ranganathan1185@example.in,9903607929,"H.No. 32, Sankaran Nagar",Bhiwani
C01186,Vihaan Gupta,vihaan.gupta1186@yahoo.com,7356354684,"83, Narayan Zila",Bokaro
C01187,Bhavya Karpe,bhavya.karpe1187@hotmail.com,7605323298,44/916 Sant Zila,Raebareli
C01188,Vrishti Chatterjee,vrishti.chatterjee1188@example.in,6417200854,"H.No. 18, Mahajan",Bhilai
C01189,Chaitaly Taneja,chaitaly.taneja1189@gmail.com,6270255384,H.No. 75 Murty Road,Bikaner
C01190,Barkha Narayan,barkha.narayan1190@gmail.com,6203492997,"092, Som",Raurkela Industrial Township
C01191,Aarush Subramaniam,aarush.subramaniam1191@hotmail.com,8652093073,77/66 Lad Nagar,Vasai-Virar
C01192,Yagnesh Mander,yagnesh.mander1192@gmail.com,6572087229,"996, Krishnamurthy Ganj",Bulandshahr
C01193,Dakshesh Minhas,dakshesh.minhas1193@yahoo.com,7438572098,"95, Om Nagar",Morbi
C01194,Ekaraj Garde,ekaraj.garde1194@gmail.com,7522906972,"17/582, Balasubramanian Path",Thiruvananthapuram
C01195,Harshil Joshi,harshil.joshi1195@example.in,8226228314,"34, Wali Chowk",Kirari Suleman Nagar
C01196,Parth Edwin,parth.edwin1196@yahoo.com,9994935738,95/61 Manda Marg,Pondicherry
C01197,Pushti Sandhu,pushti.sandhu1197@outlook.com,7480618323,482 Nagar,Madurai
C01198,Charita Chanda,charita.chanda1198@example.in,9747108294,"88/14, Khatri Street",Kharagpur
C01199,Januja Raj,januja.raj1199@yahoo.com,8200604919,H.No. 404 Bhatti Street,Kumbakonam
C01200,Harshil Sandhu,harshil.sandhu1200@hotmail.com,7113765053,"H.No. 97, Tailor Chowk",Orai
C01201,Ekalinga Kashyap,ekalinga.kashyap1201@example.in,7639640480,"H.No. 720, Pandit Road",Pudukkottai
C01202,Vinaya Kala,vinaya.kala1202@example.in,9895616677,"94, Narula Zila",Gandhinagar
C01203,Vasana Deo,vasana.deo1203@example.in,6290217985,"63, Gera Circle",Nashik
C01204,Udant Kurian,udant.kurian1204@yahoo.com,7897060414,"61, Wagle Nagar",Anantapuram
C01205,Samuel Nadkarni,samuel.nadkarni1205@yahoo.com,7732687703,724 Goel Zila,Pune
C01206,Vyanjana Choudhry,vyanjana.choudhry1206@yahoo.com,7392605250,"92/468, Kibe Ganj",Ozhukarai
C01207,Nilima Bath,nilima.bath1207@outlook.com,8804095082,"010, Bobal Street",Rohtak
C01208,Manbir Sarkar,manbir.sarkar1208@outlook.com,7652674982,280 Mahajan Path,Tiruchirappalli
C01209,Ekanta Dugar,ekanta.dugar1209@example.in,6655222768,"72/087, Murthy Nagar",Ghaziabad
C01210,Janya Baria,janya.baria1210@gmail.com,6662788811,H.No. 42 Vyas Path,Thiruvananthapuram
C01211,Bhavya Bhakta,bhavya.bhakta1211@hotmail.com,7287694032,H.No. 63 Bawa Zila,Panvel
C01212,Gaurangi Mann,gaurangi.mann1212@outlook.com,7415193077,H.No. 31 Chahal Circle,Mira-Bhayandar
C01213,Liam Bala,liam.bala1213@hotmail.com,9797498172,"87, Choudhury Zila",Jalandhar
C01214,Anamika Pall,anamika.pall1214@hotmail.com,8577282683,67/57 Chadha Zila,Dhule
C01215,Bahadurjit Ram,bahadurjit.ram1215@gmail.com,8918272134,43 Sharma,Amaravati
C01216,Udarsh Bhavsar,udarsh.bhavsar1216@outlook.com,6683792216,H.No. 51 Sinha Zila,Ozhukarai
C01217,Chakradhar Wason,chakradhar.wason1217@gmail.com,8345327090,H.No. 234 Merchant,Sambhal
C01218,Zashil Kala,zashil.kala1218@gmail.com,6625959042,H.No. 500 Kalla Street,New Delhi
C01219,Falan Luthra,falan.luthra1219@gmail.com,7238311460,"H.No. 148, Khalsa Road",Nadiad
C01220,Bishakha Majumdar,bishakha.majumdar1220@hotmail.com,8030014719,"15/411, Shan Chowk",Katni
C01221,Vasana Subramanian,vasana.subramanian1221@example.in,9268339299,886 Chana Street,Siliguri
C01222,Wakeeta Chander,wakeeta.chander1222@yahoo.com,9974390879,22/65 Bali Road,Phusro
C01223,Shivani Andra,shivani.andra1223@yahoo.com,7522758285,"19/744, Shah Chowk",Karnal
C01224,Gaurang Ganguly,gaurang.ganguly1224@example.in,9254433782,"94/068, Devi Zila",Kottayam
C01225,Rayaan Hayer,rayaan.hayer1225@example.in,8481723681,"H.No. 49, Toor Nagar",Raurkela Industrial Township
C01226,Jeremiah Narayan,jeremiah.narayan1226@hotmail.com,8213127664,60/077 Uppal Nagar,Panvel
C01227,Ganga Suresh,ganga.suresh1227@yahoo.com,8301690443,"590, Madan Street",Gulbarga
C01228,Dhriti Dey,dhriti.dey1228@outlook.com,6509624125,"53/81, Bhatia Nagar",Panvel
C01229,Jack Butala,jack.butala1229@example.in,9694228107,48 Contractor Street,Muzaffarpur
C01230,Samuel Gole,samuel.gole1230@yahoo.com,7039472555,"H.No. 643, Goswami Marg",Avadi
C01231,Yuvraj Chaudhuri,yuvraj.chaudhuri1231@example.in,7569077371,"34, Chakrabarti Ganj",Ulhasnagar
C01232,Vamakshi Atwal,vamakshi.atwal1232@example.in,7955434051,388 Ahuja Road,Haridwar
C01233,Quincy Khare,quincy.khare1233@outlook.com,8821359854,H.No. 81 Bhagat Street,Nangloi Jat
C01234,Om Iyer,om.iyer1234@yahoo.com,6683258729,H.No. 80 Andra Nagar,Firozabad
C01235,Daniel Dave,daniel.dave1235@example.in,6214207003,673 Dugar Ganj,Salem
C01236,Christopher Ramachandran,christopher.ramachandran1236@example.in,8031317547,32/739 Chowdhury,Madhyamgram
C01237,Gautam Chauhan,gautam.chauhan1237@example.in,7652965818,86/893 Mahajan Marg,Bhilai
C01238,Dev Mammen,dev.mammen1238@example.in,8615089042,"49, Khosla Nagar",Parbhani
C01239,Sai More,sai.more1239@example.in,7032886077,"41/024, Murty Ganj",Nadiad
C01240,Mitesh Gulati,mitesh.gulati1240@hotmail.com,7205260851,"15/164, Koshy Zila",Mangalore
C01241,Aarav Manne,aarav.manne1241@hotmail.com,8223695847,799 Pall Road,Chittoor
C01242,Anjali Dash,anjali.dash1242@gmail.com,9642758248,"19/12, Cherian Ganj",Tumkur
C01243,Veda Sandal,veda.sandal1243@yahoo.com,9119359914,02/46 Mutti Marg,Pondicherry
C01244,Nathaniel Goda,nathaniel.goda1244@yahoo.com,9412287140,82 Sankar Zila,Kalyan-Dombivli
C01245,Jagvi Anand,jagvi.anand1245@hotmail.com,9134430821,"12/174, Shenoy Street",Noida
C01246,Daksha Bahri,daksha.bahri1246@gmail.com,8720457611,H.No. 03 Shankar Street,Purnia
C01247,Divya Naidu,divya.naidu1247@hotmail.com,6678786254,"H.No. 151, Guha Path",Ahmednagar
C01248,Gautami Varkey,gautami.varkey1248@outlook.com,7180722914,"99/873, Tiwari Nagar",Shivpuri
C01249,Oviya Nair,oviya.nair1249@hotmail.com,8328063204,H.No. 54 Madan Street,Saharsa
C01250,Upadhriti Cheema,upadhriti.cheema1250@outlook.com,9227053954,"H.No. 448, Mammen Path",Aurangabad
C01251,Keya Shanker,keya.shanker1251@gmail.com,9112464790,H.No. 22 Parikh Circle,Tirunelveli
C01252,Abha Rao,abha.rao1252@outlook.com,6181550863,"77/35, Rama Path",Patna
C01253,Lipika Vig,lipika.vig1253@hotmail.com,7225840022,H.No. 706 Natarajan,Udaipur
C01254,Janaki Bhavsar,janaki.bhavsar1254@example.in,9513860184,H.No. 131 Chandran Chowk,Nadiad
C01255,Ijaya Basu,ijaya.basu1255@gmail.com,9569902577,64/42 Dara Ganj,Allahabad
C01256,Barkha Desai,barkha.desai1256@yahoo.com,7091445095,"67/064, Chaudhary Ganj",Amaravati
C01257,Darsh Kata,darsh.kata1257@example.in,6612746349,H.No. 057 Goda Street,Bettiah
C01258,Yasti Nadkarni,yasti.nadkarni1258@outlook.com,8253103469,H.No. 682 Dave Road,Buxar
C01259,Hiral Gola,hiral.gola1259@outlook.com,6857015471,H.No. 69 Bhattacharyya Road,North Dumdum
C01260,Vedant Nath,vedant.nath1260@yahoo.com,8130026573,87 Tripathi Road,Rampur
C01261,Yashoda Shenoy,yashoda.shenoy1261@example.in,7629587636,703 Basu,Jabalpur
C01262,Megha Uppal,megha.uppal1262@outlook.com,9301376313,H.No. 853 Parsa Street,Belgaum
C01263,Vedika Sethi,vedika.sethi1263@yahoo.com,6015646513,"34/83, Grover Path",Saharsa
C01264,Rishi Dhar,rishi.dhar1264@gmail.com,6990364363,94/92 Zachariah,Patna
C01265,Champak Agarwal,champak.agarwal1265@gmail.com,7302859069,830 Palla Circle,Vadodara
C01266,Yamini Kunda,yamini.kunda1266@example.in,7953095034,"77/724, Bhat Zila",Danapur
C01267,Jhalak Balakrishnan,jhalak.balakrishnan1267@hotmail.com,9452271035,643 Din Road,Ghaziabad
C01268,Rishi Vaidya,rishi.vaidya1268@example.in,7220356018,62/16 Kar Chowk,Loni
C01269,Sanaya Contractor,sanaya.contractor1269@hotmail.com,8178856325,22 Rao Nagar,Kishanganj
C01270,Eshana Dubey,eshana.dubey1270@gmail.com,9989804927,57/718 Manne Road,Udaipur
C01271,Suhani Bahri,suhani.bahri1271@gmail.com,7315085708,"71, Pandya Street",Kirari Suleman Nagar
C01272,Widisha Prashad,widisha.prashad1272@hotmail.com,6122702887,H.No. 064 Bumb Street,Kollam
C01273,Jagat Sarraf,jagat.sarraf1273@outlook.com,7560614051,91/16 Badami Nagar,Morena
C01274,Abha Banik,abha.banik1274@example.in,8584291901,H.No. 333 Borde Circle,Kozhikode
C01275,Yug Dixit,yug.dixit1275@gmail.com,7763173560,45 Kaur Nagar,Chandigarh
C01276,Jagvi Joshi,jagvi.joshi1276@gmail.com,8144910853,"37, Nayar Road",Arrah
C01277,Daniel Verma,daniel.verma1277@outlook.com,8072900938,H.No. 95 Deol Chowk,Shivpuri
C01278,Nihal Krishnan,nihal.krishnan1278@hotmail.com,6959188053,"09, Maharaj Marg",Rampur
C01279,Lakshit Char,lakshit.char1279@outlook.com,8584722322,"822, Kari Circle",Jamshedpur
C01280,Megha Tak,megha.tak1280@outlook.com,8702068768,"H.No. 34, Wali Chowk",Surendranagar Dudhrej
C01281,Balhaar Kari,balhaar.kari1281@example.in,9281256784,"H.No. 424, Sarna Zila",Baranagar
C01282,Zaitra Mistry,zaitra.mistry1282@hotmail.com,7562689245,"H.No. 127, Balakrishnan Road",Bhimavaram
C01283,Lakshmi Bajaj,lakshmi.bajaj1283@gmail.com,8105216932,93/42 Chandran Nagar,Proddatur
C01284,Vasatika Kota,vasatika.kota1284@gmail.com,8734575369,"H.No. 81, Bhalla",Bhilai
C01285,Hitesh Soman,hitesh.soman1285@outlook.com,7970509817,H.No. 782 Morar Street,Mangalore
C01286,Jeevika Dutta,jeevika.dutta1286@gmail.com,6277940651,"H.No. 444, Nadkarni Marg",Cuttack
C01287,Orinder Apte,orinder.apte1287@gmail.com,6544691143,486 Deshmukh Ganj,Bathinda
C01288,Maya Bava,maya.bava1288@gmail.com,8877098856,"H.No. 09, Nigam Nagar",Madanapalle
C01289,Victor Bumb,victor.bumb1289@yahoo.com,8779111402,54/943 Sankaran,Farrukhabad
C01290,Ubika Ghosh,ubika.ghosh1290@yahoo.com,7570778583,"H.No. 18, Dora Path",Dewas
C01291,Ekaraj Chacko,ekaraj.chacko1291@hotmail.com,7347021788,"80/460, Balakrishnan",Erode
C01292,Aarav Das,aarav.das1292@outlook.com,6930066599,"H.No. 17, Dara Path",Rajahmundry
C01293,Nimrat Baria,nimrat.baria1293@yahoo.com,6333115084,035 Madan Nagar,Madurai
C01294,Isha Devi,isha.devi1294@outlook.com,7408697362,"80/04, Sachdev Chowk",Bhalswa Jahangir Pur
C01295,Thomas Kapur,thomas.kapur1295@example.in,9749721596,H.No. 29 Agarwal Nagar,Saharanpur
C01296,Yamini Khurana,yamini.khurana1296@yahoo.com,8328512062,H.No. 40 Dara Marg,Chittoor
C01297,Nitara Muni,nitara.muni1297@example.in,8544639514,"19/996, Dhingra Ganj",Madhyamgram
C01298,Yatan Batra,yatan.batra1298@gmail.com,7791393073,"19, Bhardwaj Ganj",Kalyan-Dombivli
C01299,Ekiya De,ekiya.de1299@hotmail.com,9740647728,"80/98, Date",Raebareli
C01300,Faqid Dhaliwal,faqid.dhaliwal1300@hotmail.com,9718647871,834 Chaudhary Zila,Bathinda
C01301,Isaac Hans,isaac.hans1301@hotmail.com,7441875056,"13/03, Dugar Marg",Bhind
C01302,Gunbir Lad,gunbir.lad1302@yahoo.com,9702340331,"48/31, Contractor Marg",Kochi
C01303,Dhruv Bala,dhruv.bala1303@hotmail.com,9479629161,"13/33, Ganesan Road",Serampore
C01304,Yochana Choudhary,yochana.choudhary1304@example.in,9587289853,"08/41, Shroff Road",Panchkula
C01305,Om Sehgal,om.sehgal1305@example.in,9711923111,"28, Kanda Road",Lucknow
C01306,Tristan Balakrishnan,tristan.balakrishnan1306@hotmail.com,7618639668,"51, Sidhu Nagar",Gangtok
C01307,Teerth Kanda,teerth.kanda1307@outlook.com,6736802632,H.No. 988 Chaudhari Path,Begusarai
C01308,Niharika Bahri,niharika.bahri1308@yahoo.com,7359940700,"455, Lalla Marg",Rajpur Sonarpur
C01309,Frederick Kara,frederick.kara1309@yahoo.com,8786474248,"92/02, Sanghvi Road",Bettiah
C01310,Peter Kannan,peter.kannan1310@yahoo.com,6235237527,"68/628, Bhatia Path",Dehri
C01311,Barkha Sanghvi,barkha.sanghvi1311@outlook.com,8477035704,"H.No. 525, Rau Zila",Berhampur
C01312,Jack Dora,jack.dora1312@hotmail.com,7526852847,23 Barad Ganj,Khammam
C01313,Mugdha Khurana,mugdha.khurana1313@gmail.com,6394119157,"28/078, Bedi Path",Darbhanga
C01314,Oliver Karnik,oliver.karnik1314@example.in,7501720674,"91/42, Sharma Street",Berhampore
C01315,Mitali Bora,mitali.bora1315@outlook.com,9700779997,"07/17, Hora Path",Cuttack
C01316,Janya Prabhu,janya.prabhu1316@outlook.com,7312883011,"14/001, Padmanabhan Circle",Ramagundam
C01317,Daksha Grover,daksha.grover1317@example.in,6836008902,"H.No. 271, Mand Chowk",Gulbarga
C01318,Chaitanya Dhingra,chaitanya.dhingra1318@outlook.com,7573323944,"73/66, Nanda Ganj",Warangal
C01319,Charles Lanka,charles.lanka1319@outlook.com,8268994801,"H.No. 21, Bajwa Street",Sikar
C01320,Advay Verma,advay.verma1320@gmail.com,9284877331,51/51 Puri Path,Ichalkaranji
C01321,Udyati Sen,udyati.sen1321@gmail.com,9499537421,"47/839, Sami Ganj",Jabalpur
C01322,Harinakshi Prashad,harinakshi.prashad1322@gmail.com,6113753750,967 Jain Chowk,Bardhaman
C01323,Aradhana Kala,aradhana.kala1323@example.in,6216578719,H.No. 52 Doctor Ganj,Bhimavaram
C01324,Jonathan Goyal,jonathan.goyal1324@outlook.com,8237243408,"03/19, Bal Path",Bhilwara
C01325,Nilima Palan,nilima.palan1325@hotmail.com,9896779583,61/76 Kala Nagar,Rajahmundry
C01326,Jagvi Choudhury,jagvi.choudhury1326@yahoo.com,7192829380,H.No. 90 Pandit Street,Haridwar
C01327,Neha Bhalla,neha.bhalla1327@gmail.com,7106517445,"72, Kumar Chowk",Nangloi Jat
C01328,Matthew Char,matthew.char1328@yahoo.com,7826497510,92 Khalsa Marg,Panchkula
C01329,Nathaniel Yohannan,nathaniel.yohannan1329@gmail.com,7931995598,"H.No. 854, Singhal Marg",Muzaffarpur
C01330,Dhruv Sengupta,dhruv.sengupta1330@gmail.com,7565844892,"H.No. 354, Dora Path",Hajipur
C01331,Upma Mammen,upma.mammen1331@hotmail.com,9293239767,"332, Varughese Path",Mysore
C01332,Lekha Chauhan,lekha.chauhan1332@yahoo.com,8094446653,H.No. 56 Doctor Circle,Rajpur Sonarpur
C01333,Tripti Dugal,tripti.dugal1333@example.in,6718980810,"H.No. 746, Choudhary Circle",Ujjain
C01334,Lakshmi Shroff,lakshmi.shroff1334@gmail.com,9350921030,"22/69, Varma Marg",Chapra
C01335,Tanish Barman,tanish.barman1335@gmail.com,7868476120,"H.No. 71, Lal Zila",Raurkela Industrial Township
C01336,Anya Nanda,anya.nanda1336@gmail.com,6598873510,"85, Om Chowk",Kollam
C01337,Balvan Bassi,balvan.bassi1337@example.in,7143419794,"H.No. 94, Viswanathan",Bhavnagar
C01338,Prisha Lalla,prisha.lalla1338@yahoo.com,6802566545,40 Sant Ganj,Dehri
C01339,Kritika Dixit,kritika.dixit1339@example.in,7801448344,"H.No. 93, Lad",Mysore
C01340,Balendra Ravel,balendra.ravel1340@gmail.com,8182832152,909 Keer Nagar,Eluru
C01341,Anika Seth,anika.seth1341@gmail.com,7190752310,H.No. 26 Chadha Road,Indore
C01342,Praneel Sood,praneel.sood1342@gmail.com,8654191311,"11/029, Sachdeva Zila",Khora 
C01343,Yug Gera,yug.gera1343@outlook.com,9426921429,"30, Thakkar Nagar",Jehanabad
C01344,Vrishti Sane,vrishti.sane1344@gmail.com,8357341449,"H.No. 13, Barman Chowk",Durgapur
C01345,Sarthak Murthy,sarthak.murthy1345@yahoo.com,7326081017,042 Mannan Ganj,Medininagar
C01346,Ryan Modi,ryan.modi1346@outlook.com,6311060106,"H.No. 80, Kibe Path",Jaipur
C01347,Fitan Dave,fitan.dave1347@example.in,8983355697,"H.No. 53, Chander Street",Bhalswa Jahangir Pur
C01348,Devika Mital,devika.mital1348@example.in,7252305698,"H.No. 27, Khosla Chowk",Gopalpur
C01349,Gayathri Banik,gayathri.banik1349@outlook.com,9612348240,"H.No. 660, Dewan Circle",Chandigarh
C01350,Wriddhish Chana,wriddhish.chana1350@gmail.com,7157124930,"82, Sibal Path",Motihari
C01351,Urvashi Bhatia,urvashi.bhatia1351@example.in,7048531485,99 Bail,Noida
C01352,Ekantika Mani,ekantika.mani1352@hotmail.com,8164512653,111 Mittal Street,Satna
C01353,Jeevika Ravi,jeevika.ravi1353@outlook.com,9486564186,"904, Choudhary Road",Kozhikode
C01354,Janaki Devi,janaki.devi1354@outlook.com,9298389661,"H.No. 44, Mani Road",Alwar
C01355,Pavani Manda,pavani.manda1355@example.in,7356911082,78/10 Sehgal Ganj,Mirzapur
C01356,Rachit Prakash,rachit.prakash1356@outlook.com,8738335105,H.No. 32 Dhillon Marg,Tiruvottiyur
C01357,Rehaan Kakar,rehaan.kakar1357@example.in,7092381812,H.No. 40 Korpal Zila,Etawah
C01358,Reyansh Contractor,reyansh.contractor1358@gmail.com,6810074064,70/83 Khalsa Path,Karawal Nagar
C01359,Yamini Dave,yamini.dave1359@gmail.com,7272348948,"11/25, Solanki Street",Kottayam
C01360,Jagat Borah,jagat.borah1360@outlook.com,6434512456,"83/908, Mitra Circle",Buxar
C01361,Rajata Lata,rajata.lata1361@hotmail.com,7162412476,74 Minhas Road,Kozhikode
C01362,Megha Grewal,megha.grewal1362@yahoo.com,7585782953,H.No. 16 Srivastava Marg,Ghaziabad
C01363,Yochana Sule,yochana.sule1363@example.in,6326948271,90 Gandhi Path,Karaikudi
C01364,Neha Baria,neha.baria1364@hotmail.com,6186221745,161 Ram Chowk,Kakinada
C01365,Krish Kunda,krish.kunda1365@hotmail.com,8560175908,"21, Garg Nagar",Malda
C01366,Lucky Gole,lucky.gole1366@gmail.com,9865061318,H.No. 000 Andra Circle,Guntur
C01367,Omisha Walia,omisha.walia1367@hotmail.com,7167655754,"09, Doctor Circle",Vellore
C01368,Januja Saxena,januja.saxena1368@gmail.com,7209090027,"37/508, Lad Nagar",Jaunpur
C01369,Vritti Bath,vritti.bath1369@example.in,6120512558,"H.No. 027, Shenoy",Kirari Suleman Nagar
C01370,Sanya Ratti,sanya.ratti1370@outlook.com,7754770075,50 Dugal Road,Anantapuram
C01371,Isha Agate,isha.agate1371@example.in,6571663706,"36, De Circle",Howrah
C01372,Wahab De,wahab.de1372@gmail.com,7662236986,H.No. 489 Kapadia,Hapur
C01373,Ishani Aggarwal,ishani.aggarwal1373@outlook.com,6291644791,"05/982, Hans Marg",Ahmedabad
C01374,Nakul Grover,nakul.grover1374@gmail.com,9621330494,"74, Mannan Street",Surendranagar Dudhrej
C01375,Abha Tandon,abha.tandon1375@yahoo.com,9972695799,"905, Verma Path",Eluru
C01376,Vyanjana Pal,vyanjana.pal1376@outlook.com,8838024101,"H.No. 69, Gill Chowk",Ahmednagar
C01377,Umang Dey,umang.dey1377@hotmail.com,8135188776,"72/042, Kala Road",Barasat
C01378,Pranav Baral,pranav.baral1378@yahoo.com,7095118846,"05/02, Bhasin",Buxar
C01379,Ekanta Nath,ekanta.nath1379@gmail.com,8202769284,43/924 Kala Circle,Katni
C01380,Devansh Chakrabarti,devansh.chakrabarti1380@example.in,9913890824,37/353 Nanda Nagar,Maheshtala
C01381,Ria Tara,ria.tara1381@example.in,9673069481,"H.No. 032, Gara Nagar",Panipat
C01382,Vyanjana Padmanabhan,vyanjana.padmanabhan1382@hotmail.com,9177761122,H.No. 083 Krishnamurthy Nagar,Medininagar
C01383,Gauri Goyal,gauri.goyal1383@yahoo.com,7031511336,87/741 Deep Path,Ballia
C01384,Aishani Ram,aishani.ram1384@hotmail.com,7599414450,"26/697, Sant Nagar",Bellary
C01385,Patrick Ravi,patrick.ravi1385@outlook.com,8039959501,"H.No. 11, Dixit Marg",Chandigarh
C01386,Rishi Palan,rishi.palan1386@gmail.com,6922830262,"11, Lata Street",Malegaon
C01387,Abhimanyu Mittal,abhimanyu.mittal1387@yahoo.com,8460056139,66 Viswanathan,Bidhannagar
C01388,Chaaya Dutta,chaaya.dutta1388@gmail.com,8370399581,"24/581, Doctor Ganj",Berhampur
C01389,Ekaraj Dass,ekaraj.dass1389@outlook.com,7271897921,"H.No. 766, Banerjee Ganj",Munger
C01390,David Agarwal,david.agarwal1390@hotmail.com,8523835489,"H.No. 94, Oak Ganj",Madurai
C01391,Manthan Aggarwal,manthan.aggarwal1391@hotmail.com,7339673020,52/785 Dar Street,Morbi
C01392,Warjas Khare,warjas.khare1392@outlook.com,8713701569,229 Karpe,Thiruvananthapuram
C01393,Oni Pant,oni.pant1393@outlook.com,7336790492,804 Magar,Ozhukarai
C01394,Krishna Sarma,krishna.sarma1394@outlook.com,8863850663,"77/675, Saha Road",Kozhikode
C01395,Tanvi Cherian,tanvi.cherian1395@outlook.com,6969350365,"H.No. 335, Saxena Street",Katihar
C01396,Hemani Thakur,hemani.thakur1396@hotmail.com,8724386212,"580, Sant Zila",Hospet
C01397,David Sha,david.sha1397@example.in,9131742222,"62, Sanghvi",Bhagalpur
C01398,Nitara Bava,nitara.bava1398@outlook.com,7457104356,88/88 Salvi Chowk,Ambala
C01399,Aashi Basak,aashi.basak1399@hotmail.com,9736128064,"00, Comar Road",Bharatpur
C01400,Hardik Dass,hardik.dass1400@example.in,7358669494,"H.No. 88, Behl Circle",Bongaigaon
C01401,Jeet Ratti,jeet.ratti1401@example.in,9026236813,"84/071, Dutt",Tezpur
C01402,Kai Nagar,kai.nagar1402@outlook.com,9409204398,H.No. 071 More Ganj,Patna
C01403,Jyoti Chokshi,jyoti.chokshi1403@gmail.com,8358996081,"H.No. 83, Khalsa Zila",Hyderabad
C01404,Urishilla Zacharia,urishilla.zacharia1404@gmail.com,7898173606,"06/43, Ganguly Zila",Siliguri
C01405,Daniel Agate,daniel.agate1405@outlook.com,7766489812,"27, Pal Marg",Gaya
C01406,Simon Kalita,simon.kalita1406@outlook.com,9850199880,"83/355, Chaudhari Zila",Kulti
C01407,Omkaar Narasimhan,omkaar.narasimhan1407@example.in,6419818789,"226, Dutt Road",Kottayam
C01408,Rachita Baria,rachita.baria1408@yahoo.com,7893737879,121 Lanka,Rourkela
C01409,Yashoda Tata,yashoda.tata1409@yahoo.com,7775357838,"80/430, Maharaj Ganj",Bathinda
C01410,Udyati Thaker,udyati.thaker1410@outlook.com,9729437309,28/561 Bandi Street,Rajahmundry
C01411,Radhika Patil,radhika.patil1411@hotmail.com,9286364902,"H.No. 18, Agarwal Circle",Asansol
C01412,Madhavi Deshpande,madhavi.deshpande1412@hotmail.com,7853016348,15/243 Acharya Ganj,Mango
C01413,Kabir Bath,kabir.bath1413@example.in,9349476129,H.No. 22 Dhingra,Satna
C01414,Logan Rajagopalan,logan.rajagopalan1414@hotmail.com,6431543963,"52/46, D’Alia Ganj",Jalgaon
C01415,Sachi Thakkar,sachi.thakkar1415@outlook.com,9478806192,"241, Rama Path",Motihari
C01416,Benjamin Dalal,benjamin.dalal1416@example.in,7746006160,"03/343, Dhar Marg",Thrissur
C01417,Riya Khosla,riya.khosla1417@gmail.com,7634617696,H.No. 79 Char Circle,Danapur
C01418,Jacob Nagar,jacob.nagar1418@gmail.com,6900133386,145 Chatterjee,Thanjavur
C01419,Faris Dugar,faris.dugar1419@hotmail.com,8628477043,"330, Kamdar Street",Madhyamgram
C01420,Garima Wali,garima.wali1420@outlook.com,9468123577,66/41 Vyas Circle,Nizamabad
C01421,Patrick Parsa,patrick.parsa1421@gmail.com,8902159460,H.No. 64 Parikh Zila,Jabalpur
C01422,Tripti Bansal,tripti.bansal1422@outlook.com,7257884431,426 Doshi Nagar,Raebareli
C01423,Nidhi Zachariah,nidhi.zachariah1423@outlook.com,7864756646,"22, Sem Path",Rajkot
C01424,Arin Raval,arin.raval1424@example.in,7981335052,509 Om Ganj,Bhalswa Jahangir Pur
C01425,Ijaya Sidhu,ijaya.sidhu1425@example.in,6858216133,H.No. 31 Gara Zila,Hosur
C01426,Faraj Kashyap,faraj.kashyap1426@yahoo.com,7483936607,974 Kakar Nagar,Ambarnath
C01427,Janaki Kaul,janaki.kaul1427@example.in,9519733330,"497, Dayal Street",Bokaro
C01428,Ria Mannan,ria.mannan1428@outlook.com,7045443461,"H.No. 33, Halder Road",Amroha
C01429,Varsha Vohra,varsha.vohra1429@example.in,8417734794,"H.No. 365, Palla Circle",Purnia
C01430,Dalaja Prakash,dalaja.prakash1430@hotmail.com,7510888976,H.No. 839 Kumar Nagar,Ramgarh
C01431,Lavanya Virk,lavanya.virk1431@hotmail.com,6273260970,H.No. 59 Solanki Marg,Navi Mumbai
C01432,Shaurya Mohan,shaurya.mohan1432@outlook.com,8970507944,61/263 Saini Chowk,Nizamabad
C01433,Brijesh Anand,brijesh.anand1433@yahoo.com,9855069206,H.No. 63 Batra Street,Nagercoil
C01434,Anirudh Sangha,anirudh.sangha1434@outlook.com,7131096708,"H.No. 612, Choudhury Ganj",Barasat
C01435,Jalsa Guha,jalsa.guha1435@outlook.com,6430802571,60 Bandi Ganj,Maheshtala
C01436,Sachi Raman,sachi.raman1436@gmail.com,7033150248,21 Chanda Ganj,Alappuzha
C01437,Finn Agarwal,finn.agarwal1437@outlook.com,6224247891,"H.No. 046, Bakshi Nagar",Belgaum
C01438,Anika Sheth,anika.sheth1438@hotmail.com,8060096276,"84/52, Ranganathan",Jaunpur
C01439,Arya Sathe,arya.sathe1439@yahoo.com,7120963871,52/068 Munshi Marg,Karimnagar
C01440,Panini Mander,panini.mander1440@hotmail.com,7363532327,H.No. 775 Soni Zila,Begusarai
C01441,Wakeeta Sanghvi,wakeeta.sanghvi1441@yahoo.com,6072228966,755 Seth,Faridabad
C01442,Chameli Rastogi,chameli.rastogi1442@hotmail.com,8434047966,"75/21, Dutt Zila",Kavali
C01443,Neha Nagar,neha.nagar1443@yahoo.com,9769121808,H.No. 57 Seth Street,Latur
C01444,Wakeeta Chauhan,wakeeta.chauhan1444@gmail.com,6061077022,H.No. 28 Kothari Marg,Satara
C01445,Edhitha Pai,edhitha.pai1445@outlook.com,8865507599,"71, Kumar Nagar",Jaipur
C01446,Dipta Datta,dipta.datta1446@example.in,8230705219,90 Banik Chowk,Phagwara
C01447,Ranveer Ratti,ranveer.ratti1447@outlook.com,7095032017,"18/35, Swaminathan Ganj",Jalgaon
C01448,Harsh Goel,harsh.goel1448@yahoo.com,7316075260,"H.No. 900, Garde Street",Lucknow
C01449,Ira Nayak,ira.nayak1449@gmail.com,6669860051,27/594 Lata Path,Bhopal
C01450,Garima Din,garima.din1450@example.in,6709865007,52 Andra Ganj,Junagadh
C01451,Ishwar Loyal,ishwar.loyal1451@gmail.com,6094009968,"H.No. 472, Jani Circle",Chittoor
C01452,Dhruv Datta,dhruv.datta1452@yahoo.com,9284228953,"800, Dara Circle",Erode
C01453,Krishna Lad,krishna.lad1453@yahoo.com,9850031597,"22, Walla Ganj",Aligarh
C01454,Ekapad Dass,ekapad.dass1454@hotmail.com,6387314976,"25/958, Bera Circle",Bhimavaram
C01455,Azad Seshadri,azad.seshadri1455@hotmail.com,9676145968,"033, Nagi Path",Kharagpur
C01456,Rohan Sastry,rohan.sastry1456@hotmail.com,7624708115,H.No. 70 Sabharwal Marg,Srinagar
C01457,Faqid Chopra,faqid.chopra1457@yahoo.com,7272124197,H.No. 53 Randhawa Path,Jalandhar
C01458,Yahvi Kota,yahvi.kota1458@example.in,9942850865,"68/86, Sem Street",Aizawl
C01459,Prisha Balakrishnan,prisha.balakrishnan1459@outlook.com,8502277999,"95/76, Sanghvi Street",Ranchi
C01460,Vritti Kurian,vritti.kurian1460@hotmail.com,8361907880,H.No. 728 Barad Ganj,Korba
C01461,Ranbir Char,ranbir.char1461@hotmail.com,8585350852,"13, Radhakrishnan Ganj",Amroha
C01462,Advik Goel,advik.goel1462@gmail.com,9612735197,50/625 Kaur Path,Kota
C01463,Wahab Devi,wahab.devi1463@outlook.com,6209292701,H.No. 755 Sidhu Circle,Nanded
C01464,Kavya Boase,kavya.boase1464@outlook.com,9321772198,"22/51, Garde Zila",Kolhapur
C01465,Finn Varkey,finn.varkey1465@gmail.com,7252524075,916 Seshadri Path,Bhimavaram
C01466,Bakhshi Karnik,bakhshi.karnik1466@hotmail.com,9256349216,"03, Ganesh Zila",Sangli-Miraj & Kupwad
C01467,Ijaya Goel,ijaya.goel1467@yahoo.com,7938379785,H.No. 436 Dubey Nagar,Bhilwara
C01468,Frederick Reddy,frederick.reddy1468@yahoo.com,8923110522,"74/529, Mody Marg",Nashik
C01469,Frado Gour,frado.gour1469@example.in,6963787022,"H.No. 96, Mukherjee Road",Ghaziabad
C01470,Krishna Cheema,krishna.cheema1470@hotmail.com,6036102129,"H.No. 149, Nayak Zila",Berhampur
C01471,Warinder Nori,warinder.nori1471@yahoo.com,7436070012,"H.No. 29, Prabhakar Marg",Kurnool
C01472,Peter Jha,peter.jha1472@gmail.com,9520749721,400 Kumer Path,Gandhinagar
C01473,Samaksh Jha,samaksh.jha1473@yahoo.com,8145231017,67/47 Oak Street,Bulandshahr
C01474,Vanya Warrior,vanya.warrior1474@yahoo.com,8475753344,56/672 Cherian Road,Varanasi
C01475,Banjeet Dada,banjeet.dada1475@hotmail.com,9469488301,"96, Borah Ganj",Allahabad
C01476,Harrison Mistry,harrison.mistry1476@outlook.com,7533775927,"34/393, Srinivasan Circle",Nizamabad
C01477,Janani Kapoor,janani.kapoor1477@outlook.com,6814512500,H.No. 10 Kannan,Malegaon
C01478,Kala Hans,kala.hans1478@outlook.com,6410939484,"H.No. 384, Mall Zila",Rajahmundry
C01479,Balhaar Garde,balhaar.garde1479@yahoo.com,6306894241,82/48 Kashyap Street,Allahabad
C01480,Tarak Subramaniam,tarak.subramaniam1480@hotmail.com,8057007596,"18/090, Arya Circle",Saharanpur
C01481,Jackson Dara,jackson.dara1481@gmail.com,9877320106,"H.No. 68, Subramaniam Zila",Tirunelveli
C01482,Girik Barad,girik.barad1482@gmail.com,7875805969,00/452 Sodhi Path,Bhind
C01483,Wazir Lata,wazir.lata1483@hotmail.com,9065460307,"859, Patla Path",New Delhi
C01484,Omaja Barad,omaja.barad1484@hotmail.com,8555182033,249 Rama Road,Sasaram
C01485,Indali Tandon,indali.tandon1485@outlook.com,9081644731,59 Sule Street,Ghaziabad
C01486,Nidra Pant,nidra.pant1486@outlook.com,7527515669,"75, Rege",Udupi
C01487,Yachana Sharaf,yachana.sharaf1487@outlook.com,9923629255,"H.No. 02, Gour",Ramgarh
C01488,Laksh Krish,laksh.krish1488@outlook.com,8274800683,"49/144, Sibal Marg",Jammu
C01489,Orinder Shetty,orinder.shetty1489@gmail.com,9074830504,H.No. 68 Buch Ganj,Satara
C01490,Bakhshi Dugar,bakhshi.dugar1490@outlook.com,6103331833,03/30 Dugar Road,Jamnagar
C01491,Urmi Pai,urmi.pai1491@hotmail.com,8658764760,21/04 Char Path,Raebareli
C01492,Yashvi Sarraf,yashvi.sarraf1492@hotmail.com,9241590072,"78, Cherian Nagar",Dewas
C01493,Christopher Sha,christopher.sha1493@gmail.com,7798520635,"H.No. 65, Prashad Circle",Thoothukudi
C01494,Krishna Das,krishna.das1494@example.in,7041775003,"H.No. 145, Bose Ganj",Sangli-Miraj & Kupwad
C01495,Dalbir Rau,dalbir.rau1495@gmail.com,8314099236,"365, Dada Road",Aligarh
C01496,Shivansh Borah,shivansh.borah1496@outlook.com,9991107327,"033, Wable Marg",Rampur
C01497,Tristan Shankar,tristan.shankar1497@example.in,9208190443,"88/78, Swamy Circle",Tadipatri
C01498,Oviya Nagy,oviya.nagy1498@gmail.com,9418076103,284 Muni Street,Akola
C01499,Chakradev Lanka,chakradev.lanka1499@yahoo.com,6886460300,38/42 Pandey Street,Sangli-Miraj & Kupwad
C01500,Bimala Basu,bimala.basu1500@gmail.com,6521117789,"55/004, Mani Ganj",Nagpur
C01501,Jonathan Ramakrishnan,jonathan.ramakrishnan1501@gmail.com,6260034526,"173, Dar Street",Baranagar
C01502,Damyanti Desai,damyanti.desai1502@gmail.com,8609376152,59/15 Chaudhari Marg,Maheshtala
C01503,Amruta Dalal,amruta.dalal1503@yahoo.com,7195596372,"93, Pant Road",Aligarh
C01504,Ria Tripathi,ria.tripathi1504@yahoo.com,7526546375,"H.No. 145, Sankaran Street",Hajipur
C01505,Janaki Sant,janaki.sant1505@hotmail.com,9290354676,"H.No. 732, Pathak",Haridwar
C01506,Samarth Kala,samarth.kala1506@yahoo.com,8242041925,50/66 Saran Ganj,Nandyal
C01507,Prisha Menon,prisha.menon1507@example.in,8987709693,"67, Natt Nagar",Tirunelveli
C01508,Zilmil Verma,zilmil.verma1508@hotmail.com,7268606654,H.No. 59 Ravel Circle,Solapur
C01509,Aayush Cherian,aayush.cherian1509@outlook.com,9981807911,862 Joshi Street,Amaravati
C01510,Avi Gupta,avi.gupta1510@gmail.com,6442079695,"02, Bansal",Thanjavur
C01511,Vasudha Kannan,vasudha.kannan1511@outlook.com,8981454886,35 Nagi Zila,Hyderabad
C01512,Raagini Parmar,raagini.parmar1512@yahoo.com,7158689364,"627, Lata Marg",Bhimavaram
C01513,Champak Wason,champak.wason1513@outlook.com,7287613616,"78, Bhattacharyya Marg",Maheshtala
C01514,Krisha Choudhary,krisha.choudhary1514@gmail.com,6269302700,H.No. 02 Bedi Circle,Madurai
C01515,Ekaja Vaidya,ekaja.vaidya1515@gmail.com,6851030011,"H.No. 816, Sengupta Road",Bhopal
C01516,Pallavi Master,pallavi.master1516@yahoo.com,7103608013,"64, Dass Nagar",Jehanabad
C01517,Triveni Deep,triveni.deep1517@hotmail.com,6216516087,"39/076, Rajagopal Path",Miryalaguda
C01518,Brijesh Sachdev,brijesh.sachdev1518@hotmail.com,7859285476,099 Oommen Chowk,Visakhapatnam
C01519,Mitesh Dhar,mitesh.dhar1519@yahoo.com,9200506202,"93/39, Choudhury Circle",Amaravati
C01520,Kabir Randhawa,kabir.randhawa1520@gmail.com,6022758318,"55/44, Yogi Street",Kurnool
C01521,Samarth Ranganathan,samarth.ranganathan1521@gmail.com,9842648397,05 Manne Nagar,Silchar
C01522,Upasna Bhat,upasna.bhat1522@gmail.com,7124097814,15 Chahal Road,Dhanbad
C01523,Tara Grewal,tara.grewal1523@hotmail.com,7028207761,"H.No. 055, Ramachandran Road",Mira-Bhayandar
C01524,Lakshmi Pillai,lakshmi.pillai1524@outlook.com,9921874016,644 Kala Circle,Medininagar
C01525,Chandran Pradhan,chandran.pradhan1525@yahoo.com,7797527488,"773, Sinha Path",Panihati
C01526,Champak Bir,champak.bir1526@yahoo.com,7412525470,"346, Walia Zila",Anantapuram
C01527,Joshua Lala,joshua.lala1527@gmail.com,8323324408,"66/78, Thaker",Delhi
C01528,Ishaan Hora,ishaan.hora1528@yahoo.com,7061474624,10/90 Behl Road,Yamunanagar
C01529,Kevin Mannan,kevin.mannan1529@yahoo.com,8082066985,H.No. 142 Raju Road,Muzaffarpur
C01530,Warhi Sen,warhi.sen1530@outlook.com,7032455423,"210, Krishna Path",Shahjahanpur
C01531,Pranav Anand,pranav.anand1531@outlook.com,8209869887,"H.No. 76, Singh Chowk",Tiruchirappalli
C01532,Xalak Sani,xalak.sani1532@outlook.com,6795813103,"H.No. 15, Bhatnagar Street",Katni
C01533,Anmol Roy,anmol.roy1533@yahoo.com,6833895104,50/652 Pall Zila,Nadiad
C01534,Hemang Garg,hemang.garg1534@hotmail.com,8469689027,H.No. 282 Johal Street,Rohtak
C01535,Chaitanya Viswanathan,chaitanya.viswanathan1535@yahoo.com,6969944335,"100, Chadha Path",Ozhukarai
C01536,Aachal Bhandari,aachal.bhandari1536@gmail.com,8660483115,"H.No. 10, Chowdhury Path",Ratlam
C01537,Ikbal Sunder,ikbal.sunder1537@yahoo.com,9452898895,"35/373, Kumar Street",Karaikudi
C01538,Anika Patel,anika.patel1538@yahoo.com,7260748410,65 Chaudhuri Marg,Orai
C01539,Wakeeta Keer,wakeeta.keer1539@yahoo.com,6490516080,H.No. 035 Toor Road,Gopalpur
C01540,Sneha Nair,sneha.nair1540@yahoo.com,8151959743,H.No. 56 Lall Circle,Haldia
C01541,Wahab Gara,wahab.gara1541@example.in,7665329000,41/858 Guha Road,Gaya
C01542,Harshil Dass,harshil.dass1542@gmail.com,6367578051,"62, Nayak Road",Dhanbad
C01543,Tristan Zacharia,tristan.zacharia1543@hotmail.com,9093323902,261 Dyal Marg,Kolkata
C01544,Kiaan Contractor,kiaan.contractor1544@hotmail.com,8019278645,"191, Salvi Marg",Bettiah
C01545,Zansi Dugar,zansi.dugar1545@example.in,7535210465,92/95 Gill Circle,Bettiah
C01546,Jalsa Gera,jalsa.gera1546@example.in,7223046343,42/281 Sarin Path,Mahbubnagar
C01547,Sara Dugar,sara.dugar1547@yahoo.com,6765902378,"H.No. 47, Handa",Madhyamgram
C01548,Samesh Sundaram,samesh.sundaram1548@hotmail.com,6459608953,"H.No. 462, Biswas Path",Darbhanga
C01549,Jalsa Bawa,jalsa.bawa1549@outlook.com,7246969249,"H.No. 088, Bhatt Street",Vijayawada
C01550,Max Ahuja,max.ahuja1550@outlook.com,8973099672,"582, Roy Zila",Jalandhar
C01551,Ekansh Sharaf,ekansh.sharaf1551@outlook.com,7213461235,H.No. 728 Kibe Path,Mumbai
C01552,Turvi Garg,turvi.garg1552@example.in,7324139018,"99/276, Dasgupta Zila",Rajpur Sonarpur
C01553,Ishanvi Boase,ishanvi.boase1553@hotmail.com,6759132840,"H.No. 97, Pillai Street",Ahmednagar
C01554,Chameli Baria,chameli.baria1554@hotmail.com,6391578057,H.No. 193 Kumar Ganj,Jorhat
C01555,Rachita Batra,rachita.batra1555@yahoo.com,6937639999,"H.No. 348, Prabhu Ganj",Tirunelveli
C01556,Daniel Badal,daniel.badal1556@example.in,6008218920,72/48 Mistry Chowk,Singrauli
C01557,Ayush Dewan,ayush.dewan1557@example.in,6520575773,"H.No. 497, Chanda",Ambattur
C01558,Kalpit Roy,kalpit.roy1558@yahoo.com,7589129515,163 Dewan Circle,Varanasi
C01559,Faris Reddy,faris.reddy1559@outlook.com,6822649991,"397, Kapur Nagar",Sri Ganganagar
C01560,Sanya Karpe,sanya.karpe1560@yahoo.com,9055195411,"19, Kumer Ganj",Tenali
C01561,Nisha Naik,nisha.naik1561@outlook.com,6147173887,H.No. 37 Dar Street,Bokaro
C01562,Radha Ram,radha.ram1562@outlook.com,9247362358,"H.No. 567, Raj Ganj",Mau
C01563,Nidhi Dube,nidhi.dube1563@example.in,6477312102,H.No. 493 Jha Nagar,Amroha
C01564,Yagnesh Srinivasan,yagnesh.srinivasan1564@gmail.com,9985845369,"03/465, Naik Circle",Pudukkottai
C01565,Eshana Chahal,eshana.chahal1565@example.in,8409175816,"04/85, Gupta Street",Sikar
C01566,Yagnesh Dayal,yagnesh.dayal1566@example.in,6464056312,88 Gola Chowk,Bidar
C01567,Krish Wali,krish.wali1567@example.in,9597402904,H.No. 30 Deol Street,Gorakhpur
C01568,Forum Prashad,forum.prashad1568@gmail.com,9900731230,"H.No. 365, Ben Nagar",Munger
C01569,Zaitra Gara,zaitra.gara1569@gmail.com,9039562062,H.No. 764 Naidu Marg,Imphal
C01570,Amruta Sachdev,amruta.sachdev1570@gmail.com,9734961239,"H.No. 48, Yogi Path",Bharatpur
C01571,Varenya Behl,varenya.behl1571@example.in,6783173365,H.No. 68 Misra Nagar,Medininagar
C01572,Hardik Sule,hardik.sule1572@outlook.com,7708840042,21 Chhabra Road,Nizamabad
C01573,Rachana Nori,rachana.nori1573@hotmail.com,6930602848,"H.No. 83, Acharya Ganj",Akola
C01574,Dominic Seshadri,dominic.seshadri1574@yahoo.com,9779129197,H.No. 614 Bhatia Circle,Ajmer
C01575,Sachi Wason,sachi.wason1575@outlook.com,8895371227,"H.No. 51, Mitter Path",Tiruchirappalli
C01576,Dipta De,dipta.de1576@hotmail.com,8487304431,"380, Narang Chowk",Narasaraopet
C01577,Brinda Bhatia,brinda.bhatia1577@yahoo.com,9817549172,44 Bhatia Chowk,Kottayam
C01578,Balhaar Gade,balhaar.gade1578@yahoo.com,8405945946,"91/59, Thaker Zila",Rohtak
C01579,George Ramaswamy,george.ramaswamy1579@yahoo.com,9309515929,"661, Ranganathan Street",Navi Mumbai
C01580,Mekhala Golla,mekhala.golla1580@example.in,7414697692,"H.No. 37, Barad Path",Durg
C01581,Tristan Sankar,tristan.sankar1581@hotmail.com,9677643804,918 Yohannan Ganj,Ramgarh
C01582,Anamika Dhingra,anamika.dhingra1582@outlook.com,7301859528,"H.No. 750, Dewan",Kulti
C01583,Falak Subramanian,falak.subramanian1583@gmail.com,9907141287,"74/857, Pau Road",Agartala
C01584,Anirudh Viswanathan,anirudh.viswanathan1584@outlook.com,8237805676,H.No. 535 Dewan Path,Chapra
C01585,Ria Bakshi,ria.bakshi1585@outlook.com,9346179471,"24/39, Madan Ganj",Nangloi Jat
C01586,Pahal Sankar,pahal.sankar1586@example.in,8566252289,"47/761, Shan Nagar",Gopalpur
C01587,Vincent Varty,vincent.varty1587@hotmail.com,7640384356,"014, Shukla Chowk",Ichalkaranji
C01588,Jagrati Venkataraman,jagrati.venkataraman1588@gmail.com,8588419565,"H.No. 43, Reddy Ganj",Hajipur
C01589,Bakhshi Sarraf,bakhshi.sarraf1589@example.in,9368282302,"25/579, Vora Zila",Hapur
C01590,Jeevika Korpal,jeevika.korpal1590@outlook.com,7156296733,"H.No. 706, Vora Marg",Ratlam
C01591,Maanas Karnik,maanas.karnik1591@hotmail.com,9003579092,"H.No. 792, Chad Road",Etawah
C01592,Sanaya Bal,sanaya.bal1592@gmail.com,7953631531,33 Varghese,Tiruchirappalli
C01593,Harita Jain,harita.jain1593@hotmail.com,6294932768,"284, Aggarwal Road",Dharmavaram
C01594,Charan Kala,charan.kala1594@outlook.com,9056646365,"96/53, Misra",Shimoga
C01595,Henry Wali,henry.wali1595@gmail.com,6388571731,988 Anand Ganj,Dhule
C01596,Tarak Sachdev,tarak.sachdev1596@outlook.com,7194769483,80 Badal Ganj,Sambhal
C01597,Manbir Sidhu,manbir.sidhu1597@hotmail.com,6383147600,"18, Bhatia Ganj",Amroha
C01598,Qushi Chhabra,qushi.chhabra1598@outlook.com,6938182196,"15/579, Hora Path",Bardhaman
C01599,Siya Raghavan,siya.raghavan1599@hotmail.com,8971119863,95/35 Thakkar Street,Purnia
C01600,Liam Panchal,liam.panchal1600@hotmail.com,8813224175,"H.No. 46, Borah Ganj",Dewas
C01601,Fitan Sha,fitan.sha1601@example.in,7335477626,84/51 Pandey,Ludhiana
C01602,Harshil Anand,harshil.anand1602@gmail.com,7925614641,"190, Bera",Saharsa
C01603,Gopal Bobal,gopal.bobal1603@example.in,6123008517,H.No. 24 Kunda Road,Kavali
C01604,Ojasvi Tripathi,ojasvi.tripathi1604@outlook.com,9607609078,"H.No. 37, Suresh Zila",Ghaziabad
C01605,Fariq Parsa,fariq.parsa1605@outlook.com,7936297583,"45/23, Lad Ganj",Kota
C01606,Upadhriti Butala,upadhriti.butala1606@hotmail.com,7786820463,H.No. 150 Lalla Circle,Kolkata
C01607,Aarush Cheema,aarush.cheema1607@yahoo.com,7529840193,56/624 Pandey Path,Latur
C01608,Quincy Panchal,quincy.panchal1608@outlook.com,6490483500,78 Khanna Street,Nashik
C01609,Sudiksha Bhagat,sudiksha.bhagat1609@example.in,6198982421,"73/96, Balay",Dindigul
C01610,Fariq Bora,fariq.bora1610@example.in,7054018532,H.No. 77 Sama Path,Bongaigaon
C01611,Raghav Mani,raghav.mani1611@yahoo.com,6874960172,"H.No. 339, Narasimhan",Anand
C01612,Raagini Chopra,raagini.chopra1612@hotmail.com,8207912676,"H.No. 66, Sankaran Road",Secunderabad
C01613,Mohammed Sha,mohammed.sha1613@yahoo.com,7519140869,H.No. 502 Luthra,Shahjahanpur
C01614,Prisha Lanka,prisha.lanka1614@example.in,8551785736,72 Kulkarni Circle,Deoghar
C01615,Neelima Barad,neelima.barad1615@yahoo.com,9431180137,"68/37, Narayan",Loni
C01616,Devika Borde,devika.borde1616@hotmail.com,8341639491,581 Kashyap Ganj,Nangloi Jat
C01617,Jonathan Rege,jonathan.rege1617@example.in,7823550640,"93/327, Naik Marg",Thanjavur
C01618,Kashish Arya,kashish.arya1618@outlook.com,6154533634,93 Wali,Secunderabad
C01619,Ikbal Konda,ikbal.konda1619@hotmail.com,9892663955,"89/42, Borde Marg",Kakinada
C01620,Om Venkatesh,om.venkatesh1620@gmail.com,9925073477,"722, Mangal",Jhansi
C01621,Warinder Aurora,warinder.aurora1621@example.in,9322061467,H.No. 81 Shankar Path,Udupi
C01622,Raagini Pall,raagini.pall1622@outlook.com,9043201951,92/23 Sant Zila,Bhatpara
C01623,Forum Tiwari,forum.tiwari1623@yahoo.com,7983541809,14/84 Loke Road,Nandyal
C01624,Advaith Sachdev,advaith.sachdev1624@example.in,8426254643,"59/461, Upadhyay Path",Gopalpur
C01625,Christopher Verma,christopher.verma1625@yahoo.com,9984948087,298 Master,Dindigul
C01626,Udant Yogi,udant.yogi1626@hotmail.com,8397123799,H.No. 46 Chandra Zila,Ambattur
C01627,Rudra Sant,rudra.sant1627@hotmail.com,6073654294,"H.No. 698, Raval Path",Delhi
C01628,Mahika Banik,mahika.banik1628@gmail.com,9318909756,"H.No. 69, Nair Zila",Tiruchirappalli
C01629,Yasti Barad,yasti.barad1629@hotmail.com,7879977363,"H.No. 85, Raval",Siliguri
C01630,Priya Varma,priya.varma1630@outlook.com,7783430670,52 Salvi Circle,Bellary
C01631,Aradhana Sinha,aradhana.sinha1631@example.in,7102857502,712 Badal Chowk,Bettiah
C01632,Samar Khatri,samar.khatri1632@example.in,8482888518,18/510 Ramaswamy Road,Hindupur
C01633,Henry Suri,henry.suri1633@hotmail.com,8675631875,H.No. 439 Deshmukh Ganj,Vijayawada
C01634,Ranveer Sachar,ranveer.sachar1634@example.in,8310226071,"53, Borah Chowk",Ichalkaranji
C01635,Onkar Choudhary,onkar.choudhary1635@example.in,7858973759,"21, Agarwal Road",Mathura
C01636,Jagrati Goyal,jagrati.goyal1636@outlook.com,8700292834,"48/22, Soni",Ambala
C01637,Pranit Padmanabhan,pranit.padmanabhan1637@gmail.com,7348826409,"H.No. 355, Taneja Nagar",Dehradun
C01638,Samuel Gola,samuel.gola1638@gmail.com,9431827710,"H.No. 624, Walia Nagar",Amaravati
C01639,Hemangini Sarraf,hemangini.sarraf1639@example.in,6711882885,71/89 Chauhan Road,Mumbai
C01640,Aachal Brahmbhatt,aachal.brahmbhatt1640@gmail.com,7991345188,43/66 Thaman Chowk,Proddatur
C01641,Rayaan Lala,rayaan.lala1641@gmail.com,8063415370,00/67 Doshi,Sri Ganganagar
C01642,Wakeeta Aurora,wakeeta.aurora1642@hotmail.com,7494865639,"19, Kanda Chowk",Ozhukarai
C01643,Ojas Mammen,ojas.mammen1643@hotmail.com,8039494563,869 Mutti Path,Ahmednagar
C01644,Pranav Kar,pranav.kar1644@yahoo.com,6767695483,196 Mitter Road,Phusro
C01645,Tanveer Lala,tanveer.lala1645@gmail.com,6062284274,H.No. 70 Wali Zila,Giridih
C01646,Gaurangi Gour,gaurangi.gour1646@yahoo.com,8693676049,"09, Raj Marg",Faridabad
C01647,Avi Dugar,avi.dugar1647@gmail.com,8777894562,H.No. 094 Khatri Chowk,Srinagar
C01648,Azad Deol,azad.deol1648@outlook.com,9160295702,"40, Devan Circle",Hajipur
C01649,Inaya Pandey,inaya.pandey1649@gmail.com,6523708605,"H.No. 98, Savant Nagar",Bhiwandi
C01650,Balvan Borde,balvan.borde1650@hotmail.com,6577709512,"377, Nair Circle",Akola
C01651,Panini Sathe,panini.sathe1651@gmail.com,6515508291,"H.No. 34, Mukherjee Street",Jalna
C01652,Raghav Chaudhry,raghav.chaudhry1652@example.in,6608768999,H.No. 720 Chaudhry Nagar,Karaikudi
C01653,Prisha Lalla,prisha.lalla1653@yahoo.com,6182124296,"55/91, Ranganathan Path",Berhampore
C01654,Bakhshi Dalal,bakhshi.dalal1654@yahoo.com,9936347537,"816, Bava Zila",Deoghar
C01655,Jeevika Natarajan,jeevika.natarajan1655@outlook.com,6993613060,23/571 Chawla,Begusarai
C01656,Wahab Chandran,wahab.chandran1656@hotmail.com,7408551147,81/84 Parikh Zila,Erode
C01657,Utkarsh Bal,utkarsh.bal1657@gmail.com,6178387094,"857, Sami Road",Nadiad
C01658,Nilima Mittal,nilima.mittal1658@gmail.com,8634716499,686 Madan Ganj,Srinagar
C01659,Geetika Bhargava,geetika.bhargava1659@example.in,6226389988,39/01 Mannan Chowk,Phusro
C01660,Kritika Rau,kritika.rau1660@gmail.com,8288371475,"75/93, Misra Ganj",Jalandhar
C01661,Peter Nadkarni,peter.nadkarni1661@outlook.com,7817335905,527 Sethi Nagar,Tumkur
C01662,Gunbir Kala,gunbir.kala1662@example.in,6965663209,"81/64, Cherian Ganj",Jalna
C01663,Dhriti Gour,dhriti.gour1663@gmail.com,7247690630,06/28 Lall Circle,Ozhukarai
C01664,Tanay Wali,tanay.wali1664@gmail.com,9237077540,"72, Sura Chowk",Ichalkaranji
C01665,Zayyan Sarma,zayyan.sarma1665@gmail.com,8981753482,731 Bera,Kumbakonam
C01666,Lekha Nigam,lekha.nigam1666@example.in,6121575975,"358, Agrawal Ganj",Delhi
C01667,Devansh Nigam,devansh.nigam1667@yahoo.com,7666258887,"30, Mani Marg",Karawal Nagar
C01668,Frado Guha,frado.guha1668@example.in,8517197453,H.No. 802 Hora Ganj,New Delhi
C01669,Onkar Krishnamurthy,onkar.krishnamurthy1669@example.in,8188676047,H.No. 85 Jaggi Ganj,Ratlam
C01670,Udyati Sarma,udyati.sarma1670@gmail.com,8184801327,19/01 Golla Circle,Durg
C01671,Barkha Bose,barkha.bose1671@yahoo.com,6904394169,30/39 Sahota Path,Alwar
C01672,Charan Kota,charan.kota1672@example.in,9620580131,"H.No. 65, Iyengar",Phusro
C01673,Lajita Sandhu,lajita.sandhu1673@gmail.com,8101743114,24 Kala Nagar,Bhiwani
C01674,Champak Aurora,champak.aurora1674@hotmail.com,8682858856,"933, Swamy Circle",Serampore
C01675,Raagini Keer,raagini.keer1675@example.in,7684332482,H.No. 08 Raghavan Nagar,Ambattur
C01676,Bishakha Bhatti,bishakha.bhatti1676@yahoo.com,6148429836,H.No. 603 Thakkar Path,Silchar
C01677,Wyatt Raj,wyatt.raj1677@gmail.com,9704392566,11 Butala Road,Chittoor
C01678,Gauri Chakrabarti,gauri.chakrabarti1678@hotmail.com,9902026578,"H.No. 362, Nair Street",Proddatur
C01679,Henry Gupta,henry.gupta1679@hotmail.com,9914335531,"63/89, Dyal Nagar",Kolhapur
C01680,Chaman Mital,chaman.mital1680@yahoo.com,6055399621,"39, Hora Street",Chandigarh
C01681,Atharv Mangal,atharv.mangal1681@yahoo.com,7876174924,22 Narang Circle,Mangalore
C01682,Tarak Sheth,tarak.sheth1682@hotmail.com,9309319836,96/83 Sangha Path,Pondicherry
C01683,Isha Nigam,isha.nigam1683@outlook.com,9844716148,78/396 Natarajan Marg,Hosur
C01684,Darsh Mody,darsh.mody1684@yahoo.com,6996290085,"H.No. 033, Loyal Street",Khandwa
C01685,Wriddhish Ramesh,wriddhish.ramesh1685@hotmail.com,7792270863,44 Narang Ganj,Srikakulam
C01686,Ekansh Sodhi,ekansh.sodhi1686@outlook.com,7585927362,"50/137, Dasgupta Zila",Aizawl
C01687,Rachana Dutta,rachana.dutta1687@hotmail.com,6282350511,H.No. 429 Bhat Circle,Cuttack
C01688,Farhan Bir,farhan.bir1688@hotmail.com,9478595939,H.No. 57 Borde Nagar,Kottayam
C01689,Chandran Lall,chandran.lall1689@outlook.com,7718349089,"H.No. 459, Cherian Chowk",Panipat
C01690,Anmol Deep,anmol.deep1690@yahoo.com,6485426710,"18/14, Kulkarni",Solapur
C01691,Yahvi Chakrabarti,yahvi.chakrabarti1691@example.in,6224088353,"H.No. 151, Master Street",Madurai
C01692,Ladli Mangal,ladli.mangal1692@hotmail.com,9296566829,"473, Comar Road",Naihati
C01693,Triveni Pandit,triveni.pandit1693@hotmail.com,8259035393,"05/575, Wason",Khora 
C01694,Pranav Bedi,pranav.bedi1694@yahoo.com,6781535208,42/061 Andra Road,Jhansi
C01695,Kala Chakrabarti,kala.chakrabarti1695@outlook.com,8218047747,"H.No. 893, Desai Path",Bareilly
C01696,Naveen Mutti,naveen.mutti1696@hotmail.com,9331096104,H.No. 471 Kumar Nagar,Singrauli
C01697,Rohan Dugal,rohan.dugal1697@gmail.com,8845649365,19 Chauhan Zila,New Delhi
C01698,Chasmum Tiwari,chasmum.tiwari1698@yahoo.com,8642535572,46 Jani Chowk,Darbhanga
C01699,Indrajit Sood,indrajit.sood1699@yahoo.com,8397019791,H.No. 62 Sem Marg,Begusarai
C01700,Michael Barad,michael.barad1700@yahoo.com,9490680871,"H.No. 52, Setty Circle",New Delhi
C01701,Yochana Anand,yochana.anand1701@gmail.com,9890820515,28/49 Naik Circle,Noida
C01702,Gaurang Baria,gaurang.baria1702@gmail.com,7831468347,"H.No. 72, Salvi Nagar",Ahmedabad
C01703,Harish Bhalla,harish.bhalla1703@hotmail.com,6936433637,"73/55, Baral Road",Raiganj
C01704,Chandran Swamy,chandran.swamy1704@hotmail.com,7265093762,"H.No. 93, Balakrishnan Circle",Madhyamgram
C01705,Jagat Handa,jagat.handa1705@example.in,9816904325,14/96 Vig Street,Bettiah
C01706,Bhanumati Deo,bhanumati.deo1706@outlook.com,7599743003,"03/809, Mander Path",Adoni
C01707,Urmi Vala,urmi.vala1707@hotmail.com,6260516857,"27, Nigam Circle",Tinsukia
C01708,Harrison Magar,harrison.magar1708@gmail.com,9628898437,H.No. 681 Padmanabhan Nagar,Faridabad
C01709,Chameli Sundaram,chameli.sundaram1709@outlook.com,9138581544,"23/543, Parmar Street",Begusarai
C01710,Samuel Ray,samuel.ray1710@hotmail.com,6131418435,"H.No. 36, Dada Zila",Guna
C01711,Sarthak Morar,sarthak.morar1711@gmail.com,7749155983,"84/16, Bal Ganj",Bhubaneswar
C01712,Dalaja Gera,dalaja.gera1712@outlook.com,8549662986,"H.No. 237, Ramachandran Street",Bikaner
C01713,Hredhaan Sankar,hredhaan.sankar1713@hotmail.com,6288723732,49 Din Ganj,Tezpur
C01714,Pranav Batra,pranav.batra1714@hotmail.com,7446195053,"33/97, Mody Road",Erode
C01715,Fariq Sodhi,fariq.sodhi1715@hotmail.com,8773882045,"341, Sood Ganj",Berhampore
C01716,Ekiya Kannan,ekiya.kannan1716@outlook.com,9042796038,18/630 Patil Chowk,Bhiwani
C01717,Balveer Ramaswamy,balveer.ramaswamy1717@gmail.com,9942512074,H.No. 313 Sanghvi Ganj,Berhampore
C01718,Upasna Bora,upasna.bora1718@outlook.com,8693889686,58/852 Ahuja Path,Rajahmundry
C01719,Anita Nagi,anita.nagi1719@example.in,6213518674,215 Dugal,Alappuzha
C01720,Praneel Sastry,praneel.sastry1720@yahoo.com,7640830326,43/666 Handa Path,Jammu
C01721,Abhimanyu Halder,abhimanyu.halder1721@gmail.com,6395729047,"H.No. 858, Dua",Chapra
C01722,Varsha Bhat,varsha.bhat1722@yahoo.com,6340358166,"63, Shanker Circle",Bareilly
C01723,Aarna Bose,aarna.bose1723@example.in,7177150367,"H.No. 487, Goswami Circle",Mathura
C01724,Pushti Chander,pushti.chander1724@yahoo.com,6078304275,52/38 Mann Circle,Nadiad
C01725,Ekaraj Mishra,ekaraj.mishra1725@hotmail.com,7499400039,H.No. 408 Das Ganj,Bally
C01726,Zilmil Ganguly,zilmil.ganguly1726@outlook.com,9918562024,"H.No. 76, Sodhi Chowk",Motihari
C01727,Madhavi Gandhi,madhavi.gandhi1727@hotmail.com,6117844237,"H.No. 25, Rastogi Zila",Bahraich
C01728,Ati Mukherjee,ati.mukherjee1728@yahoo.com,6883159605,"08, Sagar Circle",Firozabad
C01729,George Deol,george.deol1729@yahoo.com,9586126588,"H.No. 914, Mall Street",Morbi
C01730,Januja Ramanathan,januja.ramanathan1730@yahoo.com,6244749560,H.No. 774 Bandi Circle,Sambhal
C01731,Adya Shroff,adya.shroff1731@example.in,8314641207,093 Chad,Sonipat
C01732,Manan Chakrabarti,manan.chakrabarti1732@hotmail.com,9257179368,51/72 Trivedi,Anand
C01733,Libni Batra,libni.batra1733@gmail.com,8554318911,"H.No. 243, Ghosh Path",Kanpur
C01734,Neha Roy,neha.roy1734@hotmail.com,7903877333,"75, Pingle Ganj",Kozhikode
C01735,Charles Butala,charles.butala1735@hotmail.com,7360464910,"01/66, Oza Zila",Alappuzha
C01736,Balveer Suri,balveer.suri1736@yahoo.com,9673275900,96/894 Raval Path,Raichur
C01737,Indali Shankar,indali.shankar1737@outlook.com,8684521750,344 Saraf Road,Aurangabad
C01738,Rehaan Deshmukh,rehaan.deshmukh1738@outlook.com,9397941997,94/347 Lad Marg,Panihati
C01739,Azad Bava,azad.bava1739@yahoo.com,6570249176,61/506 Bumb Circle,Latur
C01740,Kiaan Dugal,kiaan.dugal1740@example.in,9468759072,"32/41, Basak Ganj",Proddatur
C01741,Indira Shah,indira.shah1741@hotmail.com,8280517862,61 Chadha Path,Anantapur
C01742,Omaja Chadha,omaja.chadha1742@example.in,9708964678,63/328 Basu,Mathura
C01743,Theodore Bansal,theodore.bansal1743@hotmail.com,7100927257,"97, Dar Zila",Kakinada
C01744,Harsh Sekhon,harsh.sekhon1744@example.in,9187593883,998 Kota Ganj,Nizamabad
C01745,Christopher Sharma,christopher.sharma1745@yahoo.com,6790781810,"H.No. 10, Morar Marg",Jodhpur
C01746,Agastya Venkatesh,agastya.venkatesh1746@outlook.com,6041905627,"61/859, Savant Nagar",Vijayawada
C01747,Vivaan Palan,vivaan.palan1747@gmail.com,8832134755,H.No. 693 Raj Street,Alwar
C01748,Eshana Chaudhuri,eshana.chaudhuri1748@yahoo.com,9567833937,73/66 Guha Zila,Hapur
C01749,Omkaar Lal,omkaar.lal1749@hotmail.com,7169201558,774 Loyal Circle,Kulti
C01750,Vritti Kaul,vritti.kaul1750@hotmail.com,8411804181,"97/35, Kamdar Chowk",Adoni
C01751,Viraj Chaudhuri,viraj.chaudhuri1751@outlook.com,8834953632,"292, Bora Chowk",Jalandhar
C01752,Wyatt Khare,wyatt.khare1752@outlook.com,9758300839,56/37 Khatri Chowk,Bidar
C01753,Jagdish Reddy,jagdish.reddy1753@example.in,7547380394,"H.No. 90, Sabharwal Path",Junagadh
C01754,Turvi Sekhon,turvi.sekhon1754@example.in,8701629683,H.No. 186 Krish,Pune
C01755,Nidra Comar,nidra.comar1755@example.in,6865968740,605 Ranganathan Path,Vijayanagaram
C01756,Shravya Kapadia,shravya.kapadia1756@gmail.com,8897406268,"448, Sanghvi Nagar",Muzaffarnagar
C01757,Turvi Kumer,turvi.kumer1757@example.in,9070073275,171 Yogi Nagar,Bilaspur
C01758,Ojas Mittal,ojas.mittal1758@example.in,8069279508,"49/537, Majumdar Nagar",Udupi
C01759,Maanas Ben,maanas.ben1759@example.in,8327069035,074 Kalita Zila,Jodhpur
C01760,Janya Memon,janya.memon1760@yahoo.com,8852570236,186 Nayak Ganj,Bathinda
C01761,Ojasvi Kota,ojasvi.kota1761@example.in,9418402382,"H.No. 50, Palla",Jamalpur
C01762,Hitesh Ray,hitesh.ray1762@gmail.com,7982350089,"H.No. 890, Murty Circle",Panipat
C01763,Arin Singh,arin.singh1763@yahoo.com,7733819152,12/730 Sachdeva Road,Sambhal
C01764,Warda Jaggi,warda.jaggi1764@gmail.com,7459390527,"060, Dubey Path",Rajpur Sonarpur
C01765,Lohit Chaudry,lohit.chaudry1765@hotmail.com,9904930968,"83/919, Rau Ganj",Chennai
C01766,Aradhana Dave,aradhana.dave1766@yahoo.com,9470985527,86 Raj Road,Satna
C01767,Theodore Oak,theodore.oak1767@example.in,7561956746,184 Chada,Tinsukia
C01768,Dalaja Sawhney,dalaja.sawhney1768@yahoo.com,9892968538,"30/861, Apte Path",Sirsa
C01769,Lakshmi Roy,lakshmi.roy1769@example.in,9276531399,"H.No. 80, Bava",Panvel
C01770,Chavvi Din,chavvi.din1770@outlook.com,9378830536,97/223 Balasubramanian Nagar,Machilipatnam
C01771,Tanay Kanda,tanay.kanda1771@outlook.com,9721363111,H.No. 107 Srinivas Path,Bardhaman
C01772,Triveni Jaggi,triveni.jaggi1772@yahoo.com,9631848875,H.No. 333 Mani Ganj,Noida
C01773,Ijaya Choudhry,ijaya.choudhry1773@outlook.com,9785553528,H.No. 25 Sodhi,Kharagpur
C01774,Gopal Talwar,gopal.talwar1774@example.in,8952349867,96/810 Singhal Path,Thane
C01775,Shivani Johal,shivani.johal1775@outlook.com,9195668115,"20/80, Deol Zila",Hyderabad
C01776,Sanya Krishnan,sanya.krishnan1776@yahoo.com,6273838680,"08/26, Majumdar Path",Kanpur
C01777,Abdul Reddy,abdul.reddy1777@hotmail.com,8488267563,40/816 Bhatia Road,Bardhaman
C01778,Aryan Sani,aryan.sani1778@outlook.com,6157824253,H.No. 89 Prabhu Nagar,Bidhannagar
C01779,Divya Manda,divya.manda1779@hotmail.com,8194224945,08/23 Gill Ganj,Karaikudi
C01780,Agastya Lala,agastya.lala1780@example.in,6137852363,90 Gour Chowk,Ulhasnagar
C01781,Darpan Boase,darpan.boase1781@hotmail.com,7770863938,H.No. 43 Varty,Raipur
C01782,Shivani Bhardwaj,shivani.bhardwaj1782@example.in,7132621360,H.No. 50 Das Street,Ulhasnagar
C01783,Qabil Chana,qabil.chana1783@gmail.com,6144868857,"04, Bail Street",Bidar
C01784,Gagan Nigam,gagan.nigam1784@example.in,6897971973,"870, Mallick Road",Bettiah
C01785,Yasti Dhaliwal,yasti.dhaliwal1785@outlook.com,7384976998,"H.No. 77, Gupta Street",Serampore
C01786,Nimrat Nadkarni,nimrat.nadkarni1786@gmail.com,6635005313,58/25 Dutt Road,Asansol
C01787,Forum Chand,forum.chand1787@outlook.com,7168599215,"H.No. 729, Nayak",Panipat
C01788,Vansha Gola,vansha.gola1788@example.in,7514035294,"407, Dyal Path",Bokaro
C01789,Lakshit Mitter,lakshit.mitter1789@gmail.com,7541340640,78 Rajan Path,Nashik
C01790,William Sarin,william.sarin1790@gmail.com,9349089973,H.No. 670 Arya Nagar,Munger
C01791,Neel Sangha,neel.sangha1791@example.in,6623675592,15/105 Luthra Ganj,Kottayam
C01792,Kamala Apte,kamala.apte1792@example.in,7756115134,H.No. 293 Mukherjee Zila,Adoni
C01793,Rishi Nayar,rishi.nayar1793@yahoo.com,6700838490,"01, Patel",Sultan Pur Majra
C01794,Zashil Mand,zashil.mand1794@outlook.com,7619201180,"96/09, Bobal Nagar",Nagaon
C01795,Qadim Wable,qadim.wable1795@gmail.com,7847821750,H.No. 293 Madan Ganj,Kishanganj
C01796,Ekanta Rajagopal,ekanta.rajagopal1796@gmail.com,7409828109,H.No. 51 Dalal Path,Ratlam
C01797,Ishita Golla,ishita.golla1797@yahoo.com,7908216320,"84/045, Sharma Street",Jammu
C01798,Reva Chandran,reva.chandran1798@outlook.com,7893329665,523 Datta Nagar,Tiruppur
C01799,Hamsini Brahmbhatt,hamsini.brahmbhatt1799@example.in,8121106217,"H.No. 178, Naik Path",Gandhinagar
C01800,Eta Kaul,eta.kaul1800@hotmail.com,7191271007,"722, Tiwari Nagar",Agartala
C01801,Kabir Srivastava,kabir.srivastava1801@hotmail.com,8296078975,"510, Chaudhuri Zila",Parbhani
C01802,Lipika Ray,lipika.ray1802@gmail.com,7401883153,"51, Anand Road",Bhubaneswar
C01803,Garima Sahota,garima.sahota1803@outlook.com,7494435418,14 Dasgupta Circle,Hosur
C01804,Anya Agarwal,anya.agarwal1804@example.in,8690478893,"38/40, Tandon Street",Tezpur
C01805,Waida Batra,waida.batra1805@yahoo.com,9615131477,73/35 Mody Ganj,Vijayanagaram
C01806,Ishita Raju,ishita.raju1806@example.in,8027190202,577 Dhillon Street,Tiruvottiyur
C01807,Ishwar Vig,ishwar.vig1807@hotmail.com,7708254516,"H.No. 18, Nagy Road",Tezpur
C01808,Chaaya Gaba,chaaya.gaba1808@outlook.com,6637866356,51 Dugar,Davanagere
C01809,Urmi Dhaliwal,urmi.dhaliwal1809@example.in,7873089461,26/747 Pandey Street,Korba
C01810,Nathaniel Zachariah,nathaniel.zachariah1810@outlook.com,6167532199,80 Varghese Road,Indore
C01811,Anjali Patel,anjali.patel1811@gmail.com,6188901584,05 Jhaveri Chowk,Bhavnagar
C01812,Advika Ganguly,advika.ganguly1812@hotmail.com,9826058892,885 Buch,Mehsana
C01813,Kashish Dey,kashish.dey1813@yahoo.com,8662321273,H.No. 774 Gera Chowk,Sagar
C01814,Kevin Narayan,kevin.narayan1814@yahoo.com,6805989137,31/294 Tella Ganj,Patiala
C01815,Kashvi Randhawa,kashvi.randhawa1815@gmail.com,6459347560,85/31 Saraf Zila,Bhagalpur
C01816,Wyatt Ben,wyatt.ben1816@gmail.com,6637699077,H.No. 76 Kamdar,Gorakhpur
C01817,Ria Apte,ria.apte1817@example.in,9908585474,"64/730, Kibe Street",New Delhi
C01818,Ekavir Dutta,ekavir.dutta1818@hotmail.com,9688925329,"51/311, Raghavan Road",Pali
C01819,Matthew Bora,matthew.bora1819@yahoo.com,6014168997,"11/717, Memon Road",Hosur
C01820,Ethan Garde,ethan.garde1820@gmail.com,9705533055,"52/06, Zachariah Ganj",Satna
C01821,Lekha Sandhu,lekha.sandhu1821@outlook.com,8891916968,H.No. 211 Pradhan Nagar,Suryapet
C01822,Bachittar Bora,bachittar.bora1822@gmail.com,6771580623,H.No. 53 Patil Zila,Warangal
C01823,Simon Tata,simon.tata1823@hotmail.com,6754247668,48/29 Kala,Maheshtala
C01824,Suhani Basu,suhani.basu1824@outlook.com,6904901335,"H.No. 09, Mangal Road",Nandyal
C01825,Simon Verma,simon.verma1825@gmail.com,8056412241,"81, Sarma Path",Guwahati
C01826,Brijesh Bose,brijesh.bose1826@outlook.com,8074898546,"75/470, Narula Nagar",Karimnagar
C01827,Farhan Karpe,farhan.karpe1827@example.in,7487353902,78/985 Koshy Nagar,Hazaribagh
C01828,Nicholas Gole,nicholas.gole1828@outlook.com,9087448434,"H.No. 912, Ratta Zila",Siliguri
C01829,Baljiwan Peri,baljiwan.peri1829@outlook.com,6344711078,"11/666, Deep Street",Kakinada
C01830,Nathan Prabhakar,nathan.prabhakar1830@example.in,7274344976,H.No. 10 Dua Street,Ghaziabad
C01831,Anamika Sami,anamika.sami1831@outlook.com,7304317396,"31/991, Bora Nagar",Karawal Nagar
C01832,Gopal Sandal,gopal.sandal1832@hotmail.com,8040326970,"11/05, Natarajan Street",Ratlam
C01833,Lakshit Naidu,lakshit.naidu1833@example.in,8988894724,043 Wable Street,Singrauli
C01834,Pahal Tailor,pahal.tailor1834@hotmail.com,7442029670,89/885 Kata Zila,Anantapur
C01835,Kalpit Thaman,kalpit.thaman1835@outlook.com,6170081586,"H.No. 37, Nazareth Street",Adoni
C01836,Pranav Vohra,pranav.vohra1836@outlook.com,6370936968,"H.No. 43, Bali Nagar",Khammam
C01837,Anvi Khanna,anvi.khanna1837@gmail.com,8750791779,H.No. 187 Gopal Zila,Mumbai
C01838,Jeevika Ahuja,jeevika.ahuja1838@yahoo.com,8011848446,"95, Khalsa Chowk",Morbi
C01839,Damyanti Setty,damyanti.setty1839@hotmail.com,6369942342,65 Tank Circle,Hajipur
C01840,Brinda Ghosh,brinda.ghosh1840@gmail.com,7283316604,"H.No. 685, Ramesh Marg",Katni
C01841,Oliver Hegde,oliver.hegde1841@hotmail.com,7479803777,26/17 Lala Circle,Kurnool
C01842,Ranveer Dixit,ranveer.dixit1842@example.in,6451270513,H.No. 184 Bala Ganj,Agartala
C01843,Nilima Dugar,nilima.dugar1843@gmail.com,7914538962,"54, Sheth Street",Chapra
C01844,Manan Dugar,manan.dugar1844@yahoo.com,9604335426,"95/147, Borra Marg",New Delhi
C01845,Janani Prasad,janani.prasad1845@example.in,7894220284,"H.No. 66, Randhawa",Thanjavur
C01846,Frederick Ghose,frederick.ghose1846@example.in,9551557573,"H.No. 34, Din Ganj",Dindigul
C01847,Andrew Hayer,andrew.hayer1847@gmail.com,8888913253,02/319 Sule,Bulandshahr
C01848,Nidra Murty,nidra.murty1848@example.in,6932943787,"90/984, Parmer Path",Lucknow
C01849,Ekavir Raghavan,ekavir.raghavan1849@outlook.com,7113448758,627 Viswanathan Road,Ratlam
C01850,Dalaja Agrawal,dalaja.agrawal1850@gmail.com,9567795955,"656, Choudhury",Bhalswa Jahangir Pur
C01851,Anusha Padmanabhan,anusha.padmanabhan1851@hotmail.com,8434474510,89/490 Das Nagar,Pondicherry
C01852,Krishna Modi,krishna.modi1852@outlook.com,7543547065,"09/969, Varghese Nagar",Dharmavaram
C01853,Radha Bava,radha.bava1853@example.in,8992301594,75 Bhatia Road,Raichur
C01854,Owen Pathak,owen.pathak1854@gmail.com,9649435200,H.No. 103 Sen Marg,Bharatpur
C01855,Utkarsh Naik,utkarsh.naik1855@yahoo.com,8711965672,"61/94, Pai Circle",Loni
C01856,Gautami Sibal,gautami.sibal1856@outlook.com,9843154492,844 Golla Zila,Amritsar
C01857,Banjeet Dave,banjeet.dave1857@gmail.com,7083464717,"61/41, Bhalla Ganj",Raebareli
C01858,Zansi Murthy,zansi.murthy1858@example.in,7934535890,H.No. 43 Chhabra Marg,Pudukkottai
C01859,Ranveer Bhatti,ranveer.bhatti1859@yahoo.com,6389821512,"H.No. 691, Madan Street",Kochi
C01860,Girik Contractor,girik.contractor1860@gmail.com,7026011639,H.No. 189 Dara Chowk,Bhagalpur
C01861,Zayyan Ramachandran,zayyan.ramachandran1861@gmail.com,6483823954,26/25 Tank Nagar,Junagadh
C01862,Divya Warrior,divya.warrior1862@yahoo.com,8562329694,38/27 Venkatesh Circle,Guntur
C01863,Gauri Bahl,gauri.bahl1863@gmail.com,7019952897,"32/616, Ganguly Path",Pallavaram
C01864,Sudiksha Trivedi,sudiksha.trivedi1864@outlook.com,9062888570,75 Baral Ganj,Chinsurah
C01865,Pooja Devi,pooja.devi1865@example.in,7904250537,136 Kadakia Marg,Dhule
C01866,Oeshi Pandey,oeshi.pandey1866@outlook.com,9024140969,51 Chad,Ujjain
C01867,Aditya Dixit,aditya.dixit1867@hotmail.com,9690789706,72 Rastogi Circle,Yamunanagar
C01868,Akshay Kumar,akshay.kumar1868@outlook.com,7075864044,05/74 Divan Chowk,Jehanabad
C01869,Farhan Mani,farhan.mani1869@hotmail.com,6248541083,23/964 Vora Marg,Erode
C01870,Ekanta Merchant,ekanta.merchant1870@gmail.com,6521511173,"37, Behl Street",Coimbatore
C01871,Balvan Bakshi,balvan.bakshi1871@gmail.com,6491443866,"398, Dey Circle",Allahabad
C01872,Avi Memon,avi.memon1872@hotmail.com,7623919100,97/215 Bhatia Chowk,Ahmednagar
C01873,Arjun Date,arjun.date1873@hotmail.com,6489464697,"05/409, Das Street",South Dumdum
C01874,Mohini Arya,mohini.arya1874@hotmail.com,8910893393,63/99 Vasa Chowk,Avadi
C01875,Joshua Sen,joshua.sen1875@gmail.com,9154500711,57/743 Kaur Nagar,Patiala
C01876,Ishani Nayar,ishani.nayar1876@yahoo.com,9597824825,"51/178, Keer Chowk",Chandrapur
C01877,Falan Palla,falan.palla1877@hotmail.com,6539631781,"88/907, Agarwal Circle",Sambalpur
C01878,Samesh Bala,samesh.bala1878@outlook.com,9701082820,046 Venkatesh Nagar,Siliguri
C01879,Yashodhara De,yashodhara.de1879@yahoo.com,8591767158,79 Kadakia Road,Pudukkottai
C01880,Ayush Khatri,ayush.khatri1880@yahoo.com,8506746549,45 Varkey Path,Mehsana
C01881,Kiaan Gola,kiaan.gola1881@outlook.com,7075707007,"14, Chandran Road",Sangli-Miraj & Kupwad
C01882,Upadhriti Thaman,upadhriti.thaman1882@hotmail.com,9299238614,08/72 Tripathi,Ballia
C01883,Ekaja Upadhyay,ekaja.upadhyay1883@outlook.com,6228327357,"51/62, Pall Path",Pune
C01884,Jhalak Narasimhan,jhalak.narasimhan1884@example.in,8712483052,"H.No. 73, Karan Circle",Thanjavur
C01885,Thomas Gokhale,thomas.gokhale1885@gmail.com,8815155302,"H.No. 265, Solanki Marg",Howrah
C01886,Oeshi Thakur,oeshi.thakur1886@yahoo.com,9509591638,13 Agrawal Circle,Arrah
C01887,Arjun Munshi,arjun.munshi1887@gmail.com,6341222881,"47, Shah Ganj",Kollam
C01888,Sara Divan,sara.divan1888@example.in,9391799839,"74/08, Ravel Nagar",Medininagar
C01889,Ekanta Palla,ekanta.palla1889@yahoo.com,8010675342,H.No. 66 Hans Zila,Lucknow
C01890,Odika Bhavsar,odika.bhavsar1890@outlook.com,6767596882,52 Krishnamurthy Circle,Indore
C01891,Darsh More,darsh.more1891@yahoo.com,9365298753,92/265 De Circle,Durg
C01892,Triveni Sawhney,triveni.sawhney1892@gmail.com,8366565177,H.No. 29 Kulkarni,Nandyal
C01893,Gopal Trivedi,gopal.trivedi1893@outlook.com,6989420960,"H.No. 825, Sheth Marg",Chandigarh
C01894,Harshil Sani,harshil.sani1894@yahoo.com,9704486191,"557, Raghavan Zila",Orai
C01895,Falak Brar,falak.brar1895@example.in,6835360791,H.No. 686 Dugar Ganj,Mira-Bhayandar
C01896,Utkarsh Borah,utkarsh.borah1896@example.in,8968151668,"H.No. 434, Bala Ganj",Durgapur
C01897,Charita Yohannan,charita.yohannan1897@outlook.com,8367892310,10/694 Walla Circle,Tiruvottiyur
C01898,Noah Ravel,noah.ravel1898@yahoo.com,6240678659,H.No. 58 Sankar Marg,Nadiad
C01899,Naksh Bhandari,naksh.bhandari1899@hotmail.com,6760104971,02 Devan Nagar,Kottayam
C01900,Bhanumati Pingle,bhanumati.pingle1900@gmail.com,9772508464,"H.No. 361, Kar Ganj",Nellore
C01901,Sanya Warrior,sanya.warrior1901@outlook.com,6356685568,H.No. 883 Sem Nagar,Hosur
C01902,Charan Aurora,charan.aurora1902@yahoo.com,9989124034,H.No. 32 Bali Chowk,Shimla
C01903,Rayaan Rajan,rayaan.rajan1903@outlook.com,8356960313,14 Menon Road,Surendranagar Dudhrej
C01904,Brinda Bala,brinda.bala1904@yahoo.com,6632382400,16/132 Behl Street,Udupi
C01905,Ayushman Chad,ayushman.chad1905@yahoo.com,7891283951,79 Bhatt Chowk,Aurangabad
C01906,Yadavi Walia,yadavi.walia1906@example.in,8669492367,10 Nagar Nagar,Delhi
C01907,Jackson Mandal,jackson.mandal1907@gmail.com,8192233861,"88/28, Borah Zila",North Dumdum
C01908,Ayushman Chander,ayushman.chander1908@outlook.com,6421617133,126 Sani Zila,Yamunanagar
C01909,Osha Hora,osha.hora1909@example.in,8409251235,647 Edwin Ganj,Bijapur
C01910,Chakradev Talwar,chakradev.talwar1910@gmail.com,9803221077,"17, Sangha Street",Bulandshahr
C01911,Chameli Dixit,chameli.dixit1911@yahoo.com,7283691408,H.No. 425 Das Road,Pondicherry
C01912,Gabriel Wason,gabriel.wason1912@outlook.com,7885807997,688 Mukhopadhyay Chowk,Nagpur
C01913,Matthew Dubey,matthew.dubey1913@gmail.com,9408843143,"H.No. 78, Vohra Chowk",Berhampur
C01914,Upma Dey,upma.dey1914@gmail.com,6827596172,"83/708, Rajan Ganj",Uluberia
C01915,Anjali Ganesan,anjali.ganesan1915@example.in,8904986146,"79/02, Badal Nagar",Udupi
C01916,Bina Singhal,bina.singhal1916@hotmail.com,8042987678,"459, Thaker Street",Amravati
C01917,Indira Thaman,indira.thaman1917@outlook.com,8736299099,51/85 Uppal Chowk,South Dumdum
C01918,Devansh Sharma,devansh.sharma1918@example.in,9994287579,"H.No. 201, Sachdeva Ganj",Gopalpur
C01919,Kiaan Mallick,kiaan.mallick1919@hotmail.com,8895877258,54 Raval Zila,Kolkata
C01920,Inaya Kulkarni,inaya.kulkarni1920@example.in,9838895729,"H.No. 36, Puri Ganj",Shimoga
C01921,Sachi Lalla,sachi.lalla1921@example.in,8555740237,"65, Chaudhary Road",Rohtak
C01922,Damini Chanda,damini.chanda1922@outlook.com,9950497178,"H.No. 92, Rai Path",Srinagar
C01923,Aashi Nair,aashi.nair1923@yahoo.com,7044099155,09/91 Palan,Bhopal
C01924,Alexander Narula,alexander.narula1924@yahoo.com,9481686517,242 Mander Ganj,Gangtok
C01925,Krishna Puri,krishna.puri1925@gmail.com,7824487789,72 Ganesan Street,Patiala
C01926,Adweta Ben,adweta.ben1926@example.in,8045392514,"H.No. 799, Samra Path",Sambalpur
C01927,Krish Arya,krish.arya1927@hotmail.com,8425117562,"88/367, Mitter Road",Tenali
C01928,Samarth Pandey,samarth.pandey1928@gmail.com,8628768999,H.No. 71 Nagy Path,Loni
C01929,Chatura Parekh,chatura.parekh1929@yahoo.com,6554048747,"83/01, Padmanabhan Nagar",Jalna
C01930,Alexander Bajwa,alexander.bajwa1930@yahoo.com,9134466552,"H.No. 60, Raval Zila",Gurgaon
C01931,Ojas Sethi,ojas.sethi1931@example.in,9577958351,"806, Nazareth Marg",Chandigarh
C01932,Balendra Dhingra,balendra.dhingra1932@outlook.com,6588783445,94 Kaur Zila,Jhansi
C01933,Sarthak Yogi,sarthak.yogi1933@outlook.com,9823464044,42 Kadakia Street,Thiruvananthapuram
C01934,Chandresh Patil,chandresh.patil1934@example.in,6618024168,"563, Keer Nagar",Pondicherry
C01935,Kala Samra,kala.samra1935@yahoo.com,6522010378,"13/033, Bir Path",Guntakal
C01936,Logan Zacharia,logan.zacharia1936@hotmail.com,9839544548,"63, Thakkar Marg",Solapur
C01937,Tanmayi Gokhale,tanmayi.gokhale1937@gmail.com,9322860189,058 Vyas Ganj,Kishanganj
C01938,Ria Rau,ria.rau1938@hotmail.com,8511279232,H.No. 68 Iyengar Street,Udaipur
C01939,Rachit Ben,rachit.ben1939@hotmail.com,6213268801,72/55 Dora Ganj,Agra
C01940,Advay Nadkarni,advay.nadkarni1940@example.in,6219417556,"565, Ramaswamy Zila",Bihar Sharif
C01941,Jeevika Krishnan,jeevika.krishnan1941@outlook.com,8812168686,H.No. 06 Panchal Nagar,Kozhikode
C01942,Chandran Hari,chandran.hari1942@outlook.com,7048015018,"H.No. 58, Gokhale Circle",Narasaraopet
C01943,Leena Sen,leena.sen1943@hotmail.com,6429146503,H.No. 61 Bala Chowk,Bokaro
C01944,Kamya Manda,kamya.manda1944@gmail.com,9436304008,61/263 Sachdev Zila,Proddatur
C01945,Lohit Gandhi,lohit.gandhi1945@yahoo.com,8510685410,H.No. 98 Sandal Road,Karnal
C01946,Vincent Malhotra,vincent.malhotra1946@hotmail.com,6269824349,"34, Hora Circle",Pallavaram
C01947,Gagan Nath,gagan.nath1947@yahoo.com,6431006646,540 Apte Street,Gwalior
C01948,Ganga Vala,ganga.vala1948@example.in,9288046398,"655, Borra Marg",Moradabad
C01949,Vedika Vaidya,vedika.vaidya1949@example.in,6568569738,"33, Edwin Ganj",Miryalaguda
C01950,Ethan Chandran,ethan.chandran1950@hotmail.com,8460560287,"66, Ray Nagar",Pali
C01951,Urishilla Swamy,urishilla.swamy1951@outlook.com,6988227647,H.No. 01 Kanda Circle,Jaunpur
C01952,Laban Shenoy,laban.shenoy1952@yahoo.com,6767903053,H.No. 895 Bhasin Chowk,Unnao
C01953,Karan Rama,karan.rama1953@gmail.com,9148064074,78/850 Sami Circle,Tiruvottiyur
C01954,Timothy Dutt,timothy.dutt1954@yahoo.com,6693930278,51 Kohli,Serampore
C01955,Tanvi Kuruvilla,tanvi.kuruvilla1955@gmail.com,6267286785,H.No. 408 Sanghvi Marg,Ahmedabad
C01956,Veer Walia,veer.walia1956@outlook.com,6723023364,"86, Om Marg",Giridih
C01957,Tristan Mall,tristan.mall1957@outlook.com,6269132568,89/86 Butala Chowk,Mathura
C01958,Ishita Reddy,ishita.reddy1958@outlook.com,8397897774,"67/880, Mani Chowk",Kadapa
C01959,Mohammed Bera,mohammed.bera1959@example.in,7301900624,"57, Murty Zila",Katihar
C01960,Henry Magar,henry.magar1960@yahoo.com,8411737923,56 Rege Zila,Panvel
C01961,Azaan Kanda,azaan.kanda1961@outlook.com,6070655230,696 Chahal,Kottayam
C01962,Abhimanyu Sen,abhimanyu.sen1962@gmail.com,9026621876,"H.No. 23, Nadig Path",Surendranagar Dudhrej
C01963,Sara Narayanan,sara.narayanan1963@hotmail.com,7266023566,H.No. 38 Dey Street,Kadapa
C01964,Yatan Kamdar,yatan.kamdar1964@yahoo.com,7162974205,"H.No. 96, Bhatia Ganj",Srikakulam
C01965,Ayushman Loke,ayushman.loke1965@hotmail.com,8612945637,H.No. 968 Shanker Road,Jaipur
C01966,Naksh Sengupta,naksh.sengupta1966@gmail.com,7780016152,H.No. 47 Pingle Street,Gangtok
C01967,Caleb Sur,caleb.sur1967@yahoo.com,6019713179,"59/998, Kalita",Danapur
C01968,Manbir Parikh,manbir.parikh1968@gmail.com,7444057157,"H.No. 390, Saini Circle",Pallavaram
C01969,Raksha Wable,raksha.wable1969@yahoo.com,7396669612,"48, Sampath Path",North Dumdum
C01970,Chandresh Saha,chandresh.saha1970@gmail.com,7673071071,H.No. 788 Babu Circle,Mau
C01971,Aarnav Parmar,aarnav.parmar1971@gmail.com,8734969550,619 Pal Nagar,Guntakal
C01972,Chameli Mishra,chameli.mishra1972@outlook.com,6139733918,"H.No. 23, Murthy Zila",Guntur
C01973,Vansha Murty,vansha.murty1973@yahoo.com,7813846464,67/87 Samra Circle,Coimbatore
C01974,Chavvi Dasgupta,chavvi.dasgupta1974@example.in,7049461957,"491, Hayer Nagar",Etawah
C01975,Hemangini Wagle,hemangini.wagle1975@yahoo.com,7114102683,H.No. 103 Mall,Nagercoil
C01976,Lopa Chandran,lopa.chandran1976@hotmail.com,8599810041,H.No. 145 Mahal Path,Pali
C01977,Hredhaan Aggarwal,hredhaan.aggarwal1977@outlook.com,6913281870,562 Hari Road,Jamnagar
C01978,Oscar Rana,oscar.rana1978@gmail.com,9619504524,830 Suresh Circle,Kanpur
C01979,Laban Vasa,laban.vasa1979@outlook.com,7319580881,"H.No. 106, Seshadri Zila",Dewas
C01980,Neha Vohra,neha.vohra1980@outlook.com,8752125827,90/55 Subramanian Zila,Morbi
C01981,Eesha Bains,eesha.bains1981@yahoo.com,9492125907,80 Narayanan Zila,Panipat
C01982,Ekaraj Barman,ekaraj.barman1982@example.in,8222461812,97/77 Bath Street,Bhimavaram
C01983,Anya Bandi,anya.bandi1983@hotmail.com,8331496764,"H.No. 645, Saran Zila",Bijapur
C01984,Priya Patla,priya.patla1984@yahoo.com,9020995392,"H.No. 000, Sampath Road",Bhusawal
C01985,Luke Nigam,luke.nigam1985@example.in,8059501447,"H.No. 751, Pillay Path",Motihari
C01986,Umang Ahuja,umang.ahuja1986@outlook.com,7461826100,"17, Sodhi Path",Vadodara
C01987,Zinal Reddy,zinal.reddy1987@hotmail.com,8399305382,"36/029, Mohanty Zila",Ghaziabad
C01988,Ridhi Kale,ridhi.kale1988@yahoo.com,8970900895,"H.No. 57, Mangal Street",Kurnool
C01989,Vedant Batta,vedant.batta1989@outlook.com,6666556082,H.No. 71 More Circle,Asansol
C01990,Vedhika Dua,vedhika.dua1990@gmail.com,9301396654,H.No. 01 Suri Circle,Navi Mumbai
C01991,Aishani Ahluwalia,aishani.ahluwalia1991@yahoo.com,6901012517,69 Rastogi Path,Ahmednagar
C01992,Balvan Bumb,balvan.bumb1992@outlook.com,6940217134,93 Raman Ganj,Sasaram
C01993,Tejas Murty,tejas.murty1993@hotmail.com,8889193746,"H.No. 355, Sheth Path",Kirari Suleman Nagar
C01994,Ekavir Konda,ekavir.konda1994@hotmail.com,9332287755,953 Vaidya Street,Orai
C01995,Damyanti Venkataraman,damyanti.venkataraman1995@outlook.com,6227057866,28/76 Khare,Surat
C01996,Zashil Cherian,zashil.cherian1996@hotmail.com,9714652141,"H.No. 835, Mangal Marg",Purnia
C01997,Pranit Dey,pranit.dey1997@example.in,7556907127,83/53 Agate Nagar,Hajipur
C01998,Alka Mitra,alka.mitra1998@outlook.com,7908390615,"H.No. 071, Kapadia Chowk",Gudivada
C01999,Max Mitter,max.mitter1999@example.in,6401832121,479 Barman,Korba
C02000,Ekalinga Yogi,ekalinga.yogi2000@hotmail.com,7638703762,243 Ganesan Road,Cuttack
C02001,Jeremiah Balakrishnan,jeremiah.balakrishnan2001@gmail.com,7003084298,65/92 Khatri Path,Ichalkaranji
C02002,Frado Varghese,frado.varghese2002@gmail.com,6897979787,"16/56, Kade Nagar",Nashik
C02003,Kevin Sawhney,kevin.sawhney2003@hotmail.com,8773910085,"03/75, Dada Circle",Gaya
C02004,Radhika Ghosh,radhika.ghosh2004@hotmail.com,6333607157,747 Dhillon Zila,Junagadh
C02005,Sneha Lad,sneha.lad2005@outlook.com,7371810056,"H.No. 84, Dyal Street",Gopalpur
C02006,Charvi Sundaram,charvi.sundaram2006@outlook.com,9720133552,41/143 Khurana Zila,Karaikudi
C02007,Champak Solanki,champak.solanki2007@outlook.com,7908640363,415 Chandran Street,Raichur
C02008,Varenya Prabhu,varenya.prabhu2008@outlook.com,7460526994,"H.No. 30, Murthy Ganj",Asansol
C02009,Geetika Hayer,geetika.hayer2009@gmail.com,8235828854,"59/33, Pandit Chowk",Pune
C02010,Nidhi Sethi,nidhi.sethi2010@hotmail.com,6893038959,"H.No. 757, Sagar Ganj",Begusarai
C02011,Mohammed Mammen,mohammed.mammen2011@hotmail.com,7801930313,"537, Dugar Chowk",Indore
C02012,Chandresh More,chandresh.more2012@hotmail.com,8421932024,H.No. 98 Ganguly Marg,Ramagundam
C02013,Radhika Rau,radhika.rau2013@hotmail.com,9499670264,"31/821, Koshy Path",Burhanpur
C02014,Qabil Bhavsar,qabil.bhavsar2014@yahoo.com,9829188446,"H.No. 08, Dhar Chowk",Bijapur
C02015,Hardik Saran,hardik.saran2015@example.in,8074417846,34/70 Gera Ganj,Davanagere
C02016,Adweta Raju,adweta.raju2016@outlook.com,7087056108,"H.No. 82, Mani Ganj",Hosur
C02017,Warinder Doctor,warinder.doctor2017@yahoo.com,7255197717,89/848 Sabharwal Path,Akola
C02018,Qarin Khosla,qarin.khosla2018@gmail.com,9699918308,"45/15, Nori Circle",Udaipur
C02019,Vivaan Tandon,vivaan.tandon2019@gmail.com,7663974591,"362, Madan Zila",Jamalpur
C02020,Idika Rajan,idika.rajan2020@outlook.com,9616968023,"79/859, Sem Zila",Bijapur
C02021,Aarav Kannan,aarav.kannan2021@yahoo.com,8595817756,"69/509, Kumer Ganj",Lucknow
C02022,Abeer Prashad,abeer.prashad2022@yahoo.com,7830055556,"H.No. 23, Sangha Marg",Davanagere
C02023,Vrinda Kalita,vrinda.kalita2023@gmail.com,6116246835,174 Bhat Road,Jaunpur
C02024,Gavin Parmer,gavin.parmer2024@gmail.com,9788249617,H.No. 61 Parmar Zila,Amaravati
C02025,Gautami Madan,gautami.madan2025@outlook.com,9756148190,848 Majumdar Circle,Vadodara
C02026,Atharv Dugar,atharv.dugar2026@outlook.com,9964228472,"092, Kannan Ganj",Amritsar
C02027,Zashil Aurora,zashil.aurora2027@hotmail.com,9442792952,H.No. 07 Pant Zila,Rajpur Sonarpur
C02028,Ekantika Sanghvi,ekantika.sanghvi2028@yahoo.com,7886068670,H.No. 010 Sodhi Nagar,Alwar
C02029,Yutika Edwin,yutika.edwin2029@yahoo.com,6840960179,"H.No. 20, Rau Chowk",Tiruchirappalli
C02030,Omkaar Gill,omkaar.gill2030@example.in,9236421612,"H.No. 87, Mandal Chowk",Imphal
C02031,Ganga Dugar,ganga.dugar2031@example.in,7570762477,77/550 Bora Ganj,Khammam
C02032,Yoshita Buch,yoshita.buch2032@yahoo.com,8999737506,"13/13, Chanda Circle",Bally
C02033,Omaja Dubey,omaja.dubey2033@example.in,8332287130,"87, Goel Ganj",Amravati
C02034,Owen Pau,owen.pau2034@outlook.com,6584816428,"H.No. 104, Kala Chowk",Jamshedpur
C02035,Mitesh Parikh,mitesh.parikh2035@gmail.com,7642129537,"H.No. 298, Bhakta",Khammam
C02036,Robert Parmer,robert.parmer2036@outlook.com,7909382620,"12/34, Purohit Street",Pudukkottai
C02037,Karan Chand,karan.chand2037@outlook.com,8586591808,"H.No. 53, Kara Zila",Bellary
C02038,Daksha Mistry,daksha.mistry2038@gmail.com,9717840472,"87/03, Kala Zila",Salem
C02039,Tanmayi Nadkarni,tanmayi.nadkarni2039@gmail.com,6266093446,"56/964, Patla Street",Saharanpur
C02040,Ekavir Tiwari,ekavir.tiwari2040@example.in,9647109808,"H.No. 827, Ramachandran Zila",Munger
C02041,Irya Raman,irya.raman2041@hotmail.com,9953946118,"02, Tank Road",Kolhapur
C02042,Isha Chaudhuri,isha.chaudhuri2042@outlook.com,7197997377,"H.No. 410, Bandi Chowk",Hajipur
C02043,Pranit Sabharwal,pranit.sabharwal2043@outlook.com,8748291338,H.No. 325 Thakur Road,Kavali
C02044,Saksham Sharma,saksham.sharma2044@yahoo.com,7491316179,"077, Chatterjee Nagar",Kharagpur
C02045,Pooja Dugar,pooja.dugar2045@outlook.com,6135988021,"61, Upadhyay Nagar",Bhagalpur
C02046,Shaurya Shenoy,shaurya.shenoy2046@yahoo.com,7456194061,"H.No. 537, Shere Path",Pondicherry
C02047,Ekansh Wagle,ekansh.wagle2047@yahoo.com,8318512194,"26, Vohra Nagar",Mumbai
C02048,Charita Natt,charita.natt2048@gmail.com,7954573679,30 Deshmukh Circle,Pimpri-Chinchwad
C02049,Sai Narain,sai.narain2049@gmail.com,6158241433,"H.No. 616, Sheth Path",Bally
C02050,Falguni Kari,falguni.kari2050@example.in,9959640430,"H.No. 348, Bhat Marg",Junagadh
C02051,Harish Uppal,harish.uppal2051@hotmail.com,7995224902,12/046 Mishra Marg,Khora 
C02052,Bakhshi Dalal,bakhshi.dalal2052@outlook.com,7815824431,66/795 Upadhyay Nagar,Mehsana
C02053,Tanvi Edwin,tanvi.edwin2053@example.in,7594423728,"96/232, Jani Zila",Junagadh
C02054,Yashvi Issac,yashvi.issac2054@hotmail.com,8520275245,"H.No. 752, Lad Ganj",Thiruvananthapuram
C02055,Zaitra Dubey,zaitra.dubey2055@gmail.com,8983454229,"17/982, Chanda Street",Raichur
C02056,Farhan Karnik,farhan.karnik2056@gmail.com,7599691573,"56/09, Sant Chowk",Rajpur Sonarpur
C02057,Ikbal Khurana,ikbal.khurana2057@example.in,8281800850,"04/354, Mittal Street",Saharsa
C02058,Ekantika Munshi,ekantika.munshi2058@gmail.com,6655880156,"H.No. 91, Bhatnagar Road",Adoni
C02059,Yochana Pathak,yochana.pathak2059@example.in,9374981368,"01/916, Lad Nagar",Purnia
C02060,Lajita Chacko,lajita.chacko2060@gmail.com,8140980902,H.No. 342 Dua Chowk,Raichur
C02061,Rachana Panchal,rachana.panchal2061@outlook.com,9076838111,42/770 Gupta Ganj,Jhansi
C02062,Falguni Dhar,falguni.dhar2062@hotmail.com,9258700083,96/44 Mandal Road,Sultan Pur Majra
C02063,Parth Khalsa,parth.khalsa2063@hotmail.com,6441092477,65 Mani Chowk,Hospet
C02064,Harsh Dalal,harsh.dalal2064@example.in,9069573435,43/69 Deo,Thrissur
C02065,William Baria,william.baria2065@outlook.com,8423871609,H.No. 13 Mangal Marg,Ludhiana
C02066,Dipta Devan,dipta.devan2066@hotmail.com,9551887343,97/365 Chaudhry Road,Kamarhati
C02067,Michael Ghosh,michael.ghosh2067@example.in,7349452889,"438, Sagar Street",Delhi
C02068,Yash Rege,yash.rege2068@hotmail.com,8868799371,H.No. 31 Palla Road,Patiala
C02069,Theodore Pau,theodore.pau2069@outlook.com,7558459217,30/98 Palan Circle,Karnal
C02070,Umang Khalsa,umang.khalsa2070@gmail.com,8409651586,"21/065, Shere Nagar",Mysore
C02071,Samarth Sibal,samarth.sibal2071@example.in,8676691061,"877, Krishnamurthy Path",Faridabad
C02072,Raksha Mahajan,raksha.mahajan2072@outlook.com,8638382567,"H.No. 949, Zacharia Circle",South Dumdum
C02073,Rohan Desai,rohan.desai2073@outlook.com,6572656709,"H.No. 59, Sood Ganj",Tumkur
C02074,Bachittar Jain,bachittar.jain2074@outlook.com,7499217734,"H.No. 85, Gera Circle",Panihati
C02075,Jacob Samra,jacob.samra2075@hotmail.com,8773738799,"H.No. 117, Bhasin Zila",Alappuzha
C02076,Bhanumati Bhat,bhanumati.bhat2076@outlook.com,7874585572,"191, Solanki Road",Indore
C02077,Sneha Rai,sneha.rai2077@gmail.com,8282764541,69/208 Bhatnagar Street,Ongole
C02078,Om Pandya,om.pandya2078@example.in,8049057814,12/732 Tiwari Ganj,Kozhikode
C02079,Manan Natarajan,manan.natarajan2079@example.in,7318761449,"H.No. 958, Tara Chowk",North Dumdum
C02080,Omisha Devan,omisha.devan2080@gmail.com,7971435634,"321, Ramesh Path",Dindigul
C02081,Vyanjana Apte,vyanjana.apte2081@yahoo.com,7712911296,"851, Raval Nagar",Mira-Bhayandar
C02082,Jagat Choudhary,jagat.choudhary2082@yahoo.com,7159490326,"H.No. 88, Chadha Chowk",Mangalore
C02083,Wyatt Pandya,wyatt.pandya2083@outlook.com,9633300601,"78, Bhatnagar",Guna
C02084,Vansha Raja,vansha.raja2084@hotmail.com,9195954862,"H.No. 717, Mann Path",Mehsana
C02085,Lavanya Dasgupta,lavanya.dasgupta2085@example.in,6486087535,"136, Karan Nagar",Suryapet
C02086,Anamika Vasa,anamika.vasa2086@gmail.com,8551147767,93/211 Raj Zila,Ongole
C02087,Kabir Tank,kabir.tank2087@outlook.com,8639938391,"H.No. 53, Sama Circle",Bongaigaon
C02088,Omya Deep,omya.deep2088@example.in,6992308001,"78/507, Kapoor Ganj",Ahmednagar
C02089,Amrita Badami,amrita.badami2089@example.in,7509493550,"22/729, Devan Road",Buxar
C02090,Ikshita Nayar,ikshita.nayar2090@gmail.com,6615605039,883 Sangha Circle,Siwan
C02091,Balveer Maharaj,balveer.maharaj2091@outlook.com,8064732523,"H.No. 94, Sem Nagar",Hindupur
C02092,Adya Nagy,adya.nagy2092@yahoo.com,8626150950,"37/48, Sood Road",Raipur
C02093,Faras Ravi,faras.ravi2093@gmail.com,7949872278,78/97 Mani Ganj,Muzaffarnagar
C02094,Anmol Kapoor,anmol.kapoor2094@yahoo.com,7016566513,"60/285, Kapoor Path",Berhampur
C02095,Ikbal Ramakrishnan,ikbal.ramakrishnan2095@outlook.com,9570120083,"05/86, Choudhry Nagar",Pimpri-Chinchwad
C02096,Caleb Nagar,caleb.nagar2096@gmail.com,6216543864,"H.No. 879, Ram Chowk",Morena
C02097,Samarth Chopra,samarth.chopra2097@yahoo.com,6137142942,41/42 Barad Chowk,Delhi
C02098,Udant Chanda,udant.chanda2098@gmail.com,9427972017,"47, Radhakrishnan Street",Gulbarga
C02099,Ekantika Naik,ekantika.naik2099@outlook.com,8012563772,"27/27, Merchant Marg",Khora 
C02100,Aarav Arya,aarav.arya2100@outlook.com,7073993576,"01, Natt Chowk",Chennai
C02101,Nitara Saxena,nitara.saxena2101@yahoo.com,7355778293,"H.No. 147, Bawa",Solapur
C02102,Agastya Trivedi,agastya.trivedi2102@hotmail.com,9302561376,"15/877, Golla Path",Mau
C02103,Sai Basak,sai.basak2103@gmail.com,7309257883,45/38 Aurora Chowk,Berhampore
C02104,Aachal Chahal,aachal.chahal2104@hotmail.com,9385608084,"22, Pathak Nagar",Bhiwani
C02105,Daksha Thaman,daksha.thaman2105@hotmail.com,7639005519,"H.No. 46, Mann Circle",Hajipur
C02106,Chandani Deo,chandani.deo2106@yahoo.com,7431676060,"75/441, Oak Marg",Kishanganj
C02107,Rohan Dass,rohan.dass2107@outlook.com,8553314770,"29/69, Chopra Road",Aizawl
C02108,Zayyan Sami,zayyan.sami2108@outlook.com,9985917108,"19/783, Varughese Road",Sambalpur
C02109,Jasmit Kapadia,jasmit.kapadia2109@gmail.com,9466013617,"H.No. 169, Gola Ganj",Ambala
C02110,Eesha Rege,eesha.rege2110@outlook.com,7901960090,91/43 Venkataraman Nagar,Nadiad
C02111,Tripti Ratta,tripti.ratta2111@outlook.com,6025110465,"H.No. 823, Nazareth Marg",Kolhapur
C02112,Imaran Doctor,imaran.doctor2112@gmail.com,6289317448,H.No. 765 Rout Circle,Moradabad
C02113,Benjamin Pillay,benjamin.pillay2113@outlook.com,7756508095,"757, Wason",Jehanabad
C02114,Arya Borde,arya.borde2114@example.in,6355934820,H.No. 94 Johal Street,Naihati
C02115,Ikbal De,ikbal.de2115@example.in,8926370433,H.No. 264 Atwal Chowk,Ambattur
C02116,Niharika Raja,niharika.raja2116@hotmail.com,6246230581,"H.No. 32, Kunda Street",Tirunelveli
C02117,Jalsa Saxena,jalsa.saxena2117@example.in,6260306682,02 Karnik,Fatehpur
C02118,Kashvi Gill,kashvi.gill2118@outlook.com,7402232606,H.No. 431 Jhaveri Road,Alappuzha
C02119,Yadavi Kohli,yadavi.kohli2119@gmail.com,7115068443,338 Sama Street,Jalandhar
C02120,Jagrati Raju,jagrati.raju2120@outlook.com,6786915900,"39/657, Johal Path",Rajkot
C02121,Charan Narayan,charan.narayan2121@gmail.com,9932351082,H.No. 315 Sami Chowk,Asansol
C02122,Ishanvi Aggarwal,ishanvi.aggarwal2122@gmail.com,6715469941,05 Chhabra Ganj,Sultan Pur Majra
C02123,Ijaya Chada,ijaya.chada2123@gmail.com,7320019621,00/58 Ganesh Circle,Begusarai
C02124,Kalpit Wali,kalpit.wali2124@outlook.com,8120969691,29/525 Manda Path,Udupi
C02125,Jack Gour,jack.gour2125@yahoo.com,8845647530,"94, Nagi Chowk",Hyderabad
C02126,Arjun Bawa,arjun.bawa2126@yahoo.com,9707050099,"20/89, Bajwa Street",Kirari Suleman Nagar
C02127,Ladli Johal,ladli.johal2127@outlook.com,6239027773,H.No. 011 Talwar Street,Medininagar
C02128,Yashasvi Prabhakar,yashasvi.prabhakar2128@hotmail.com,6335150385,"52/24, Majumdar Zila",Sirsa
C02129,Ekta Konda,ekta.konda2129@gmail.com,9356346789,"H.No. 97, Mittal Ganj",Kottayam
C02130,Dayamai Mani,dayamai.mani2130@hotmail.com,9708825463,41/195 Chad Zila,Aurangabad
C02131,Gabriel Kala,gabriel.kala2131@yahoo.com,9936101948,"58, Master Ganj",Vijayawada
C02132,Hamsini Gara,hamsini.gara2132@outlook.com,9446295542,"932, Dutt",Asansol
C02133,Nitesh Chatterjee,nitesh.chatterjee2133@outlook.com,7603077087,"43/181, Rastogi Chowk",Lucknow
C02134,Jai Kata,jai.kata2134@example.in,7026727243,96/40 Sani Nagar,Sagar
C02135,Maanas Nath,maanas.nath2135@hotmail.com,6913186229,623 Kamdar Marg,Sambhal
C02136,Bhavika Thakur,bhavika.thakur2136@hotmail.com,8339023111,"70, Salvi Ganj",Sasaram
C02137,Sarthak Date,sarthak.date2137@gmail.com,7589372048,401 Ganesan Road,Bijapur
C02138,Tamanna Thakur,tamanna.thakur2138@example.in,6992003080,H.No. 32 Vig Nagar,Salem
C02139,Ekanta Deshpande,ekanta.deshpande2139@gmail.com,8826697652,"H.No. 25, Shenoy Circle",Naihati
C02140,Udant Narain,udant.narain2140@gmail.com,8972466157,60 Lal Zila,Amaravati
C02141,Chaitaly Raju,chaitaly.raju2141@example.in,6995383343,50/254 Malhotra Zila,Phusro
C02142,Nikita Subramaniam,nikita.subramaniam2142@gmail.com,6130778577,89/090 Dass Nagar,Machilipatnam
C02143,Janya Brahmbhatt,janya.brahmbhatt2143@gmail.com,8576641977,"H.No. 896, Kota Circle",Latur
C02144,Bishakha Dugal,bishakha.dugal2144@yahoo.com,8852499308,52/457 Anne,Belgaum
C02145,Oscar Wali,oscar.wali2145@hotmail.com,8701812311,H.No. 592 Sama Nagar,Kanpur
C02146,Kalpit Samra,kalpit.samra2146@yahoo.com,7927755013,"21/661, Shetty Chowk",Narasaraopet
C02147,Mason Dugar,mason.dugar2147@hotmail.com,7008510585,H.No. 99 Bala Ganj,Kolhapur
C02148,Advaith Mandal,advaith.mandal2148@hotmail.com,8135366756,"65/140, Hari Street",Kurnool
C02149,Elijah Mohan,elijah.mohan2149@outlook.com,9276607172,"85, Mangal Zila",Nanded
C02150,Agastya Srinivasan,agastya.srinivasan2150@outlook.com,8989825041,"08/04, Bhandari Chowk",Hyderabad
C02151,Aishani Samra,aishani.samra2151@hotmail.com,6418619203,92 Karnik Circle,Jamalpur
C02152,Shivansh Bir,shivansh.bir2152@yahoo.com,9608520702,H.No. 83 Morar,Bulandshahr
C02153,Ati Jhaveri,ati.jhaveri2153@hotmail.com,9175455295,"45/31, Nigam",Raiganj
C02154,Meghana Seth,meghana.seth2154@hotmail.com,7785035338,66/891 Lanka Ganj,Ichalkaranji
C02155,Gaurika Chand,gaurika.chand2155@yahoo.com,7223162960,088 Kohli Nagar,Jabalpur
C02156,Abhimanyu Nayar,abhimanyu.nayar2156@example.in,9049101954,"H.No. 90, Keer Path",Kakinada
C02157,Madhav Singh,madhav.singh2157@example.in,8418390714,"H.No. 493, Samra Path",Sangli-Miraj & Kupwad
C02158,Ikbal Vora,ikbal.vora2158@yahoo.com,6409769820,"227, Bhavsar Circle",Tadipatri
C02159,Ria Sawhney,ria.sawhney2159@yahoo.com,6201189992,"H.No. 20, Dara Zila",Howrah
C02160,Daniel Raval,daniel.raval2160@yahoo.com,9140832958,518 Dass Zila,Kulti
C02161,Vincent Barman,vincent.barman2161@hotmail.com,9103850350,"31/806, Manne",Bhiwani
C02162,Patrick More,patrick.more2162@gmail.com,9083258968,"694, Chakrabarti Zila",Bihar Sharif
C02163,Dayita Memon,dayita.memon2163@example.in,8370156796,"H.No. 241, Choudhary Road",Bikaner
C02164,Ryan Banerjee,ryan.banerjee2164@example.in,9965557051,"H.No. 457, Kota Circle",Junagadh
C02165,Jonathan Bose,jonathan.bose2165@example.in,7534437170,"H.No. 66, Bajaj Nagar",Nagaon
C02166,Dev Bhatia,dev.bhatia2166@outlook.com,8874394104,"044, Behl",Dewas
C02167,Jyoti Ranganathan,jyoti.ranganathan2167@outlook.com,6497952790,"H.No. 45, Saini Circle",Saharanpur
C02168,Nilima Oommen,nilima.oommen2168@yahoo.com,8779201523,"58, Natt Path",Panchkula
C02169,Siya Sahni,siya.sahni2169@yahoo.com,7710814281,"538, Sehgal Street",Raurkela Industrial Township
C02170,Falguni Mittal,falguni.mittal2170@example.in,6352793058,82/30 Desai Path,Bhimavaram
C02171,Tanish Sachdeva,tanish.sachdeva2171@gmail.com,7105543309,H.No. 743 Varghese,Kamarhati
C02172,Ryan Rajagopalan,ryan.rajagopalan2172@outlook.com,6837102532,"H.No. 661, Chacko Street",Srikakulam
C02173,Champak Om,champak.om2173@yahoo.com,7066451018,"39/45, Madan Road",Bihar Sharif
C02174,Siya Apte,siya.apte2174@outlook.com,6141262980,"563, Kapoor Ganj",Bhagalpur
C02175,Baghyawati Murty,baghyawati.murty2175@gmail.com,8857896476,H.No. 135 Doshi Path,Ajmer
C02176,Jatin Banik,jatin.banik2176@gmail.com,6565344406,"52/55, Agrawal Road",Bhind
C02177,Falak Arya,falak.arya2177@gmail.com,6190124796,"716, Nagarajan Nagar",Chennai
C02178,Chanakya Naidu,chanakya.naidu2178@outlook.com,9352277144,"399, Bansal",Hindupur
C02179,Vedant Shanker,vedant.shanker2179@outlook.com,7526479790,"48/32, Patil Chowk",Saharanpur
C02180,Aryan Trivedi,aryan.trivedi2180@hotmail.com,9627612326,H.No. 11 Narayan Marg,Hindupur
C02181,Aarnav Bora,aarnav.bora2181@hotmail.com,9706993389,"650, Balan Circle",Amravati
C02182,Rajeshri Buch,rajeshri.buch2182@hotmail.com,7878872668,21 Pau,Rajkot
C02183,Isha Buch,isha.buch2183@yahoo.com,9541126031,"622, Parekh Street",Hubli–Dharwad
C02184,Anya Bir,anya.bir2184@outlook.com,6038759505,431 Upadhyay Ganj,Tiruchirappalli
C02185,Edhitha Grewal,edhitha.grewal2185@outlook.com,8270801997,43/538 Aggarwal Path,Bhilai
C02186,David Subramaniam,david.subramaniam2186@hotmail.com,8498553423,"H.No. 112, Parikh",Rampur
C02187,Bimala Jain,bimala.jain2187@example.in,9486114063,41/55 Wali Zila,Dharmavaram
C02188,Shivansh Talwar,shivansh.talwar2188@hotmail.com,7502214610,"94/810, Gola Marg",Sagar
C02189,Januja Datta,januja.datta2189@hotmail.com,8675515021,"34, Raja",Davanagere
C02190,Ati Dhar,ati.dhar2190@gmail.com,7962552028,"90, Babu Chowk",Agra
C02191,Laban Banik,laban.banik2191@hotmail.com,8963002400,H.No. 547 Agarwal,Kanpur
C02192,Ishanvi Boase,ishanvi.boase2192@example.in,8710926427,073 Randhawa Zila,Kota
C02193,Turvi Rau,turvi.rau2193@outlook.com,6968096855,94/28 Dugar Chowk,Dharmavaram
C02194,Gayathri Pillai,gayathri.pillai2194@outlook.com,6671325911,H.No. 52 Prabhu Road,Mumbai
C02195,Jairaj Pathak,jairaj.pathak2195@gmail.com,7737372399,"719, Sachdeva",Bihar Sharif
C02196,Manthan Bath,manthan.bath2196@yahoo.com,9211790981,"997, Pant Chowk",Ajmer
C02197,Yatin Narang,yatin.narang2197@yahoo.com,6132041044,04 Dara Circle,Shimla
C02198,Aarna Barad,aarna.barad2198@hotmail.com,9810588435,01 Gokhale Chowk,Proddatur
C02199,Vihaan Bhargava,vihaan.bhargava2199@outlook.com,7606176962,"H.No. 03, Balay",Kottayam
C02200,Bhavya Morar,bhavya.morar2200@gmail.com,7094058964,47/56 Rout Zila,Bhiwani
C02201,Indali Magar,indali.magar2201@hotmail.com,9541791241,57/71 Ahuja Chowk,Firozabad
C02202,Yashawini Chokshi,yashawini.chokshi2202@example.in,6848853030,"H.No. 481, Balan Nagar",Coimbatore
C02203,Mitali Chadha,mitali.chadha2203@example.in,7318429580,79/95 Sant Path,Chinsurah
C02204,Charvi Rai,charvi.rai2204@gmail.com,8649808344,"09/869, Banik Circle",Guntur
C02205,Tanmayi Oza,tanmayi.oza2205@example.in,9049824963,"97, Mody Circle",Visakhapatnam
C02206,Bhavya Bains,bhavya.bains2206@example.in,9512542709,"577, Dar Marg",Patiala
C02207,Bhavika Bobal,bhavika.bobal2207@yahoo.com,9691923828,23 Sachdev Nagar,Mathura
C02208,Anthony Khatri,anthony.khatri2208@hotmail.com,8037047751,H.No. 53 Bansal Road,Mira-Bhayandar
C02209,Vincent Mutti,vincent.mutti2209@hotmail.com,9251445922,"H.No. 31, Behl Zila",Bikaner
C02210,Shravya Kari,shravya.kari2210@hotmail.com,9995472802,H.No. 29 Narain Zila,Kottayam
C02211,Aradhana Andra,aradhana.andra2211@yahoo.com,9877619356,H.No. 148 Krishnan Ganj,Korba
C02212,Patrick Bala,patrick.bala2212@gmail.com,9143660008,"15, Mukhopadhyay Circle",Howrah
C02213,Quincy Bose,quincy.bose2213@outlook.com,6689307937,H.No. 35 Bhatia Ganj,Miryalaguda
C02214,Daksha Kohli,daksha.kohli2214@gmail.com,6831307495,"52/078, Hegde Nagar",Jodhpur
C02215,Raghav Kade,raghav.kade2215@hotmail.com,8379139027,"062, Subramanian Ganj",Jalna
C02216,Caleb Talwar,caleb.talwar2216@hotmail.com,7457042902,"H.No. 79, Taneja Road",Gurgaon
C02217,Gopal Borah,gopal.borah2217@outlook.com,8105664043,"18/456, Saxena Zila",Jabalpur
C02218,Faqid Baria,faqid.baria2218@example.in,9081490643,"10/12, Nigam Ganj",Maheshtala
C02219,Qarin Rao,qarin.rao2219@example.in,9589873969,H.No. 834 Batta Path,Nagercoil
C02220,Gayathri Sarraf,gayathri.sarraf2220@hotmail.com,8702166728,"904, Rau Circle",Kota
C02221,Jagvi Bhandari,jagvi.bhandari2221@hotmail.com,6334667644,79 Kapur Street,Vasai-Virar
C02222,Vedant Sawhney,vedant.sawhney2222@gmail.com,8704687329,H.No. 20 Rajagopal Chowk,Bilaspur
C02223,Ekani Prashad,ekani.prashad2223@gmail.com,6501518746,"06/33, Srinivas Circle",Gandhinagar
C02224,Lohit Mani,lohit.mani2224@outlook.com,7573957270,76/21 Memon Ganj,Pune
C02225,Rachita Deshpande,rachita.deshpande2225@gmail.com,8997546062,"017, Zacharia Path",Panvel
C02226,Aarav Gopal,aarav.gopal2226@hotmail.com,7043780774,"532, Saxena Nagar",Latur
C02227,Girik Rama,girik.rama2227@hotmail.com,9240956603,98 Vala Ganj,Yamunanagar
C02228,Sanaya Nagar,sanaya.nagar2228@hotmail.com,7751048146,69/997 Nagy Chowk,Thiruvananthapuram
C02229,Isaiah Saini,isaiah.saini2229@example.in,9382396009,"925, Sridhar Circle",Siwan
C02230,Abeer Misra,abeer.misra2230@hotmail.com,7129927348,"H.No. 25, Edwin Chowk",Pimpri-Chinchwad
C02231,Meghana Lata,meghana.lata2231@hotmail.com,8624615697,48/283 Kalla Street,Sambhal
C02232,Kabir Wali,kabir.wali2232@outlook.com,6132199465,"21/242, Mohanty Circle",Alwar
C02233,Vansha Mahajan,vansha.mahajan2233@yahoo.com,8632678867,H.No. 29 Narayan Road,Hyderabad
C02234,Ekalinga Mander,ekalinga.mander2234@example.in,8957611017,020 Patil Circle,Bikaner
C02235,Aditya Tandon,aditya.tandon2235@hotmail.com,7990138262,64/204 Lal Road,Mysore
C02236,Yashvi Doctor,yashvi.doctor2236@example.in,9121728158,"H.No. 014, Balakrishnan Ganj",Warangal
C02237,Zaid Shukla,zaid.shukla2237@yahoo.com,7353291656,85/446 Dasgupta Road,Bhalswa Jahangir Pur
C02238,Rehaan Gera,rehaan.gera2238@outlook.com,6237437253,"76/162, Mane Chowk",Nanded
C02239,Damyanti Barad,damyanti.barad2239@gmail.com,6449973688,"H.No. 07, Hayer Ganj",Fatehpur
C02240,Nitara Sachdeva,nitara.sachdeva2240@yahoo.com,6436153777,20 Khare Circle,Karawal Nagar
C02241,Thomas Varughese,thomas.varughese2241@outlook.com,6821829539,203 Khare Circle,Gorakhpur
C02242,Anay Gulati,anay.gulati2242@example.in,7915353081,H.No. 009 Sura Street,Morbi
C02243,Nirja Sandal,nirja.sandal2243@gmail.com,7639219885,35/22 Loke Ganj,Shivpuri
C02244,Karan Sangha,karan.sangha2244@gmail.com,6920274047,"56, Rajan Circle",Mirzapur
C02245,Mason Pall,mason.pall2245@hotmail.com,7766966781,"64/53, Misra",Pimpri-Chinchwad
C02246,Nisha Sengupta,nisha.sengupta2246@outlook.com,6786320842,"16/15, Deo Marg",Thrissur
C02247,Gunbir Kara,gunbir.kara2247@hotmail.com,9948963293,H.No. 13 Choudhry Ganj,Bettiah
C02248,Harini Agrawal,harini.agrawal2248@gmail.com,6057211839,22/93 Vig Chowk,Bidar
C02249,Sudiksha Badal,sudiksha.badal2249@example.in,7154132133,"48/611, Loyal Road",Secunderabad
C02250,Vasatika Nadig,vasatika.nadig2250@gmail.com,6727525336,"65, Ravel Zila",Phusro
C02251,Liam Ram,liam.ram2251@hotmail.com,6384229653,811 Parmer Chowk,Motihari
C02252,Bhavika Krishnan,bhavika.krishnan2252@example.in,7287419672,70 Samra Marg,Shimoga
C02253,Bakhshi Kapoor,bakhshi.kapoor2253@outlook.com,7544412203,57/453 Prashad Path,Burhanpur
C02254,Tanvi Rau,tanvi.rau2254@yahoo.com,8467111165,19/501 Bail Ganj,Dhule
C02255,Ekantika Rau,ekantika.rau2255@yahoo.com,8977780742,15/57 Barad Nagar,Aizawl
C02256,Vasatika Raja,vasatika.raja2256@outlook.com,7857413090,"H.No. 86, Shukla Circle",Avadi
C02257,Isaac Palla,isaac.palla2257@example.in,7042030264,"36/637, Rajan Circle",Purnia
C02258,Balveer Bava,balveer.bava2258@example.in,6775617666,H.No. 28 Gokhale Path,Srinagar
C02259,Ekantika Krishna,ekantika.krishna2259@outlook.com,6028033325,H.No. 156 Oommen Road,Guna
C02260,Faras Sabharwal,faras.sabharwal2260@yahoo.com,6671645243,"60/378, Brahmbhatt Marg",Buxar
C02261,Amaira Pingle,amaira.pingle2261@yahoo.com,8303714987,16/943 Edwin Zila,Jamshedpur
C02262,Zehaan Rastogi,zehaan.rastogi2262@hotmail.com,6245132456,"46, Tiwari Ganj",Amroha
C02263,Balendra Mani,balendra.mani2263@yahoo.com,7584253250,"69/24, Lal Road",Guwahati
C02264,Mitesh Walla,mitesh.walla2264@example.in,6740009735,"79, Chadha",Saharanpur
C02265,Chandani Nigam,chandani.nigam2265@example.in,6317929184,"H.No. 90, Char",Raipur
C02266,Yoshita Bajaj,yoshita.bajaj2266@yahoo.com,6321794985,181 Shroff Road,Meerut
C02267,William Pal,william.pal2267@gmail.com,6963551235,"02/16, Ravel",Chandrapur
C02268,David Bora,david.bora2268@yahoo.com,7786563440,"30/267, Narayanan Street",Lucknow
C02269,Triveni Gade,triveni.gade2269@gmail.com,6473751908,"04, Srinivas Circle",Kolhapur
C02270,Inaya Ghosh,inaya.ghosh2270@hotmail.com,9970047816,"H.No. 417, Sachdev",Gorakhpur
C02271,Harshil Kalita,harshil.kalita2271@hotmail.com,7529726963,"57, Saha Zila",Narasaraopet
C02272,Amrita Sampath,amrita.sampath2272@yahoo.com,7590014742,19/720 Mukhopadhyay Zila,Bangalore
C02273,Chasmum Dhingra,chasmum.dhingra2273@yahoo.com,7741680347,"69, Tripathi Zila",Pudukkottai
C02274,Arya Mohanty,arya.mohanty2274@example.in,9336581422,199 Pall Circle,Belgaum
C02275,Matthew Sodhi,matthew.sodhi2275@gmail.com,9876677551,"27, Bakshi Street",Bokaro
C02276,Gaurangi Jhaveri,gaurangi.jhaveri2276@yahoo.com,8303757537,"90/38, Rout Circle",Bihar Sharif
C02277,Reyansh Pandya,reyansh.pandya2277@gmail.com,8448197821,"28/65, Gokhale Path",Sambalpur
C02278,Kritika Dhaliwal,kritika.dhaliwal2278@example.in,9978133697,71 Thakkar Ganj,Sangli-Miraj & Kupwad
C02279,Anya Rana,anya.rana2279@example.in,7394669258,"04, Parmer Ganj",Varanasi
C02280,Triya Peri,triya.peri2280@yahoo.com,8452747960,"75, Barad Chowk",Howrah
C02281,Idika Bassi,idika.bassi2281@example.in,7399036364,"86/51, Kothari Nagar",Adoni
C02282,Udarsh Nori,udarsh.nori2282@gmail.com,9499672578,"638, Narayanan Circle",Bardhaman
C02283,Pahal Bhatti,pahal.bhatti2283@outlook.com,6912257756,94/50 Memon Marg,Kurnool
C02284,Mohammed Natarajan,mohammed.natarajan2284@outlook.com,9610185808,94 Patla Street,Bhavnagar
C02285,Azad Banik,azad.banik2285@yahoo.com,8003316933,H.No. 40 Mallick,Hapur
C02286,Omaja Sandhu,omaja.sandhu2286@yahoo.com,7650534083,590 Butala Circle,Thrissur
C02287,Hitesh Karpe,hitesh.karpe2287@example.in,8377312222,"58/584, Mannan Zila",Silchar
C02288,Jyoti Rau,jyoti.rau2288@example.in,9141004336,74/754 Purohit Ganj,Kalyan-Dombivli
C02289,Wakeeta Som,wakeeta.som2289@hotmail.com,7754167181,"H.No. 13, Rajagopalan Street",Dhanbad
C02290,Jackson Parmer,jackson.parmer2290@example.in,6850538167,163 Dyal Road,Karimnagar
C02291,Azad Aurora,azad.aurora2291@gmail.com,7350574647,539 Kaul,Hindupur
C02292,Januja Prabhakar,januja.prabhakar2292@example.in,8963745458,"60/597, Majumdar Ganj",Panihati
C02293,Zilmil Peri,zilmil.peri2293@outlook.com,9911003947,"H.No. 51, Oommen Chowk",Bilaspur
C02294,Rajata Krishna,rajata.krishna2294@hotmail.com,8574664468,"22/866, Sachar Chowk",Bhubaneswar
C02295,Chaaya Parsa,chaaya.parsa2295@hotmail.com,8567343916,"05/549, Shan Road",Nangloi Jat
C02296,Watika Goda,watika.goda2296@outlook.com,9582520695,"H.No. 629, Roy Circle",Karimnagar
C02297,Triya Badal,triya.badal2297@outlook.com,9785610346,H.No. 28 Wali Ganj,Bhusawal
C02298,Harrison Chaudhari,harrison.chaudhari2298@example.in,9577948547,04 Gola Nagar,Saharanpur
C02299,Yatin Kar,yatin.kar2299@outlook.com,7699656714,H.No. 561 Vyas Ganj,Bhind
C02300,Priya Das,priya.das2300@example.in,9373485973,"30/153, Wali Zila",Patiala
C02301,Quincy Ratta,quincy.ratta2301@gmail.com,6888804859,94/12 Savant Marg,Kurnool
C02302,Ishanvi Naidu,ishanvi.naidu2302@example.in,8736147392,H.No. 50 Nayar Nagar,Thiruvananthapuram
C02303,Manthan Roy,manthan.roy2303@yahoo.com,6531627638,"H.No. 16, Venkataraman Zila",Moradabad
C02304,Darika Saraf,darika.saraf2304@gmail.com,8666356159,60/943 Goswami Path,Bettiah
C02305,Indrajit Kant,indrajit.kant2305@yahoo.com,7056118333,"86/39, Agrawal Ganj",Kakinada
C02306,Chaman Bajaj,chaman.bajaj2306@gmail.com,8698411186,"H.No. 304, Sagar Path",Ghaziabad
C02307,Ikshita Narayan,ikshita.narayan2307@yahoo.com,6010914098,"09/30, Gade Street",Bidhannagar
C02308,Deepa Dar,deepa.dar2308@gmail.com,7653381502,226 Tara Street,Panvel
C02309,Daniel Varma,daniel.varma2309@hotmail.com,6074205146,83 Dhawan Circle,Gangtok
C02310,Indira Iyengar,indira.iyengar2310@gmail.com,8939371126,H.No. 79 Mohan Path,Hyderabad
C02311,Faras Chaudhry,faras.chaudhry2311@gmail.com,8038185494,"22, Kothari Path",Danapur
C02312,Mitesh Rama,mitesh.rama2312@gmail.com,8361428486,"07, Garg Chowk",Allahabad
C02313,Udyati Sawhney,udyati.sawhney2313@hotmail.com,6795448923,"21/96, Khalsa Street",Bijapur
C02314,Tripti Prashad,tripti.prashad2314@gmail.com,8057385230,53 Raman Circle,Patna
C02315,Jai Sarraf,jai.sarraf2315@hotmail.com,7918999852,354 Sehgal Ganj,Karaikudi
C02316,Ekalinga Patil,ekalinga.patil2316@hotmail.com,7455220424,09/75 Ramesh Chowk,Amravati
C02317,Vedhika Krishnamurthy,vedhika.krishnamurthy2317@example.in,7345641008,"36/16, Subramanian Path",Navi Mumbai
C02318,Nihal Shah,nihal.shah2318@outlook.com,7011096173,H.No. 55 Wali Nagar,Surat
C02319,Yamini Mutti,yamini.mutti2319@hotmail.com,7752685971,"H.No. 085, Tara Marg",Rohtak
C02320,Aradhana Kaur,aradhana.kaur2320@example.in,6662481412,"97, Contractor Nagar",Karimnagar
C02321,Damini Pathak,damini.pathak2321@hotmail.com,7028489171,"46, Kapadia Chowk",Howrah
C02322,Urishilla Patil,urishilla.patil2322@gmail.com,6103610722,91 Sandhu Road,Barasat
C02323,Advaith Borah,advaith.borah2323@example.in,7721316290,"H.No. 59, Bhavsar Zila",Bhubaneswar
C02324,Janani Kothari,janani.kothari2324@gmail.com,6535862905,17/73 Salvi Road,Mirzapur
C02325,Tanvi Zachariah,tanvi.zachariah2325@gmail.com,6103486639,"981, Gupta Zila",Baranagar
C02326,Aarna Chawla,aarna.chawla2326@yahoo.com,9230592421,"28/375, Chaudhari Zila",Amravati
C02327,Gayathri Bora,gayathri.bora2327@yahoo.com,7527895105,"441, Oommen Nagar",Ratlam
C02328,Qabil Rama,qabil.rama2328@gmail.com,7686931823,H.No. 48 Sen Ganj,Agra
C02329,Yochana Raman,yochana.raman2329@outlook.com,6510775494,H.No. 193 Venkataraman Marg,Gandhinagar
C02330,Faqid Ghosh,faqid.ghosh2330@example.in,7157007474,"H.No. 53, Sandal Ganj",Dewas
C02331,Kalpit Shroff,kalpit.shroff2331@gmail.com,8702692789,"714, Nair Zila",Pali
C02332,Ganga Bhatti,ganga.bhatti2332@hotmail.com,6594263693,581 Dani Chowk,Mira-Bhayandar
C02333,Kai Roy,kai.roy2333@yahoo.com,7864331391,"95, Varughese Zila",Tirupati
C02334,Ishwar Butala,ishwar.butala2334@gmail.com,7016860156,"19, Amble Zila",Bhimavaram
C02335,Nidra Dua,nidra.dua2335@gmail.com,8090708417,"94, Prabhu Circle",Tiruppur
C02336,Shravya Oak,shravya.oak2336@hotmail.com,7856893733,68 Golla Chowk,Akola
C02337,Balhaar Mistry,balhaar.mistry2337@example.in,8744193070,"50/70, Patil Chowk",Pondicherry
C02338,Baljiwan Sampath,baljiwan.sampath2338@example.in,8353073461,"69, Mann Marg",Chandrapur
C02339,Radhika Pant,radhika.pant2339@hotmail.com,7351485670,836 Dada Circle,Varanasi
C02340,Fiyaz Krishnamurthy,fiyaz.krishnamurthy2340@example.in,7929557598,"29/78, Ben Street",Motihari
C02341,Ganga Sura,ganga.sura2341@yahoo.com,9939570290,"79/868, Subramanian Street",Panvel
C02342,Eshana Divan,eshana.divan2342@outlook.com,6906897463,"71/182, Ramanathan Chowk",Ratlam
C02343,Yash Swamy,yash.swamy2343@outlook.com,6625998021,55/00 Khanna Street,Bahraich
C02344,Xiti Patil,xiti.patil2344@outlook.com,8406054356,H.No. 52 Sibal Path,Satara
C02345,Udant Memon,udant.memon2345@outlook.com,6756931309,H.No. 815 Choudhary,Muzaffarpur
C02346,Finn Rama,finn.rama2346@gmail.com,8404532561,"42/849, Warrior Path",Nandyal
C02347,Inaya Jaggi,inaya.jaggi2347@yahoo.com,7178768264,"H.No. 821, Prabhu Zila",Thoothukudi
C02348,Ekavir Nagi,ekavir.nagi2348@gmail.com,9683908300,221 Bajaj Road,Dibrugarh
C02349,Amrita Bhargava,amrita.bhargava2349@example.in,6818197575,"780, Sathe Zila",Panihati
C02350,Gauri Loyal,gauri.loyal2350@yahoo.com,8338145220,H.No. 728 Bajaj,Morbi
C02351,Bahadurjit Bhalla,bahadurjit.bhalla2351@yahoo.com,8435886028,"03, Chacko Road",Sangli-Miraj & Kupwad
C02352,Advaith Master,advaith.master2352@yahoo.com,8504013082,15/26 Mahal Street,Siwan
C02353,Chatresh Pillay,chatresh.pillay2353@yahoo.com,7997143049,"806, Sha Road",Bihar Sharif
C02354,Om Choudhury,om.choudhury2354@outlook.com,6468158566,H.No. 479 Baral Chowk,Ghaziabad
C02355,Widisha Sem,widisha.sem2355@gmail.com,9993098911,H.No. 05 Madan Zila,Jorhat
C02356,Garima Bora,garima.bora2356@yahoo.com,8446947778,H.No. 05 Banik Road,Jalgaon
C02357,Oscar Buch,oscar.buch2357@hotmail.com,9419673709,H.No. 77 Suresh Street,Muzaffarnagar
C02358,Rishi Bhakta,rishi.bhakta2358@outlook.com,6376179699,14 Solanki Zila,Jorhat
C02359,Garima Sarna,garima.sarna2359@yahoo.com,9666768817,66/77 Babu Street,Coimbatore
C02360,Theodore Behl,theodore.behl2360@yahoo.com,8061338982,"120, Nagarajan",Satara
C02361,Widisha Yogi,widisha.yogi2361@hotmail.com,9855952952,"846, Ratta Circle",Vasai-Virar
C02362,Finn Gara,finn.gara2362@example.in,8063742111,"23, Sheth Ganj",Bilaspur
C02363,Panini Garg,panini.garg2363@yahoo.com,9955567648,"876, Varma Zila",Thiruvananthapuram
C02364,Dominic Bahl,dominic.bahl2364@example.in,8801127808,"H.No. 015, Ahuja Circle",Jammu
C02365,Praneel Shukla,praneel.shukla2365@gmail.com,8639566024,"33/99, Jain Ganj",Narasaraopet
C02366,Mitesh Kapadia,mitesh.kapadia2366@example.in,6145004331,"H.No. 210, Dewan Circle",Ujjain
C02367,Laksh Parikh,laksh.parikh2367@gmail.com,6054917578,"70/89, Boase Nagar",Bhiwandi
C02368,Darsh Oak,darsh.oak2368@yahoo.com,8627596961,64/36 Padmanabhan Zila,Kakinada
C02369,Kavya Bhagat,kavya.bhagat2369@yahoo.com,8219744732,"73/26, Merchant Chowk",Jalgaon
C02370,Nakul Menon,nakul.menon2370@outlook.com,8930876347,941 Baral Road,Bhagalpur
C02371,Lajita Sahni,lajita.sahni2371@outlook.com,8771965741,H.No. 03 Johal Ganj,Bettiah
C02372,Girish Tella,girish.tella2372@example.in,9424350641,"H.No. 07, Sankar",Guntakal
C02373,Harrison Uppal,harrison.uppal2373@hotmail.com,9652358275,"H.No. 737, Madan Nagar",Gangtok
C02374,Abdul Kuruvilla,abdul.kuruvilla2374@example.in,8548551019,"H.No. 561, Narayan Circle",Kulti
C02375,Ubika Bahl,ubika.bahl2375@yahoo.com,9588925249,436 Pandit Zila,Varanasi
C02376,Upkaar Pillai,upkaar.pillai2376@example.in,6639401037,"030, Bajaj Street",Thrissur
C02377,Yochana Bhatnagar,yochana.bhatnagar2377@outlook.com,8120340237,"H.No. 401, Gulati Road",Sikar
C02378,Ethan Gade,ethan.gade2378@gmail.com,9113760113,925 Prabhu Street,Hospet
C02379,Leena Subramanian,leena.subramanian2379@gmail.com,9079963819,21 Butala Road,Jodhpur
C02380,Jyoti Narang,jyoti.narang2380@example.in,6626587005,H.No. 19 Agate Path,Dindigul
C02381,Patrick Parmer,patrick.parmer2381@hotmail.com,6869589605,686 Sharaf Street,Dibrugarh
C02382,Wazir Chadha,wazir.chadha2382@example.in,7277393564,"H.No. 399, Sharma",Madurai
C02383,Manya Mitter,manya.mitter2383@hotmail.com,9935942539,87/093 Shetty Zila,Lucknow
C02384,Bahadurjit Kamdar,bahadurjit.kamdar2384@example.in,9340537715,"76, Narayan Nagar",Berhampur
C02385,Anmol Keer,anmol.keer2385@gmail.com,9162097891,42/84 Parsa Zila,Mangalore
C02386,Manan Ganesh,manan.ganesh2386@gmail.com,9730199576,60 Bhakta Chowk,Pimpri-Chinchwad
C02387,Nirja Palla,nirja.palla2387@hotmail.com,8936643766,93/21 Dhawan Circle,Bathinda
C02388,Elijah Patil,elijah.patil2388@outlook.com,6140664062,"71/947, Bali Nagar",Rewa
C02389,Mohini Khatri,mohini.khatri2389@gmail.com,8205136609,"95/24, Dube Street",Sri Ganganagar
C02390,Yug Lad,yug.lad2390@gmail.com,8899039167,"06, Sarna",Panchkula
C02391,Lavanya Narayanan,lavanya.narayanan2391@gmail.com,7928416544,"H.No. 506, D’Alia Circle",Guntur
C02392,Naveen Agarwal,naveen.agarwal2392@hotmail.com,9299722495,"45/88, Parsa Road",Tirunelveli
C02393,Chandani Ganesan,chandani.ganesan2393@outlook.com,9278149469,"68, Krishnamurthy Ganj",Bihar Sharif
C02394,Omisha Badami,omisha.badami2394@example.in,9342651834,12/41 Sachdev Ganj,Raichur
C02395,Jyoti Suresh,jyoti.suresh2395@gmail.com,9018851671,"H.No. 105, Biswas Nagar",Ramagundam
C02396,Sai Dyal,sai.dyal2396@example.in,8331600608,"715, Bhatti Marg",Chinsurah
C02397,Aarush Raval,aarush.raval2397@yahoo.com,9293501093,32/986 Contractor,Agartala
C02398,Chaitanya Venkatesh,chaitanya.venkatesh2398@hotmail.com,8882360252,"444, Sharaf Marg",Bhind
C02399,Warjas Walla,warjas.walla2399@example.in,6112527608,87/722 Rajagopalan Marg,Thrissur
C02400,Victor Chada,victor.chada2400@example.in,9432612368,14 Sharaf Street,Gurgaon
C02401,Theodore Tara,theodore.tara2401@yahoo.com,8876885281,"H.No. 845, Bali Zila",Salem
C02402,Chavvi Narain,chavvi.narain2402@outlook.com,6612869615,H.No. 77 Oza Marg,Kottayam
C02403,Wridesh Kurian,wridesh.kurian2403@hotmail.com,7841646038,41/84 Anne Nagar,Pondicherry
C02404,Damyanti Savant,damyanti.savant2404@example.in,7222280442,"H.No. 421, Saran Road",Khora 
C02405,Samuel Mani,samuel.mani2405@outlook.com,7886970869,"62/84, Goda Zila",Chennai
C02406,Ekiya Agate,ekiya.agate2406@gmail.com,8540191093,"H.No. 75, Luthra Nagar",Phagwara
C02407,Faris Mishra,faris.mishra2407@yahoo.com,9444264276,80 Naidu Zila,Nagaon
C02408,Hemangini Baria,hemangini.baria2408@example.in,7269447552,50 Dey Marg,Amravati
C02409,Fariq Vig,fariq.vig2409@gmail.com,9763811266,"37, Karan Ganj",Kozhikode
C02410,Anusha Kakar,anusha.kakar2410@example.in,6194599621,03/65 Mody Ganj,Thrissur
C02411,Nakul Pillay,nakul.pillay2411@outlook.com,8716497803,776 Ramachandran Ganj,Kavali
C02412,Lekha Saraf,lekha.saraf2412@gmail.com,7164991288,"40/925, Gera Chowk",Nanded
C02413,Sai Shukla,sai.shukla2413@yahoo.com,7596440630,"958, Subramanian Ganj",Tadipatri
C02414,Tanmayi Deo,tanmayi.deo2414@outlook.com,9759767091,95 Sharaf Circle,Nagaon
C02415,Max Sangha,max.sangha2415@example.in,7806687293,93/588 Kumer Marg,Gangtok
C02416,Yadavi Singh,yadavi.singh2416@example.in,7379596584,"29/25, Sampath Zila",Gopalpur
C02417,Janaki Singhal,janaki.singhal2417@example.in,9613230959,H.No. 99 Soni Ganj,Rourkela
C02418,Samar Prabhakar,samar.prabhakar2418@outlook.com,7169702983,H.No. 75 Dhillon Nagar,Kolkata
C02419,Harita Ganguly,harita.ganguly2419@yahoo.com,9045889601,480 Palan Street,Berhampore
C02420,Ansh Goyal,ansh.goyal2420@example.in,6520128589,50/007 Ganguly Zila,Dehradun
C02421,Widisha Bhatnagar,widisha.bhatnagar2421@gmail.com,9019234966,"H.No. 16, Bhavsar Path",Patna
C02422,Udant Narain,udant.narain2422@hotmail.com,6425634684,609 Kant Zila,Raurkela Industrial Township
C02423,Aayush Bhagat,aayush.bhagat2423@gmail.com,9488521414,03/931 Sibal,Dhule
C02424,Chanakya Kumar,chanakya.kumar2424@outlook.com,8771308976,"33/07, Karpe Path",Yamunanagar
C02425,Tamanna Sengupta,tamanna.sengupta2425@hotmail.com,9705672002,58 Sarma Path,Firozabad
C02426,Bhavini Patla,bhavini.patla2426@hotmail.com,7926972639,"87/575, Krishnan Nagar",Pali
C02427,Abeer Contractor,abeer.contractor2427@outlook.com,8414575572,91/71 Kunda,Hapur
C02428,Gagan Cheema,gagan.cheema2428@hotmail.com,8633532411,"87/44, Gara Zila",Miryalaguda
C02429,Lavanya Sachdeva,lavanya.sachdeva2429@yahoo.com,7603967344,H.No. 45 Sama Chowk,Amaravati
C02430,Kashvi Gera,kashvi.gera2430@example.in,9109347902,"475, Balakrishnan Nagar",Jodhpur
C02431,Dakshesh Balakrishnan,dakshesh.balakrishnan2431@yahoo.com,9478101981,903 Handa,Mau
C02432,Fiyaz Chander,fiyaz.chander2432@gmail.com,9868234167,H.No. 473 Bassi Street,Hyderabad
C02433,Bhavini Wagle,bhavini.wagle2433@outlook.com,8961854991,H.No. 31 Saini,Nanded
C02434,Nikita Som,nikita.som2434@example.in,8362326342,"10, Lala Nagar",Anantapuram
C02435,Vrishti Trivedi,vrishti.trivedi2435@hotmail.com,6451776897,"47, Dara Nagar",Pallavaram
C02436,Yashasvi Randhawa,yashasvi.randhawa2436@gmail.com,6315496033,H.No. 63 Choudhary Chowk,Ajmer
C02437,Pushti Ratta,pushti.ratta2437@hotmail.com,8575367303,"88/960, Dyal Ganj",Sambhal
C02438,Nicholas Garde,nicholas.garde2438@yahoo.com,7175493795,85/53 Dash Marg,Alwar
C02439,Chakradhar Badal,chakradhar.badal2439@gmail.com,6015405271,"57/38, Nazareth",Chennai
C02440,Frado Brar,frado.brar2440@gmail.com,8344504387,75/34 Ram Path,Morena
C02441,Abdul Madan,abdul.madan2441@hotmail.com,8090743772,90/222 Toor Road,Kavali
C02442,Ekta Ramachandran,ekta.ramachandran2442@hotmail.com,6494312308,55/434 Lanka Zila,Ratlam
C02443,Xalak Mangal,xalak.mangal2443@hotmail.com,6116599588,32/48 Karnik Circle,Kavali
C02444,Shaurya Bhatti,shaurya.bhatti2444@yahoo.com,7346006475,"H.No. 40, Mody Street",Deoghar
C02445,Pratyush Balasubramanian,pratyush.balasubramanian2445@gmail.com,7694500572,947 Chaudhari Circle,Khammam
C02446,William Lad,william.lad2446@gmail.com,9318941478,"230, Soman Marg",Nandyal
C02447,Hema Kata,hema.kata2447@hotmail.com,9309691853,"100, Singhal Street",Dharmavaram
C02448,Ati Taneja,ati.taneja2448@hotmail.com,6317077017,"31/00, Raman Zila",Karimnagar
C02449,Vinaya Krishnan,vinaya.krishnan2449@outlook.com,8491135067,75/37 Madan Marg,Firozabad
C02450,Oni Tak,oni.tak2450@outlook.com,9197148761,H.No. 979 Mammen Ganj,Ludhiana
C02451,Mitali Kumar,mitali.kumar2451@gmail.com,6740183988,128 Barad Road,Motihari
C02452,Michael Kannan,michael.kannan2452@yahoo.com,9636162294,880 Brahmbhatt Ganj,Howrah
C02453,Kavya Cheema,kavya.cheema2453@hotmail.com,6127206944,"03, Apte Road",Hapur
C02454,Vivaan Ganguly,vivaan.ganguly2454@outlook.com,9081787416,75/542 Jani Path,Thoothukudi
C02455,Yoshita Mohan,yoshita.mohan2455@example.in,9684444835,"74/760, Yohannan Ganj",New Delhi
C02456,Reyansh Saran,reyansh.saran2456@yahoo.com,9918750426,09/512 Karnik Circle,Ludhiana
C02457,Zinal Master,zinal.master2457@gmail.com,7813393913,H.No. 92 Murthy Path,Loni
C02458,Vrinda Venkatesh,vrinda.venkatesh2458@example.in,9281672947,82/513 Parsa Street,Karaikudi
C02459,Siddharth Cherian,siddharth.cherian2459@hotmail.com,6460640047,"24/153, Bhandari Path",Eluru
C02460,Bina Sibal,bina.sibal2460@yahoo.com,6200935559,"H.No. 658, Behl Ganj",Katihar
C02461,Yashawini Bajaj,yashawini.bajaj2461@outlook.com,6837638869,18/224 Tiwari Zila,Raipur
C02462,Rajata Bhandari,rajata.bhandari2462@outlook.com,9992972158,"415, Wali Chowk",Gurgaon
C02463,Sneha Keer,sneha.keer2463@yahoo.com,8372308855,85/16 Khatri Path,Sagar
C02464,Nirja Sawhney,nirja.sawhney2464@gmail.com,6074000906,"79/23, Hari Chowk",Etawah
C02465,Gagan Sura,gagan.sura2465@yahoo.com,8789852232,"473, Rai Street",Muzaffarnagar
C02466,Radha Misra,radha.misra2466@example.in,8442048822,66/608 Kurian Street,Coimbatore
C02467,Vivaan Nagi,vivaan.nagi2467@example.in,6068753560,434 Nagy Zila,Morena
C02468,Harita Sarna,harita.sarna2468@yahoo.com,8052900250,"H.No. 65, Apte",Bikaner
C02469,Jhalak Natarajan,jhalak.natarajan2469@hotmail.com,7338126152,H.No. 48 Mutti Street,Rourkela
C02470,Parth Chowdhury,parth.chowdhury2470@hotmail.com,7848156382,413 Rau Path,Nadiad
C02471,Unnati Varkey,unnati.varkey2471@example.in,8045597174,706 Narang Marg,Purnia
C02472,Nitesh Bail,nitesh.bail2472@outlook.com,8660345033,"56, Subramaniam Chowk",Mehsana
C02473,Ishita Chahal,ishita.chahal2473@example.in,6539494372,272 Barad Street,Mumbai
C02474,Chanchal Prabhu,chanchal.prabhu2474@hotmail.com,6131700783,H.No. 27 Dutta Nagar,Jehanabad
C02475,Rachita Tank,rachita.tank2475@gmail.com,9822286423,"H.No. 955, Kaul",Tenali
C02476,Ekiya Nagarajan,ekiya.nagarajan2476@gmail.com,8964945566,H.No. 360 More Chowk,Allahabad
C02477,Gautami Rajagopalan,gautami.rajagopalan2477@example.in,7047912560,"H.No. 511, Sastry Street",Haldia
C02478,Ekansh Koshy,ekansh.koshy2478@hotmail.com,9936856537,H.No. 597 Pau Circle,Jhansi
C02479,Ucchal More,ucchal.more2479@hotmail.com,9843550663,"61, Dutta Road",Mehsana
C02480,Warda Kanda,warda.kanda2480@yahoo.com,7519995273,H.No. 80 Viswanathan Path,Nagpur
C02481,Adya Grewal,adya.grewal2481@hotmail.com,8668551657,17 Badal,Bikaner
C02482,Daniel Pingle,daniel.pingle2482@outlook.com,9899290174,78/68 Balasubramanian Path,Chittoor
C02483,Jagrati Sharma,jagrati.sharma2483@yahoo.com,9462205035,H.No. 490 Shroff Zila,Bokaro
C02484,Hemani Badal,hemani.badal2484@hotmail.com,7664665307,80 Deol Marg,Fatehpur
C02485,Madhav Rana,madhav.rana2485@example.in,8492223557,"H.No. 52, Rana Nagar",Kollam
C02486,Harini Gaba,harini.gaba2486@hotmail.com,8971384134,"39/753, Bobal Path",Danapur
C02487,Bakhshi Hegde,bakhshi.hegde2487@outlook.com,8202217260,69 Dalal Ganj,Shivpuri
C02488,Vrinda Nayar,vrinda.nayar2488@outlook.com,8442520409,"199, Krish Marg",Alappuzha
C02489,Manthan Karnik,manthan.karnik2489@example.in,7025176865,21 Biswas Chowk,Dharmavaram
C02490,Falak Gole,falak.gole2490@gmail.com,9070779638,"671, Rajagopal",Raiganj
C02491,Ekta Gill,ekta.gill2491@hotmail.com,8606706977,"H.No. 421, Goswami Street",Haldia
C02492,Baljiwan Dara,baljiwan.dara2492@hotmail.com,8771549101,919 Kamdar,Saharanpur
C02493,Nathaniel Sundaram,nathaniel.sundaram2493@yahoo.com,6434787529,321 Dara Nagar,Jaunpur
C02494,Jagdish Sahota,jagdish.sahota2494@yahoo.com,9536571137,48/759 Devan Path,Narasaraopet
C02495,Janaki Master,janaki.master2495@example.in,7804055031,71/24 Acharya Ganj,Miryalaguda
C02496,Sai Swaminathan,sai.swaminathan2496@yahoo.com,7448976373,H.No. 36 Setty Zila,Maheshtala
C02497,Utkarsh Sibal,utkarsh.sibal2497@gmail.com,7544839990,51 Radhakrishnan,Kochi
C02498,Daksh Sule,daksh.sule2498@yahoo.com,8942056545,78/59 Pal Chowk,Thanjavur
C02499,Krisha Khalsa,krisha.khalsa2499@hotmail.com,6687997790,H.No. 665 Rana Road,Nellore
C02500,Chatura Nazareth,chatura.nazareth2500@example.in,8382037063,H.No. 29 Jani Path,Kirari Suleman Nagar
C02501,Aarnav Sundaram,aarnav.sundaram2501@hotmail.com,9077046401,"72, Natt",Jalandhar
C02502,Faras Kannan,faras.kannan2502@example.in,7678642707,07/81 Sur Nagar,Ludhiana
C02503,Azad Sidhu,azad.sidhu2503@yahoo.com,8430544596,"H.No. 13, Buch Zila",Tiruvottiyur
C02504,Xavier Datta,xavier.datta2504@yahoo.com,9758602497,"69, Khatri Circle",Bhusawal
C02505,Om Sampath,om.sampath2505@yahoo.com,9357559719,313 Dey Street,Aurangabad
C02506,Warinder Mammen,warinder.mammen2506@outlook.com,9586344040,H.No. 63 Narula Marg,Allahabad
C02507,Yachana Gola,yachana.gola2507@example.in,9513233237,H.No. 107 Setty Path,Kalyan-Dombivli
C02508,Amol Lad,amol.lad2508@example.in,8018613392,"24, Bath Path",Dehri
C02509,Siddharth Kari,siddharth.kari2509@yahoo.com,9620759837,H.No. 14 Mukhopadhyay Marg,Gurgaon
C02510,Bina Bawa,bina.bawa2510@outlook.com,7148864850,"93, Korpal Zila",Howrah
C02511,Meghana Yadav,meghana.yadav2511@outlook.com,9399426377,"04/550, Parikh Road",Danapur
C02512,Gavin Batra,gavin.batra2512@gmail.com,7222653719,H.No. 89 Bahri Nagar,Kishanganj
C02513,Megha Raju,megha.raju2513@hotmail.com,9777697289,52/542 Iyengar Zila,Nangloi Jat
C02514,Vidhi Samra,vidhi.samra2514@gmail.com,6345358733,895 Agate Path,Bongaigaon
C02515,Agastya Soni,agastya.soni2515@yahoo.com,7967971855,86/29 Shan Path,Guna
C02516,Dakshesh Palan,dakshesh.palan2516@gmail.com,6581463667,90/56 Ramachandran Path,Kavali
C02517,Zilmil Raja,zilmil.raja2517@outlook.com,8500347975,H.No. 67 Sabharwal Marg,Kumbakonam
C02518,Anamika Sampath,anamika.sampath2518@outlook.com,8062522205,H.No. 215 Deshpande Street,Ozhukarai
C02519,Yashawini Shere,yashawini.shere2519@outlook.com,8073179180,H.No. 17 Lad Ganj,Latur
C02520,Vedant Sachdev,vedant.sachdev2520@gmail.com,6965915800,62/335 Dara Chowk,Thoothukudi
C02521,Watika Thakur,watika.thakur2521@outlook.com,6291742892,88/99 Biswas Ganj,Bhusawal
C02522,Laban Sem,laban.sem2522@outlook.com,8264253827,"877, Sangha Nagar",South Dumdum
C02523,Janani Seshadri,janani.seshadri2523@example.in,9930166687,"89, Salvi Marg",Ramagundam
C02524,Zansi Mane,zansi.mane2524@gmail.com,8739555317,"39/254, Gokhale Ganj",Ballia
C02525,Urvashi Kaul,urvashi.kaul2525@example.in,9462158926,H.No. 16 Devan Road,Ballia
C02526,Pranit Venkataraman,pranit.venkataraman2526@example.in,8968498369,"90, Luthra Ganj",Surendranagar Dudhrej
C02527,Ekaraj Sami,ekaraj.sami2527@outlook.com,6911576654,67 Malhotra Street,Vijayawada
C02528,Januja Chadha,januja.chadha2528@example.in,8647080335,"21, Wadhwa",Pondicherry
C02529,Daksha Nagi,daksha.nagi2529@hotmail.com,6005989012,H.No. 228 Sachar Path,Agra
C02530,Wazir Raghavan,wazir.raghavan2530@example.in,9187639273,28/75 Pau Path,Pudukkottai
C02531,Vyanjana Samra,vyanjana.samra2531@gmail.com,8553818064,"H.No. 73, Jain Path",Visakhapatnam
C02532,Adya Ganesh,adya.ganesh2532@example.in,8685924999,741 Gera Chowk,Bhalswa Jahangir Pur
C02533,Tara Konda,tara.konda2533@example.in,7671318366,H.No. 01 Sundaram Nagar,Nagaon
C02534,Chakradev Murthy,chakradev.murthy2534@gmail.com,7954584003,"93/25, Mani",Agartala
C02535,Ayushman Sant,ayushman.sant2535@yahoo.com,8307271519,"11/826, Pai Circle",Raichur
C02536,Harita Chad,harita.chad2536@yahoo.com,8906339093,"H.No. 089, Murty Marg",Thiruvananthapuram
C02537,Utkarsh Sem,utkarsh.sem2537@outlook.com,7770542201,16 Chawla Nagar,Darbhanga
C02538,Oni Luthra,oni.luthra2538@hotmail.com,8313716847,796 Wason Road,Mau
C02539,Zashil Ranganathan,zashil.ranganathan2539@yahoo.com,8260383123,H.No. 90 Gara Circle,Bhatpara
C02540,Dipta Bhattacharyya,dipta.bhattacharyya2540@yahoo.com,7664858227,"H.No. 079, Varghese Nagar",Nagaon
C02541,Jagvi Samra,jagvi.samra2541@gmail.com,8230709399,"43/77, Bains Zila",Ozhukarai
C02542,Chaitaly Brahmbhatt,chaitaly.brahmbhatt2542@example.in,8387363228,"17/46, Nadkarni Marg",Raiganj
C02543,Jagvi Tak,jagvi.tak2543@outlook.com,9318481677,H.No. 698 Patil Circle,Chittoor
C02544,Vasudha Andra,vasudha.andra2544@example.in,9389497787,"34/129, Pillai Path",Madhyamgram
C02545,Amara Balay,amara.balay2545@hotmail.com,6386943624,"H.No. 30, Parikh Road",Hajipur
C02546,Girik Bera,girik.bera2546@gmail.com,8827076216,75 Balakrishnan Marg,Raipur
C02547,Netra Bawa,netra.bawa2547@gmail.com,6848490845,"80/45, Rege Chowk",Bardhaman
C02548,Charan Soni,charan.soni2548@hotmail.com,8379711298,05/76 Andra,Gwalior
C02549,Abha Seth,abha.seth2549@yahoo.com,8817373716,47/64 Brahmbhatt Circle,Davanagere
C02550,Qadim Rana,qadim.rana2550@gmail.com,9742631634,16 Shere Street,Bulandshahr
C02551,Nidra Srinivas,nidra.srinivas2551@gmail.com,9652846938,H.No. 879 Mittal Zila,Kochi
C02552,Laban Patil,laban.patil2552@gmail.com,8745530697,"449, Mutti Circle",Nagaon
C02553,Manbir Bhagat,manbir.bhagat2553@gmail.com,7942539179,"H.No. 68, Varma Path",Bihar Sharif
C02554,Eta Sur,eta.sur2554@yahoo.com,6525308082,"059, Peri",Tiruppur
C02555,Praneel Seth,praneel.seth2555@outlook.com,8374239025,29/79 Brar Nagar,Cuttack
C02556,Meera Kale,meera.kale2556@gmail.com,8501308511,"H.No. 71, Bassi Ganj",Fatehpur
C02557,Jairaj Devi,jairaj.devi2557@gmail.com,7340023291,"H.No. 34, Bera",Serampore
C02558,Praneel Rai,praneel.rai2558@yahoo.com,6865052076,77/005 Rastogi Ganj,Gandhidham
C02559,Dev Natt,dev.natt2559@yahoo.com,8087471298,57/94 Rai Chowk,Khammam
C02560,Nihal Dugal,nihal.dugal2560@hotmail.com,9584152241,"H.No. 288, Chowdhury Path",Jamalpur
C02561,Dominic Sahni,dominic.sahni2561@example.in,8735803554,"H.No. 25, Bumb",Hubli–Dharwad
C02562,Sachi Choudhary,sachi.choudhary2562@gmail.com,8630510106,H.No. 928 Batta Road,Tiruvottiyur
C02563,Laksh Kapur,laksh.kapur2563@gmail.com,8970308613,"41, Narasimhan Road",Allahabad
C02564,Zashil Bhavsar,zashil.bhavsar2564@example.in,6262956564,"H.No. 02, Sarin Zila",Ratlam
C02565,Abeer Bhasin,abeer.bhasin2565@yahoo.com,9529236714,"H.No. 18, Din Zila",Nashik
C02566,Bahadurjit Karpe,bahadurjit.karpe2566@example.in,8867749648,"H.No. 32, Samra",Bettiah
C02567,Chaman Halder,chaman.halder2567@gmail.com,7221619533,669 Naik Ganj,Gandhinagar
C02568,Aarush Puri,aarush.puri2568@example.in,7713182751,"25/80, Bansal Ganj",Satara
C02569,Idika Tiwari,idika.tiwari2569@gmail.com,9813004871,19/387 Ganesan Chowk,Ahmednagar
C02570,Jackson Shroff,jackson.shroff2570@hotmail.com,7394042864,74 Thaman Chowk,Tadepalligudem
C02571,Qushi Naidu,qushi.naidu2571@example.in,6755252014,21 Choudhry Nagar,Jamshedpur
C02572,Libni Wali,libni.wali2572@outlook.com,9926279557,"89, Singhal Path",Dehradun
C02573,Ekavir Thaker,ekavir.thaker2573@gmail.com,8797543261,"59, Upadhyay Path",Ahmedabad
C02574,Ekantika Chakrabarti,ekantika.chakrabarti2574@hotmail.com,9131293183,83/40 Ganesan Street,Kamarhati
C02575,Nathaniel Chaudry,nathaniel.chaudry2575@gmail.com,6206985002,H.No. 659 Uppal Road,Secunderabad
C02576,Anita Pandya,anita.pandya2576@gmail.com,7061285987,H.No. 11 Menon Zila,Guntakal
C02577,Vyanjana Yogi,vyanjana.yogi2577@outlook.com,9933728685,"H.No. 387, Dasgupta Chowk",Bhavnagar
C02578,Maanav Rajagopal,maanav.rajagopal2578@example.in,6915220450,"H.No. 52, Jani Zila",Bhagalpur
C02579,Ekalinga Chana,ekalinga.chana2579@example.in,8547797944,"H.No. 54, Varkey Marg",Ratlam
C02580,Samarth Agate,samarth.agate2580@outlook.com,6456189006,"H.No. 901, Palan Path",Ballia
C02581,Mugdha Narang,mugdha.narang2581@hotmail.com,9528004069,"50/23, Sule Zila",Gwalior
C02582,Tara Kulkarni,tara.kulkarni2582@yahoo.com,6214488873,501 Srivastava Nagar,Bathinda
C02583,Ranveer Hayre,ranveer.hayre2583@gmail.com,7677397520,275 Din Chowk,North Dumdum
C02584,Ronith Balasubramanian,ronith.balasubramanian2584@gmail.com,6973921951,H.No. 518 Mukherjee Ganj,Saharsa
C02585,Anika Sachar,anika.sachar2585@yahoo.com,8374082711,"10/43, Sani Chowk",Etawah
C02586,Ladli Anand,ladli.anand2586@yahoo.com,6064949466,"650, Vora Nagar",Mau
C02587,Ekantika Chander,ekantika.chander2587@outlook.com,6862143973,99 Gupta Path,Raipur
C02588,Chakradhar Hayer,chakradhar.hayer2588@hotmail.com,7801003098,42 Srivastava Circle,Jamshedpur
C02589,Yoshita Narula,yoshita.narula2589@outlook.com,6864124974,H.No. 47 Sekhon Street,Shahjahanpur
C02590,Maya Basak,maya.basak2590@hotmail.com,7419794571,345 Venkataraman Chowk,Silchar
C02591,Raghav Sekhon,raghav.sekhon2591@example.in,8626519697,"H.No. 32, Deep Nagar",Baranagar
C02592,Widisha Handa,widisha.handa2592@yahoo.com,8166803080,"H.No. 375, Sem Chowk",Kochi
C02593,Darpan Dalal,darpan.dalal2593@hotmail.com,9160273392,80 Om Chowk,Amritsar
C02594,Kai Chauhan,kai.chauhan2594@hotmail.com,9724441560,H.No. 36 Mall Path,Satara
C02595,Damyanti Sha,damyanti.sha2595@yahoo.com,9229568104,22 Ahuja,Anantapuram
C02596,Ansh Kanda,ansh.kanda2596@hotmail.com,7039687039,"06/311, Gole",Kochi
C02597,Rajata Bala,rajata.bala2597@gmail.com,6585734490,08/038 Chaudhari Chowk,Ambarnath
C02598,Girik Lad,girik.lad2598@hotmail.com,8644580613,09/50 Mann Street,Jaipur
C02599,Pranav Sarma,pranav.sarma2599@hotmail.com,7935440247,98 Rai Marg,Dehradun
C02600,Warinder Mann,warinder.mann2600@gmail.com,7165288596,"64/83, Agate Road",Guna
C02601,Madhav Oommen,madhav.oommen2601@yahoo.com,8196182200,467 Bobal Marg,Pali
C02602,Advaith Jain,advaith.jain2602@outlook.com,9560607743,81 Basak Road,Saharanpur
C02603,Brijesh Choudhary,brijesh.choudhary2603@gmail.com,6036408230,H.No. 520 Dhar Nagar,Sultan Pur Majra
C02604,Balhaar Bose,balhaar.bose2604@gmail.com,7724736748,"54, Chauhan",Jaipur
C02605,Ikbal Wali,ikbal.wali2605@gmail.com,9283872254,H.No. 944 Apte Path,Visakhapatnam
C02606,Ishani Chakraborty,ishani.chakraborty2606@gmail.com,9267428261,"56/133, Raghavan Chowk",Jorhat
C02607,Ansh Tank,ansh.tank2607@gmail.com,8683568300,H.No. 589 Khare Ganj,Bahraich
C02608,Alka Narayanan,alka.narayanan2608@example.in,8727407450,05/38 Sastry Path,Agartala
C02609,Hamsini Deo,hamsini.deo2609@hotmail.com,8182292894,"91/412, Joshi Nagar",Etawah
C02610,Ayaan Khurana,ayaan.khurana2610@gmail.com,6813579622,01/98 Dalal Ganj,Orai
C02611,Xavier Agarwal,xavier.agarwal2611@example.in,8728162928,"88/928, Kant Zila",Ranchi
C02612,Upma Trivedi,upma.trivedi2612@example.in,9145929201,"140, Kar Marg",Munger
C02613,Oviya Chokshi,oviya.chokshi2613@example.in,8475378795,17/60 Rao Chowk,Davanagere
C02614,Yash Jani,yash.jani2614@gmail.com,6778607634,"H.No. 96, Deo Street",Gwalior
C02615,Mitesh Dhingra,mitesh.dhingra2615@outlook.com,8739916297,H.No. 163 Walia Path,Madhyamgram
C02616,Mekhala Randhawa,mekhala.randhawa2616@example.in,8151188109,"550, Barad Ganj",Shivpuri
C02617,Oscar Thaman,oscar.thaman2617@hotmail.com,7211634111,627 Basu Zila,Surendranagar Dudhrej
C02618,Utkarsh Doshi,utkarsh.doshi2618@outlook.com,6450842374,91/99 Majumdar Circle,Mathura
C02619,Fariq Dugal,fariq.dugal2619@gmail.com,6487657801,26/844 Bhardwaj Circle,Avadi
C02620,Anita Karpe,anita.karpe2620@hotmail.com,9435331975,"68/654, Cherian",Bhalswa Jahangir Pur
C02621,Ijaya Ganesan,ijaya.ganesan2621@hotmail.com,9128884927,06/275 Das Street,Tumkur
C02622,Ayush Gopal,ayush.gopal2622@hotmail.com,7650355194,"09/490, Bhandari Ganj",Srikakulam
C02623,Ishwar Manda,ishwar.manda2623@example.in,7257892479,"H.No. 837, Palla Path",Nagaon
C02624,Nimrat Thakkar,nimrat.thakkar2624@hotmail.com,7594951623,"29/443, Shetty Nagar",Guna
C02625,Fitan Prasad,fitan.prasad2625@outlook.com,6965685067,11 Mishra Circle,Tezpur
C02626,Maanas Dey,maanas.dey2626@outlook.com,7459827158,"99, Mutti Street",Gudivada
C02627,Radhika Sastry,radhika.sastry2627@hotmail.com,7220384697,"671, Bhakta Road",Indore
C02628,Ekantika Bali,ekantika.bali2628@outlook.com,6638598597,39 Choudhary Chowk,Gudivada
C02629,Naveen Nagi,naveen.nagi2629@yahoo.com,9294087950,"H.No. 839, Vig Street",Chittoor
C02630,Sudiksha Master,sudiksha.master2630@gmail.com,9564157456,"H.No. 105, Kaur",Tirunelveli
C02631,Hritik Mittal,hritik.mittal2631@hotmail.com,9249038849,H.No. 27 Varma Nagar,Shimoga
C02632,Jagdish Hegde,jagdish.hegde2632@example.in,6768424096,10/773 Sura,Lucknow
C02633,William Deo,william.deo2633@example.in,6641039192,"93/21, Purohit Chowk",Ahmedabad
C02634,Eiravati Prabhakar,eiravati.prabhakar2634@hotmail.com,8196782289,162 Bansal Nagar,Pondicherry
C02635,Banjeet Dhaliwal,banjeet.dhaliwal2635@hotmail.com,7382290885,H.No. 219 Taneja Circle,Navi Mumbai
C02636,Wazir Sachdev,wazir.sachdev2636@example.in,9099477503,"663, Brar Chowk",Gudivada
C02637,Ubika Mammen,ubika.mammen2637@yahoo.com,7559784976,888 Jain Road,Amaravati
C02638,Nicholas Ravi,nicholas.ravi2638@yahoo.com,6064355401,H.No. 39 Bhandari Nagar,Naihati
C02639,Januja Gola,januja.gola2639@gmail.com,9503336518,"H.No. 673, Desai Ganj",Jabalpur
C02640,Ridhi Mitter,ridhi.mitter2640@hotmail.com,9645124780,34/764 Tata Marg,Kozhikode
C02641,Guneet Buch,guneet.buch2641@yahoo.com,7090585556,33 Gola Path,Karnal
C02642,Hredhaan Tak,hredhaan.tak2642@outlook.com,9814873770,30/462 Basak Marg,Kanpur
C02643,Eshana Dewan,eshana.dewan2643@hotmail.com,8187194237,H.No. 189 Sarma,Ghaziabad
C02644,Aradhana Sane,aradhana.sane2644@gmail.com,7073646015,H.No. 175 Savant Ganj,Malda
C02645,Bahadurjit Buch,bahadurjit.buch2645@gmail.com,6273010435,"51/756, Gole Chowk",Guna
C02646,Tara Rege,tara.rege2646@example.in,7591342880,"43, Chopra Chowk",Raipur
C02647,Oscar Lalla,oscar.lalla2647@example.in,6303885357,"59/53, Chokshi Street",Jalna
C02648,Aishani Agarwal,aishani.agarwal2648@hotmail.com,6363411186,H.No. 239 Goel Chowk,Kulti
C02649,Girik Bera,girik.bera2649@outlook.com,7627403945,51/99 Chandra Nagar,Barasat
C02650,Pallavi Balasubramanian,pallavi.balasubramanian2650@example.in,8485522679,"562, Doshi Nagar",Bhavnagar
C02651,Radhika Rajagopalan,radhika.rajagopalan2651@yahoo.com,6402418622,73/174 Raman Zila,Moradabad
C02652,Aradhana Yadav,aradhana.yadav2652@outlook.com,6733241443,40 Malhotra Chowk,Panipat
C02653,Aarnav Luthra,aarnav.luthra2653@example.in,7768382215,35/525 Wable Zila,Hapur
C02654,Vaishnavi Dugar,vaishnavi.dugar2654@outlook.com,9187581896,11 Murthy Circle,Yamunanagar
C02655,Nikita Baria,nikita.baria2655@yahoo.com,6923651602,"38, Puri Zila",Jhansi
C02656,Aarini Kar,aarini.kar2656@yahoo.com,7648532436,H.No. 61 Chokshi Zila,Ozhukarai
C02657,Henry Khurana,henry.khurana2657@gmail.com,7263711187,247 Nagar Circle,Rampur
C02658,Rehaan Mahajan,rehaan.mahajan2658@gmail.com,8494474434,35 Shetty,Karaikudi
C02659,Zinal Walia,zinal.walia2659@gmail.com,7387123157,149 Borde Nagar,Gangtok
C02660,Neha Nori,neha.nori2660@gmail.com,8347305458,"05/47, Taneja Chowk",Ludhiana
C02661,Ishani Bir,ishani.bir2661@example.in,6216620328,94/163 Mody Circle,Varanasi
C02662,Thomas Dugar,thomas.dugar2662@yahoo.com,6667624220,181 Dave Road,Bhubaneswar
C02663,Mohini Kamdar,mohini.kamdar2663@outlook.com,8967977302,28/19 Madan Path,Amravati
C02664,Jagdish Bhat,jagdish.bhat2664@gmail.com,9562242617,"30/749, Ganesan Nagar",Nandyal
C02665,Lila Prabhakar,lila.prabhakar2665@hotmail.com,9823412084,H.No. 173 Bhatti Street,Rourkela
C02666,Omkaar Salvi,omkaar.salvi2666@yahoo.com,9960209067,58 Raja Marg,Jalgaon
C02667,Yauvani Soman,yauvani.soman2667@gmail.com,7100847887,H.No. 384 Sharma Ganj,Barasat
C02668,Vedika Sachar,vedika.sachar2668@example.in,9750594672,"81/066, Lall Circle",Karimnagar
C02669,Veda Viswanathan,veda.viswanathan2669@example.in,6248907937,"H.No. 68, Lall",Rewa
C02670,Warda Dua,warda.dua2670@hotmail.com,9546907067,70/813 Mukherjee Ganj,Mahbubnagar
C02671,Urvashi Tiwari,urvashi.tiwari2671@outlook.com,7582336002,80/499 Kalla Ganj,Giridih
C02672,Balvan Mistry,balvan.mistry2672@example.in,8758747122,"92, Deshmukh Marg",Mangalore
C02673,Avi Narayanan,avi.narayanan2673@outlook.com,9788642255,H.No. 40 Chander Street,Jaipur
C02674,Brijesh Agrawal,brijesh.agrawal2674@gmail.com,8750502998,"57/95, Madan Marg",Lucknow
C02675,Sneha Brahmbhatt,sneha.brahmbhatt2675@yahoo.com,8609645951,10/17 Magar Circle,Karawal Nagar
C02676,Agastya Vaidya,agastya.vaidya2676@gmail.com,8735655283,64/69 Mane Chowk,Latur
C02677,Balveer Nagi,balveer.nagi2677@gmail.com,7353172297,78 Jhaveri Zila,Rourkela
C02678,Amara Roy,amara.roy2678@hotmail.com,6346547478,H.No. 100 Brar Circle,Suryapet
C02679,Bahadurjit Pall,bahadurjit.pall2679@yahoo.com,7337822463,"28, Krishnamurthy",Pallavaram
C02680,Qabil Hegde,qabil.hegde2680@outlook.com,9734321250,"70/424, Bhargava Road",Akola
C02681,Gavin Mall,gavin.mall2681@yahoo.com,7230351644,"205, Chowdhury Circle",Jorhat
C02682,David Bhakta,david.bhakta2682@outlook.com,9935832125,"98, Randhawa Zila",Korba
C02683,Tripti Sridhar,tripti.sridhar2683@yahoo.com,8515357106,H.No. 156 Mutti Marg,Adoni
C02684,Vihaan Ravi,vihaan.ravi2684@outlook.com,6054386162,"H.No. 424, Ratti Zila",Ichalkaranji
C02685,Megha Naik,megha.naik2685@gmail.com,9823542964,"79/328, Sura Marg",Kulti
C02686,Rachana Venkatesh,rachana.venkatesh2686@gmail.com,9433725908,"367, Bera Chowk",Nellore
C02687,Gaurang Vyas,gaurang.vyas2687@example.in,6578286565,"37/376, Kashyap Street",Kakinada
C02688,Netra Mammen,netra.mammen2688@example.in,8069610301,"32/42, Nigam Chowk",Chinsurah
C02689,Ishanvi Grover,ishanvi.grover2689@hotmail.com,8731379297,"043, Chowdhury Chowk",Navi Mumbai
C02690,Aachal Boase,aachal.boase2690@yahoo.com,7635932798,"H.No. 406, Ranganathan Path",Salem
C02691,Daksh Sarraf,daksh.sarraf2691@example.in,8026085866,98 Borra Street,Moradabad
C02692,Ira Ray,ira.ray2692@yahoo.com,7826296018,"81/90, Bajwa Marg",Ratlam
C02693,Yauvani Chhabra,yauvani.chhabra2693@yahoo.com,9672080826,84/69 Narain Nagar,Srikakulam
C02694,Janya Pillay,janya.pillay2694@outlook.com,8144660983,20/222 Goyal Ganj,Kulti
C02695,Akshay Thaker,akshay.thaker2695@gmail.com,6872356101,688 Menon Circle,Satna
C02696,Xiti Manne,xiti.manne2696@gmail.com,8653183881,H.No. 25 Saini Nagar,Baranagar
C02697,Xalak Devi,xalak.devi2697@gmail.com,7915648531,"H.No. 49, Bora Ganj",Thoothukudi
C02698,Bahadurjit Jhaveri,bahadurjit.jhaveri2698@example.in,6596945066,H.No. 14 Sekhon Chowk,Pallavaram
C02699,Hemani Yadav,hemani.yadav2699@yahoo.com,8570780605,"29/614, Das Ganj",Tezpur
C02700,Rachita Gupta,rachita.gupta2700@example.in,6278946500,58/65 Saraf Street,Avadi
C02701,Anjali Minhas,anjali.minhas2701@outlook.com,7982450061,H.No. 82 Manda Circle,Bijapur
C02702,Eesha Khanna,eesha.khanna2702@example.in,9881982554,"09, Karnik Marg",Mango
C02703,Yashawini Dixit,yashawini.dixit2703@yahoo.com,7510356657,"395, Sachdeva Nagar",Jodhpur
C02704,Nachiket Sane,nachiket.sane2704@outlook.com,6587707118,H.No. 857 Subramanian,Raiganj
C02705,Pavani Sundaram,pavani.sundaram2705@yahoo.com,6526946936,H.No. 73 Uppal Zila,Avadi
C02706,Xalak Jha,xalak.jha2706@yahoo.com,6068620805,72 Vig Circle,Pune
C02707,Lajita Choudhry,lajita.choudhry2707@outlook.com,6432043734,25/186 Butala Chowk,Hazaribagh
C02708,Aarna Iyengar,aarna.iyengar2708@gmail.com,8805666051,43/907 Morar Marg,Bhavnagar
C02709,Ikshita Bhakta,ikshita.bhakta2709@hotmail.com,6907952398,H.No. 62 Shetty Ganj,Jalandhar
C02710,Indira Sha,indira.sha2710@gmail.com,7243775651,608 Bawa Road,Tinsukia
C02711,Amruta Misra,amruta.misra2711@gmail.com,9937231824,764 Goswami Marg,Kirari Suleman Nagar
C02712,Chakrika Parekh,chakrika.parekh2712@outlook.com,8711739502,H.No. 941 Sankaran Zila,Chittoor
C02713,Ethan Kaul,ethan.kaul2713@hotmail.com,8981382905,"H.No. 035, Gaba Nagar",Bikaner
C02714,Vaishnavi Ahluwalia,vaishnavi.ahluwalia2714@outlook.com,9057892356,"H.No. 728, Radhakrishnan",Khora 
C02715,Aryan Sant,aryan.sant2715@hotmail.com,9121978904,"44/903, Badami Marg",Rajahmundry
C02716,Eshana Sandal,eshana.sandal2716@outlook.com,8050240316,60/83 Shan Nagar,Tiruppur
C02717,Om Kothari,om.kothari2717@yahoo.com,7220818983,H.No. 46 Pai Ganj,Dhanbad
C02718,Faris Kakar,faris.kakar2718@outlook.com,8166511431,47/80 Saran Circle,Mathura
C02719,Tanveer Dash,tanveer.dash2719@hotmail.com,8220086701,36/967 Kaur Ganj,Guntakal
C02720,Janani Chad,janani.chad2720@gmail.com,8922453514,H.No. 807 Rastogi Circle,Tirunelveli
C02721,Wahab Natt,wahab.natt2721@outlook.com,8968320771,60/811 Thaker Chowk,Miryalaguda
C02722,Kevin Das,kevin.das2722@yahoo.com,9193546278,57/999 Dani,Secunderabad
C02723,Udarsh Peri,udarsh.peri2723@hotmail.com,7729917823,030 Mannan Road,Kolkata
C02724,Sanaya Chahal,sanaya.chahal2724@example.in,9978612148,26 Nanda Circle,North Dumdum
C02725,Ekani Karnik,ekani.karnik2725@example.in,7029755903,"716, Salvi Ganj",Sambhal
C02726,Samuel Dubey,samuel.dubey2726@hotmail.com,7268728871,"H.No. 388, Chaudhry Nagar",Durgapur
C02727,Ishani Yohannan,ishani.yohannan2727@yahoo.com,9125908055,"598, Choudhury Street",Proddatur
C02728,Lucky Deep,lucky.deep2728@hotmail.com,9366609532,55/95 Magar Ganj,Nanded
C02729,Wahab Wadhwa,wahab.wadhwa2729@yahoo.com,9854789161,"H.No. 48, Yogi Street",Orai
C02730,Joshua Bandi,joshua.bandi2730@outlook.com,8622230314,"20/098, Pau Chowk",Berhampur
C02731,Theodore Bhatnagar,theodore.bhatnagar2731@yahoo.com,9113523922,32/65 Bhatia Circle,Meerut
C02732,Zaid Sani,zaid.sani2732@outlook.com,8521894940,"H.No. 775, Mukhopadhyay Nagar",Kalyan-Dombivli
C02733,Krishna Karpe,krishna.karpe2733@gmail.com,8675741502,"90/802, Sharma Road",Motihari
C02734,Ekansh Saha,ekansh.saha2734@hotmail.com,9449698041,52/61 Bhatia Path,Malegaon
C02735,Jagvi Narayan,jagvi.narayan2735@hotmail.com,9317680359,"62, Master Marg",Srinagar
C02736,Onveer Badal,onveer.badal2736@yahoo.com,9052992220,97/05 Kamdar Ganj,Karaikudi
C02737,Ansh Atwal,ansh.atwal2737@outlook.com,8454472706,07/819 Chatterjee Path,Gaya
C02738,Gopal Krishnan,gopal.krishnan2738@yahoo.com,8495716078,"31/215, Zachariah Marg",Surat
C02739,Kamala Kohli,kamala.kohli2739@yahoo.com,8088891164,72/423 Sawhney Chowk,Serampore
C02740,Guneet Bawa,guneet.bawa2740@yahoo.com,6009942716,H.No. 858 Bora Nagar,Buxar
C02741,Nitara More,nitara.more2741@yahoo.com,6253695066,"29/30, Rattan Street",Bilaspur
C02742,Mohammed Ratta,mohammed.ratta2742@outlook.com,6678418639,14 Kari Zila,Thrissur
C02743,Barkha Varty,barkha.varty2743@yahoo.com,7038273601,H.No. 908 Bains Road,Kottayam
C02744,Girindra Manne,girindra.manne2744@hotmail.com,9621801588,"H.No. 88, Batra Road",Ramgarh
C02745,Oeshi Butala,oeshi.butala2745@outlook.com,7857535389,"03/43, Solanki Ganj",Amritsar
C02746,Samarth Thakkar,samarth.thakkar2746@yahoo.com,7356072787,"H.No. 306, Bobal Circle",Raichur
C02747,Ekapad De,ekapad.de2747@example.in,9130212412,72/43 Loyal Street,Kumbakonam
C02748,Madhav Vora,madhav.vora2748@hotmail.com,8690312600,"H.No. 055, Warrior",Erode
C02749,Neel Andra,neel.andra2749@hotmail.com,6566568226,"60, Upadhyay Road",Coimbatore
C02750,Charles Pall,charles.pall2750@yahoo.com,8468379866,"49/54, Ganguly Chowk",Dhule
C02751,Imaran Anne,imaran.anne2751@hotmail.com,7338383964,030 Tripathi,Buxar
C02752,Urvi Pal,urvi.pal2752@gmail.com,6925364913,"H.No. 087, Bhattacharyya Path",Kadapa
C02753,Chandresh Bora,chandresh.bora2753@yahoo.com,8476741679,09/700 Ahluwalia Nagar,Mangalore
C02754,Mitali Brar,mitali.brar2754@hotmail.com,6905004804,"H.No. 238, Oak Ganj",Bally
C02755,Tejas Mani,tejas.mani2755@gmail.com,8733301710,35 Sarna Chowk,Begusarai
C02756,Qadim Issac,qadim.issac2756@hotmail.com,7165184788,"55, Mann Circle",Hapur
C02757,Rayaan Gour,rayaan.gour2757@hotmail.com,9757171769,H.No. 40 Nigam Chowk,Pudukkottai
C02758,Azad Deshmukh,azad.deshmukh2758@outlook.com,7954109787,"H.No. 350, Bhat",Coimbatore
C02759,Zinal Narayanan,zinal.narayanan2759@example.in,9014715587,"H.No. 94, Pai Zila",Motihari
C02760,Arin Hora,arin.hora2760@outlook.com,6268037858,"14/405, Sinha Marg",Junagadh
C02761,Praneel Kanda,praneel.kanda2761@hotmail.com,8538987605,745 Bir Zila,Kakinada
C02762,Eshana Bhatt,eshana.bhatt2762@yahoo.com,7335134672,"H.No. 649, Bava Chowk",Serampore
C02763,Pratyush Om,pratyush.om2763@example.in,8081889679,"H.No. 14, Chandra Nagar",Jaipur
C02764,Shaurya Mane,shaurya.mane2764@hotmail.com,7602856879,"H.No. 53, Sarkar Circle",Jamnagar
C02765,Lucky Raju,lucky.raju2765@yahoo.com,9250302273,"175, Maharaj Ganj",Delhi
C02766,Om Ramesh,om.ramesh2766@gmail.com,8685411423,"156, Tak Road",Vijayanagaram
C02767,Vedika Rastogi,vedika.rastogi2767@hotmail.com,6065017488,"H.No. 263, Mangal Street",Mahbubnagar
C02768,Timothy Khurana,timothy.khurana2768@yahoo.com,7585318057,"38/472, Narang Circle",Aurangabad
C02769,Siya Chawla,siya.chawla2769@outlook.com,9438298752,973 Madan Road,Bikaner
C02770,Neel Tak,neel.tak2770@hotmail.com,6138695080,"58, Kapoor Chowk",Proddatur
C02771,Zaid Kumer,zaid.kumer2771@gmail.com,7876396753,"638, Chandra Ganj",Dharmavaram
C02772,Kashish Prabhu,kashish.prabhu2772@outlook.com,7628183026,"H.No. 587, Guha",Anantapur
C02773,Baljiwan Mangat,baljiwan.mangat2773@hotmail.com,8898113035,719 Puri Path,Panipat
C02774,Meghana Bera,meghana.bera2774@yahoo.com,6460246403,"898, Raju Ganj",Hapur
C02775,Vanya Menon,vanya.menon2775@example.in,9893388533,"H.No. 691, Bawa Marg",Dindigul
C02776,Prisha Sangha,prisha.sangha2776@hotmail.com,8086150706,"H.No. 33, Gola",Hajipur
C02777,Mohini Mann,mohini.mann2777@yahoo.com,7018826133,749 Bhatti Marg,Silchar
C02778,Charan Sethi,charan.sethi2778@gmail.com,6184218734,59/712 Nayak Nagar,Baranagar
C02779,Dakshesh Desai,dakshesh.desai2779@outlook.com,9899206333,H.No. 32 Varughese Road,Uluberia
C02780,Ranbir Krishna,ranbir.krishna2780@yahoo.com,8981341846,"78, Koshy Zila",Avadi
C02781,Ethan Iyer,ethan.iyer2781@yahoo.com,8595963910,28/99 Buch Nagar,Dharmavaram
C02782,Nitara Srivastava,nitara.srivastava2782@yahoo.com,6457167525,44 Contractor Street,Kozhikode
C02783,Pranit Yogi,pranit.yogi2783@gmail.com,9526938190,56 Sood Ganj,Bahraich
C02784,Zaid Parekh,zaid.parekh2784@yahoo.com,6745776166,"71/59, Agarwal Chowk",Dehri
C02785,Adweta Dugar,adweta.dugar2785@example.in,8814331947,"43/007, Nazareth Ganj",Phusro
C02786,Waida Sathe,waida.sathe2786@hotmail.com,9828222093,"H.No. 88, Nagar Nagar",Jaunpur
C02787,Yatan Chopra,yatan.chopra2787@outlook.com,8889002186,H.No. 384 Bajwa Road,Jammu
C02788,Rudra Sachdev,rudra.sachdev2788@gmail.com,6472375055,H.No. 01 Balakrishnan Marg,Aligarh
C02789,Simon Kashyap,simon.kashyap2789@hotmail.com,8700112748,148 Krish Zila,Bettiah
C02790,Anthony Narula,anthony.narula2790@yahoo.com,8618947021,"16/06, Modi Ganj",Etawah
C02791,Dalaja Lad,dalaja.lad2791@outlook.com,9874502340,"H.No. 451, Purohit Ganj",Visakhapatnam
C02792,Raagini Srivastava,raagini.srivastava2792@hotmail.com,9240009758,"517, Iyer Zila",Yamunanagar
C02793,Yatin Kothari,yatin.kothari2793@yahoo.com,7331880046,58/96 Pandey Marg,Tirunelveli
C02794,Zaitra Tella,zaitra.tella2794@yahoo.com,9578822253,"08, Char Circle",Ramgarh
C02795,Liam Kalita,liam.kalita2795@example.in,9569205850,"99/626, Bhasin Nagar",Asansol
C02796,Warinder Ravel,warinder.ravel2796@hotmail.com,6739173841,236 Nayak Circle,Pimpri-Chinchwad
C02797,Hema Gola,hema.gola2797@example.in,7715169822,"511, Srivastava Zila",Ambala
C02798,Zayan Pathak,zayan.pathak2798@yahoo.com,8444446528,"464, Narayan",Bhilwara
C02799,Liam Nori,liam.nori2799@example.in,6136011779,656 Prasad Path,Sambhal
C02800,Manan Bhalla,manan.bhalla2800@outlook.com,8369214448,"32, Krishna Circle",Tadepalligudem
C02801,Prisha Gola,prisha.gola2801@yahoo.com,6501023127,55/602 Rout Road,Kolhapur
C02802,Leela Bhatti,leela.bhatti2802@hotmail.com,8285973207,"00/62, Bumb Marg",Bhiwani
C02803,Baghyawati Padmanabhan,baghyawati.padmanabhan2803@gmail.com,6697950008,H.No. 47 Bir Zila,Jehanabad
C02804,Daniel Rastogi,daniel.rastogi2804@yahoo.com,6703649505,"H.No. 808, Edwin Chowk",Mango
C02805,Teerth Raju,teerth.raju2805@gmail.com,9671833699,H.No. 922 Goswami Road,Amaravati
C02806,Ekaraj Sridhar,ekaraj.sridhar2806@hotmail.com,8946994870,"30/967, Anne Ganj",Meerut
C02807,Matthew Pandya,matthew.pandya2807@yahoo.com,8328726242,18 Sankar,Tiruchirappalli
C02808,Joshua Kalla,joshua.kalla2808@yahoo.com,9154427710,"H.No. 689, Prabhu Marg",Mau
C02809,Madhavi Kohli,madhavi.kohli2809@example.in,7299041172,"95/35, Natarajan Path",Salem
C02810,Aarush Sane,aarush.sane2810@hotmail.com,7270950843,92/358 Banik Path,Rampur
C02811,Zayyan Setty,zayyan.setty2811@example.in,6163710437,"639, Mangal Zila",Tezpur
C02812,Gaurika Rajagopalan,gaurika.rajagopalan2812@example.in,6973756339,906 Chana,Ahmednagar
C02813,Indali Nadkarni,indali.nadkarni2813@gmail.com,7946534234,"H.No. 92, Varkey Marg",Erode
C02814,Orinder Choudhry,orinder.choudhry2814@gmail.com,6371299957,"H.No. 73, Prasad Chowk",Ludhiana
C02815,Gautam Bala,gautam.bala2815@outlook.com,9535277938,"153, Atwal Chowk",Arrah
C02816,Nimrat Sabharwal,nimrat.sabharwal2816@gmail.com,7593951353,H.No. 319 Wagle Nagar,Mangalore
C02817,Vritti Purohit,vritti.purohit2817@hotmail.com,8408073896,"H.No. 71, Uppal Path",Morena
C02818,Advay Dalal,advay.dalal2818@outlook.com,6029253952,H.No. 38 Apte,Cuttack
C02819,Lohit Prabhakar,lohit.prabhakar2819@example.in,6812126194,H.No. 999 Gopal Path,Madanapalle
C02820,Zashil Patel,zashil.patel2820@outlook.com,8069066697,"549, Kadakia Zila",Jorhat
C02821,Yahvi Natarajan,yahvi.natarajan2821@example.in,7311613241,"614, Ramachandran Marg",Naihati
C02822,Yochana Wagle,yochana.wagle2822@hotmail.com,6089209211,"H.No. 16, Chandran Nagar",Jodhpur
C02823,Ojasvi Doctor,ojasvi.doctor2823@example.in,8547974233,91 Narasimhan Zila,Muzaffarpur
C02824,Chasmum Kulkarni,chasmum.kulkarni2824@outlook.com,8523667425,67/500 Doshi Ganj,Varanasi
C02825,Gautami Memon,gautami.memon2825@yahoo.com,8824191063,"H.No. 164, Kala Marg",Hajipur
C02826,Falak Arya,falak.arya2826@yahoo.com,7527842372,"867, Gupta Ganj",Bally
C02827,Ishani Gopal,ishani.gopal2827@example.in,7430727004,H.No. 277 Mangal Ganj,Mumbai
C02828,Jasmit Master,jasmit.master2828@gmail.com,7057186721,44/71 Virk Road,Pune
C02829,Aradhana Devan,aradhana.devan2829@yahoo.com,8170993717,644 Wadhwa,Ghaziabad
C02830,Eiravati Kumar,eiravati.kumar2830@yahoo.com,8819923331,"H.No. 051, Sinha Marg",Kavali
C02831,Nachiket Kala,nachiket.kala2831@hotmail.com,8724913580,"17/94, Murty Ganj",Bhiwani
C02832,Nitara Chaudry,nitara.chaudry2832@outlook.com,6523242875,"58, Shankar Nagar",Phagwara
C02833,Jai Mall,jai.mall2833@yahoo.com,7852507409,"H.No. 755, Varty Path",Asansol
C02834,Vinaya Rama,vinaya.rama2834@hotmail.com,6646988217,394 Kadakia Chowk,Sagar
C02835,George Mittal,george.mittal2835@hotmail.com,9293024076,858 Char Nagar,Proddatur
C02836,Chakrika Balan,chakrika.balan2836@example.in,8300828453,"45, Tank Path",Kochi
C02837,Saumya Merchant,saumya.merchant2837@gmail.com,8809022732,"H.No. 171, Varghese Street",Udaipur
C02838,Shivani Dhawan,shivani.dhawan2838@yahoo.com,8432860405,43/225 Sachdeva Chowk,Rampur
C02839,Umang Wagle,umang.wagle2839@outlook.com,9670526801,78 Agarwal Zila,Barasat
C02840,Shravya Bath,shravya.bath2840@yahoo.com,6646808240,64/761 Badami Road,Salem
C02841,Anya Kaul,anya.kaul2841@example.in,6072253392,H.No. 672 Bumb Nagar,Bhalswa Jahangir Pur
C02842,Saanvi Viswanathan,saanvi.viswanathan2842@outlook.com,9985209052,"345, Kaur Road",Arrah
C02843,Oviya Thakkar,oviya.thakkar2843@example.in,7839436341,73/002 Nigam,Tinsukia
C02844,Tanmayi Chhabra,tanmayi.chhabra2844@hotmail.com,8400152105,85 Nigam Street,Gopalpur
C02845,Panini Sachdev,panini.sachdev2845@hotmail.com,8365444449,"93/51, Gade Road",Panihati
C02846,Chakrika Shenoy,chakrika.shenoy2846@hotmail.com,8045806368,H.No. 66 Shere Marg,Berhampore
C02847,Yachana Keer,yachana.keer2847@example.in,9813355164,02/53 Behl Zila,Jammu
C02848,Reva Gola,reva.gola2848@outlook.com,9813740625,"55/91, Kant Marg",Raiganj
C02849,Champak Sura,champak.sura2849@hotmail.com,9445215961,H.No. 58 Kumar Zila,Etawah
C02850,Anirudh Kumer,anirudh.kumer2850@outlook.com,6701269114,H.No. 12 Salvi Road,Sagar
C02851,Dalbir Vohra,dalbir.vohra2851@yahoo.com,8354712970,050 D’Alia,Karimnagar
C02852,Chandran Behl,chandran.behl2852@yahoo.com,9584901038,"41/104, Iyer Path",Mahbubnagar
C02853,Zinal Sehgal,zinal.sehgal2853@outlook.com,9252398248,"07/18, Ranganathan Street",Vijayawada
C02854,Xavier Mistry,xavier.mistry2854@hotmail.com,8093704478,H.No. 67 Sawhney Marg,Meerut
C02855,Ishanvi Nagi,ishanvi.nagi2855@yahoo.com,6858601081,"H.No. 632, Dutta Road",Raiganj
C02856,Ira Sura,ira.sura2856@hotmail.com,7190586760,"17/74, Dugar Street",Mumbai
C02857,Saksham Magar,saksham.magar2857@outlook.com,9088771721,"17/323, Lad Zila",Rajpur Sonarpur
C02858,Aarna Chakraborty,aarna.chakraborty2858@hotmail.com,7553801736,07/58 Ahuja,Kadapa
C02859,Zinal Dave,zinal.dave2859@hotmail.com,9361069567,"H.No. 605, Dasgupta Chowk",Ulhasnagar
C02860,Ishani Parmar,ishani.parmar2860@example.in,7026825540,H.No. 11 Pall Street,Jammu
C02861,Yamini Sundaram,yamini.sundaram2861@hotmail.com,7171154059,74 Prasad Chowk,Haridwar
C02862,Daksh Raju,daksh.raju2862@example.in,9861350402,"21, Mammen Ganj",Phagwara
C02863,Nitesh Ramaswamy,nitesh.ramaswamy2863@gmail.com,9753585706,"78, Mammen Nagar",Munger
C02864,Rehaan Chaudhari,rehaan.chaudhari2864@outlook.com,6226263508,H.No. 49 Dara Chowk,Dibrugarh
C02865,Gavin Som,gavin.som2865@example.in,8735297872,30 Bose Circle,Malegaon
C02866,Eshana Parsa,eshana.parsa2866@yahoo.com,6644768381,93/11 Krishnan Ganj,Loni
C02867,Isaiah Tripathi,isaiah.tripathi2867@outlook.com,6368876759,"H.No. 80, Dhar Ganj",Kharagpur
C02868,Nicholas Jaggi,nicholas.jaggi2868@outlook.com,6112261110,"462, Lad Ganj",Kulti
C02869,Balvan Aurora,balvan.aurora2869@gmail.com,6655202884,02/925 Hans Zila,Siliguri
C02870,Hiral Biswas,hiral.biswas2870@outlook.com,8697806783,72/16 Chana Zila,Bettiah
C02871,Harish Soni,harish.soni2871@gmail.com,8432710134,22/299 Mishra Road,Siwan
C02872,Aishani Rout,aishani.rout2872@example.in,9306346660,945 Patil Street,Baranagar
C02873,Lavanya Varghese,lavanya.varghese2873@outlook.com,8573336304,83 Yohannan Circle,Bathinda
C02874,Unni Mand,unni.mand2874@gmail.com,7841845508,"12, Dewan Path",Korba
C02875,Ekanta Bhalla,ekanta.bhalla2875@outlook.com,7744596396,840 Subramaniam Circle,Sasaram
C02876,Gautami Krishna,gautami.krishna2876@hotmail.com,8204632563,27/25 Balasubramanian Path,Jammu
C02877,Girik Bhardwaj,girik.bhardwaj2877@outlook.com,9362431863,"H.No. 871, Ganguly",Panvel
C02878,Wazir Oza,wazir.oza2878@example.in,7990165421,"14/215, De Road",Danapur
C02879,Yuvraj Baria,yuvraj.baria2879@gmail.com,7879041198,854 Deep Path,Shimla
C02880,Anthony Pingle,anthony.pingle2880@gmail.com,6917180661,"65, Hari Circle",Sri Ganganagar
C02881,Yatin Jaggi,yatin.jaggi2881@outlook.com,8747314793,27/54 Bhandari Circle,Rajpur Sonarpur
C02882,Samar Kala,samar.kala2882@hotmail.com,9275777433,H.No. 54 Taneja Chowk,Bhind
C02883,Nakul Kapur,nakul.kapur2883@yahoo.com,7562182622,"H.No. 99, Chakraborty Marg",Ongole
C02884,Kavya Sura,kavya.sura2884@example.in,6639587110,"56/710, Jha Ganj",Kollam
C02885,Vanya Sabharwal,vanya.sabharwal2885@example.in,9739191533,"61, Sha Nagar",Bhubaneswar
C02886,Aradhana Buch,aradhana.buch2886@example.in,6583481961,88/452 Babu Nagar,Buxar
C02887,Chavvi Mangal,chavvi.mangal2887@outlook.com,8418319875,"H.No. 50, Pradhan Zila",Tumkur
C02888,Tejas Patla,tejas.patla2888@hotmail.com,8284815012,446 Pall Ganj,Bardhaman
C02889,Abeer Jain,abeer.jain2889@example.in,7861624471,H.No. 05 Mander Circle,Gandhinagar
C02890,Balendra Yadav,balendra.yadav2890@gmail.com,6369099397,"90/523, Dasgupta Path",Berhampore
C02891,Amaira Behl,amaira.behl2891@outlook.com,7928337104,H.No. 70 Dar Path,Bhilwara
C02892,Aadhya Kata,aadhya.kata2892@example.in,6707869449,H.No. 523 Date Zila,Mirzapur
C02893,Samar Amble,samar.amble2893@outlook.com,6202275911,H.No. 884 Varghese Marg,Karimnagar
C02894,Krishna Murthy,krishna.murthy2894@gmail.com,8986768464,"57/916, Pal Marg",Raipur
C02895,Balhaar Dave,balhaar.dave2895@yahoo.com,7519729326,46/25 Keer Zila,Bhalswa Jahangir Pur
C02896,Mugdha Chacko,mugdha.chacko2896@hotmail.com,6125170489,57/36 Srivastava Marg,Mathura
C02897,Anya Chokshi,anya.chokshi2897@outlook.com,7184531059,H.No. 10 Chawla Chowk,Faridabad
C02898,Kashvi Chopra,kashvi.chopra2898@gmail.com,7616566763,72/55 Oommen Ganj,Hospet
C02899,Wyatt Ramaswamy,wyatt.ramaswamy2899@outlook.com,6289385966,"566, Chokshi Nagar",Siwan
C02900,Tanvi Verma,tanvi.verma2900@example.in,7701383411,68 Wagle Circle,Jaunpur
C02901,Kashish Chahal,kashish.chahal2901@yahoo.com,7849282492,"12/300, Kalla Street",Pondicherry
C02902,Dominic Tandon,dominic.tandon2902@hotmail.com,7004499474,55/586 Golla Chowk,Bellary
C02903,Dhruv Swaminathan,dhruv.swaminathan2903@example.in,9349491624,82 Sandal Chowk,Durgapur
C02904,Irya Bal,irya.bal2904@hotmail.com,8100941365,H.No. 28 Joshi Chowk,Ramgarh
C02905,Saksham Naidu,saksham.naidu2905@hotmail.com,7341811844,H.No. 37 Soni Zila,Ghaziabad
C02906,Hemal Lad,hemal.lad2906@outlook.com,6788801148,"73/71, Comar Road",Mahbubnagar
C02907,Pallavi Goswami,pallavi.goswami2907@gmail.com,9493551247,"H.No. 373, Chacko Street",Lucknow
C02908,Utkarsh Kapoor,utkarsh.kapoor2908@gmail.com,7158590497,"27/12, Mander Nagar",Raipur
C02909,Nathan Sathe,nathan.sathe2909@gmail.com,9336942623,"85/40, Gola Nagar",Bellary
C02910,Zinal Tara,zinal.tara2910@gmail.com,9875496935,22/100 Bhavsar Circle,Hazaribagh
C02911,Balendra Narain,balendra.narain2911@hotmail.com,9580507474,"00/48, Sharma Circle",Dindigul
C02912,Umang Gola,umang.gola2912@hotmail.com,8385504190,"29/87, Buch Chowk",Proddatur
C02913,Abhimanyu Dube,abhimanyu.dube2913@outlook.com,6064020246,H.No. 98 Devan Nagar,Varanasi
C02914,Baljiwan Ram,baljiwan.ram2914@gmail.com,8595853953,92/90 Brar Nagar,Gangtok
C02915,Yuvraj Hayer,yuvraj.hayer2915@gmail.com,8405453679,"440, Kashyap Road",Bangalore
C02916,Hemal Nadig,hemal.nadig2916@gmail.com,8162882707,"93/66, Tandon Ganj",Lucknow
C02917,Pallavi Edwin,pallavi.edwin2917@example.in,8647059067,94 Apte Path,Korba
C02918,Jeevika Krish,jeevika.krish2918@gmail.com,8623540517,99/683 Goel Zila,Siliguri
C02919,Dalaja Misra,dalaja.misra2919@outlook.com,7199007300,"H.No. 423, Master Nagar",Solapur
C02920,Eshana Kakar,eshana.kakar2920@gmail.com,8837133336,H.No. 945 Shan Zila,Bally
C02921,Aarnav Amble,aarnav.amble2921@gmail.com,7999323944,"H.No. 15, Master Chowk",Sambalpur
C02922,Aarnav Dhar,aarnav.dhar2922@example.in,9580615150,"22/577, Thakur Nagar",Singrauli
C02923,Christopher Deo,christopher.deo2923@outlook.com,9238523452,93 Babu Ganj,Nagercoil
C02924,Jasmit Patla,jasmit.patla2924@example.in,6580367466,H.No. 16 Bedi Circle,Hospet
C02925,Robert Soni,robert.soni2925@outlook.com,8793282020,"006, Narula",Morbi
C02926,Omkaar Ganguly,omkaar.ganguly2926@example.in,9564359640,47 Peri,Raiganj
C02927,Unni Memon,unni.memon2927@yahoo.com,8760771971,H.No. 05 Pai Chowk,Kurnool
C02928,Aarav Morar,aarav.morar2928@yahoo.com,9024679272,"55, Mandal",Korba
C02929,Aarini Dhillon,aarini.dhillon2929@outlook.com,6736144128,"95/292, Bahl Circle",Siliguri
C02930,Zaitra Swamy,zaitra.swamy2930@example.in,6010799954,"H.No. 29, Jha Zila",Rajkot
C02931,Yashodhara Gandhi,yashodhara.gandhi2931@gmail.com,8005101047,"692, Basak Zila",Akola
C02932,Madhav Arora,madhav.arora2932@example.in,6500285719,"09/428, Maharaj Street",Dibrugarh
C02933,Lila Guha,lila.guha2933@yahoo.com,8367163855,"16, Sahni Path",Tumkur
C02934,Andrew Sachdeva,andrew.sachdeva2934@example.in,8012217690,H.No. 16 Kurian Marg,Bettiah
C02935,Chandani Ray,chandani.ray2935@hotmail.com,6113642925,"34/98, Kala Road",Medininagar
C02936,Inaya Zacharia,inaya.zacharia2936@outlook.com,6776551246,"33/12, Puri Circle",Bharatpur
C02937,Oliver Jani,oliver.jani2937@yahoo.com,9323630028,"44/75, Ahluwalia",Imphal
C02938,Nitara Dara,nitara.dara2938@outlook.com,9456262982,31/524 Ganesh Chowk,Silchar
C02939,Matthew Ghosh,matthew.ghosh2939@yahoo.com,7467208405,65/477 Sandhu Nagar,Nagaon
C02940,Dakshesh Anne,dakshesh.anne2940@hotmail.com,8338894571,"46/836, Doshi Zila",Rewa
C02941,Ubika Din,ubika.din2941@hotmail.com,7937092691,11/553 Tandon Zila,Amritsar
C02942,Avi Dhingra,avi.dhingra2942@yahoo.com,9853679077,"48/650, Ghosh Road",Ghaziabad
C02943,Rajeshri Borde,rajeshri.borde2943@example.in,6696141889,"66, Bala Nagar",Tiruppur
C02944,Nidhi Jhaveri,nidhi.jhaveri2944@hotmail.com,8888789978,"04/00, Loyal Street",Burhanpur
C02945,Girish Dara,girish.dara2945@outlook.com,8200823688,"H.No. 39, Dalal Marg",Vadodara
C02946,Krishna Thaman,krishna.thaman2946@gmail.com,9801163987,"H.No. 633, Mohanty Marg",Ramagundam
C02947,Barkha Sidhu,barkha.sidhu2947@gmail.com,7216781880,"248, Dhaliwal Circle",Suryapet
C02948,Wakeeta Narula,wakeeta.narula2948@outlook.com,8663797657,"107, Lata",Mira-Bhayandar
C02949,Bachittar Sahota,bachittar.sahota2949@outlook.com,9069231754,"H.No. 299, Rajan Street",Madanapalle
C02950,Nathaniel Bera,nathaniel.bera2950@example.in,7176076148,H.No. 658 Ben,Mehsana
C02951,Advay Das,advay.das2951@yahoo.com,6065389452,H.No. 94 Srinivas,Korba
C02952,Kalpit Madan,kalpit.madan2952@outlook.com,7924510829,"66, Kaur Path",Patiala
C02953,Raksha Mangat,raksha.mangat2953@example.in,8165352404,"31, Soni Zila",Narasaraopet
C02954,Yug Taneja,yug.taneja2954@hotmail.com,8061276364,"88, Sarraf Circle",Morena
C02955,Vedhika Nair,vedhika.nair2955@example.in,7592616774,037 Rastogi Road,Sangli-Miraj & Kupwad
C02956,Chaitanya Batta,chaitanya.batta2956@outlook.com,9420445045,H.No. 21 Borde Marg,Kadapa
C02957,Divya Char,divya.char2957@yahoo.com,6450533098,29/327 Devi Street,Kumbakonam
C02958,Abha Gokhale,abha.gokhale2958@outlook.com,9793190867,"14/602, Guha Road",Bhiwani
C02959,Netra Aurora,netra.aurora2959@example.in,7236001676,98 Sandhu Marg,Bhimavaram
C02960,Anika Bahri,anika.bahri2960@gmail.com,6925620148,91 Choudhry Ganj,Guntakal
C02961,Ekaraj Thaker,ekaraj.thaker2961@outlook.com,7327647857,"H.No. 718, Atwal Marg",Uluberia
C02962,Deepa Sodhi,deepa.sodhi2962@outlook.com,9389155334,436 Cheema Road,Nizamabad
C02963,Pallavi Chaudhuri,pallavi.chaudhuri2963@gmail.com,8313523037,H.No. 986 Sandal Chowk,Anantapur
C02964,Balhaar Bhattacharyya,balhaar.bhattacharyya2964@yahoo.com,9485634725,H.No. 06 Seshadri,Avadi
C02965,Advik Warrior,advik.warrior2965@outlook.com,8789668114,"H.No. 652, Prabhakar Ganj",Nanded
C02966,Jatin Ahuja,jatin.ahuja2966@example.in,6625753346,H.No. 432 Saxena Zila,Chinsurah
C02967,Hardik Lal,hardik.lal2967@yahoo.com,8795310989,H.No. 995 Ramesh Chowk,Hyderabad
C02968,Nandini Batra,nandini.batra2968@outlook.com,9187556366,"16/18, Pillai Chowk",Buxar
C02969,Finn Oommen,finn.oommen2969@yahoo.com,8207163739,"30/52, Dada Ganj",Khandwa
C02970,Upma Oommen,upma.oommen2970@outlook.com,9347112910,"H.No. 85, Kaur Zila",Aligarh
C02971,Ikshita Mall,ikshita.mall2971@gmail.com,9916787375,96/200 Dey,Bijapur
C02972,Ronith Gandhi,ronith.gandhi2972@hotmail.com,6443078070,"03, Dugar Nagar",Allahabad
C02973,Abhimanyu Dora,abhimanyu.dora2973@example.in,6164674832,"H.No. 62, Nanda Path",Eluru
C02974,Ira Raval,ira.raval2974@gmail.com,9936919848,"643, Kari Marg",Serampore
C02975,Rachana Som,rachana.som2975@outlook.com,6301892279,69/45 Balan Nagar,Asansol
C02976,Jackson Chad,jackson.chad2976@hotmail.com,8031760440,"41, Mitra Path",Morbi
C02977,Indali Sundaram,indali.sundaram2977@gmail.com,9240978466,"H.No. 88, Ahuja Zila",Pudukkottai
C02978,Upasna Bhatt,upasna.bhatt2978@hotmail.com,7520480327,"85/748, Majumdar Road",Thane
C02979,Chandani Bhandari,chandani.bhandari2979@hotmail.com,8101597794,69/34 Ramesh Chowk,Nizamabad
C02980,Rehaan Chaudhary,rehaan.chaudhary2980@hotmail.com,9751420184,H.No. 81 Mutti Zila,Ambarnath
C02981,Jagdish Raj,jagdish.raj2981@example.in,7229166341,61/486 Rai Ganj,Bikaner
C02982,Wriddhish Chaudhuri,wriddhish.chaudhuri2982@hotmail.com,7342654519,H.No. 69 Barman Zila,Jaipur
C02983,Manan Kale,manan.kale2983@hotmail.com,7414802253,99/112 Minhas Zila,Suryapet
C02984,Watika Kalita,watika.kalita2984@gmail.com,8808518194,"H.No. 00, Desai",Bhavnagar
C02985,Nachiket Rout,nachiket.rout2985@yahoo.com,9207213807,"77/781, Chacko Circle",Ambattur
C02986,Isha Misra,isha.misra2986@hotmail.com,7110606301,"05/55, Saha Zila",Hindupur
C02987,Ishanvi Venkataraman,ishanvi.venkataraman2987@example.in,6057381423,"98/95, Kothari Nagar",Pimpri-Chinchwad
C02988,Qarin Loke,qarin.loke2988@hotmail.com,9835939924,"H.No. 940, Yadav Marg",Jamnagar
C02989,Lila Om,lila.om2989@yahoo.com,9936390894,"64/403, Saha Road",Sambalpur
C02990,Tejas Dani,tejas.dani2990@example.in,6076348640,"H.No. 316, Prasad Zila",Avadi
C02991,Thomas Saraf,thomas.saraf2991@example.in,8548240082,55/10 Sankar Nagar,Bahraich
C02992,Nimrat Sura,nimrat.sura2992@yahoo.com,8597135504,46/31 Khosla Ganj,Ambattur
C02993,Tejas Sharma,tejas.sharma2993@yahoo.com,8455473959,38/076 Boase,Gudivada
C02994,Arya Pandya,arya.pandya2994@outlook.com,8402766032,87 Varghese Path,Nangloi Jat
C02995,Kabir Kari,kabir.kari2995@outlook.com,6768802689,03/386 Parsa Zila,Raichur
C02996,Chanchal Nagi,chanchal.nagi2996@outlook.com,9826828626,"90/79, Sabharwal Ganj",Buxar
C02997,Charita Sachar,charita.sachar2997@example.in,8811958594,22/431 Aggarwal Marg,Rohtak
C02998,Lila Anne,lila.anne2998@example.in,8262716976,"08, Upadhyay Street",Phagwara
C02999,Libni Baria,libni.baria2999@yahoo.com,7512191957,"193, Issac Ganj",Tirunelveli
C03000,Finn Guha,finn.guha3000@outlook.com,8160205878,35/479 Nayar Circle,Jaunpur
