customer_id,name,email,phone,address,city
C02658,Rehaan Mahajan,,,35 Shetty,
,Lekha Mitra,,,,
,,,,,
,Ekansh Sodhi,,,,
,,,,,Vadodara
C02957,Divya Char,divya.char2957@yahoo.com,6450533098,29/327 Devi Street,Kumbakonam
N00085,Warjas Kata,warjas.kata3085@gmail.com,7696195872,"011, Shan Nagar",Morbi
N00260,Raagini Bassi,raagini.bassi3260@yahoo.com,8998534235,H.No. 91 Kakar Chowk,Ghaziabad
,Yamini Roy,,,46 Solanki Ganj,Panvel
N00235,Karan Viswanathan,karan.viswanathan3235@hotmail.com,7861827888,H.No. 30 Chandran Ganj,Karimnagar
C01131,Faris Pal,,,"77, Dave Street",
C01529,Kevin Mannan,,8082066985,,
C01165,Ikshita Swamy,ekalinga.narayanan48812@example.in,8014527723,H.No. 977 Morar,Udupi
C00958,Siya Kaur,siya.kaur958@yahoo.com,6863800006,"91/94, Narayan Street",Vijayanagaram
,,,,,
C01580,Mekhala Golla,mekhala.golla1580@example.in,7526250384,434 Kar Circle,Durg
C01522,Upasna Bhat,upasna.bhat1522@gmail.com,7124097814,15 Chahal Road,Dhanbad
,Madhavi Agate,,,,
C02101,Nitara Saxena,nitara.saxena2101@yahoo.com,7355778293,26/99 Mani Chowk,Solapur
N00208,Diya Dube,diya.dube3208@example.in,6458138370,534 Venkatesh Nagar,Sri Ganganagar
,Ayushman Sant,,,"11/826, Pai Circle",Raichur
,Darpan Bhatnagar,,,,
C01076,Upadhriti Atwal,upadhriti.atwal1076@gmail.com,9903709496,88/002 Manda Road,Panvel
C00878,Gautami Bedi,gautami.bedi878@outlook.com,9387155829,"70/52, Chaudry Marg",Rourkela
N00381,Anthony Bail,anthony.bail3381@yahoo.com,9204566863,"41, Morar Road",Belgaum
C02666,Adya Yadav,omkaar.salvi2666@yahoo.com,9960209067,"57/92, Tailor Chowk",Jalgaon
C01759,Maanas Ben,maanas.ben1759@example.in,8327069035,61/623 Chaudhuri Street,Kota
N00386,Brinda Gole,brinda.gole3386@yahoo.com,7621767353,H.No. 108 Bava,Tadipatri
C02424,Chanakya Kumar,chanakya.kumar2424@outlook.com,8771308976,"33/07, Karpe Path",Yamunanagar
,,,,,
C02747,Joshua Saran,ekiya.krishna25704@hotmail.com,9130212412,72/43 Loyal Street,Kumbakonam
,DARSH KATA,,6612746349,H.No. 057 Goda Street,Bettiah
C01675,Raagini Keer,raagini.keer1675@example.in,,,Ambattur
,Bhavika Bobal,,,,
N00034,Aadi Mody,aadi.mody3034@gmail.com,9867472224,"71/322, Patla Road",South Dumdum
C00856,Luke Sane,luke.sane856@gmail.com,8440833518,,Karimnagar
C02801,Prisha Gola,prisha.gola2801@yahoo.com,6501023127,55/602 Rout Road,Kolhapur
,Joshua Lala,,,,
C02559,Karan Shah,dev.natt2559@yahoo.com,6418572881,57/94 Rai Chowk,Khammam
N00159,Yuvraj Chatterjee,yuvraj.chatterjee3159@hotmail.com,6923954342,"47/613, D’Alia Chowk",Eluru
C02714,Vaishnavi Ahluwalia,sudiksha.chauhan63058@hotmail.com,9057892356,"H.No. 728, Radhakrishnan",Arrah
N00005,Gavin Singh,gavin.singh3005@hotmail.com,6908427841,"45/83, Deshmukh Circle",Durg
,SAMAR NARANG,,8234277686,H.No. 452 Bumb Street,Hosur
,YOCHANA RAMAN,,6510775494,H.No. 193 Venkataraman Marg,Gandhinagar
N00141,Aachal Mall,aachal.mall3141@gmail.com,9104940755,25/307 Sinha Zila,Belgaum
C00779,Ekta Deshpande,ekta.deshpande779@outlook.com,8119102732,62/663 Nayar Path,Lucknow
C00992,Gaurangi Char,gaurangi.char992@yahoo.com,6723861372,02/765 Tank Street,Miryalaguda
,,ansh.atwal2737@outlook.com,8454472706,,Gaya
C02936,Inaya Zacharia,inaya.zacharia2936@outlook.com,6776551246,"33/12, Puri Circle",Bharatpur
C02870,Hiral Biswas,hiral.biswas2870@outlook.com,8697806783,72/16 Chana Zila,
C02907,Pallavi Goswami,pallavi.goswami2907@gmail.com,9493551247,"H.No. 373, Chacko Street",
C01923,Aashi Nair,aashi.nair1923@yahoo.com,7044099155,09/91 Palan,Bhopal
,Isaiah Saini,,,,Siwan
C02220,Gayathri Sarraf,gayathri.sarraf2220@hotmail.com,,"904, Rau Circle",
N00088,George Swamy,george.swamy3088@hotmail.com,6298605044,"99, Deep Ganj",Karnal
N00311,Jackson Bera,jackson.bera3311@yahoo.com,7381206437,"H.No. 455, Chand Marg",Kanpur
,,,,,Raichur
C02999,Libni Baria,libni.baria2999@yahoo.com,7512191957,"193, Issac Ganj",Tirunelveli
C00646,Zinal Randhawa,zinal.randhawa646@yahoo.com,7771354388,"509, Gola Nagar",Dhule
,RANBIR PANDIT,,7393522425,H.No. 483 Kuruvilla Ganj,Nizamabad
C02879,Yuvraj Baria,omya.sarna58837@outlook.com,7879041198,854 Deep Path,Shimla
C01674,Champak Aurora,champak.aurora1674@hotmail.com,8682858856,"933, Swamy Circle",Serampore
,Bhavya Karpe,,,,Raebareli
,Ubika Loyal,,,,
C02747,Ekapad De,,,72/43 Loyal Street,
N00207,Vedhika Rajan,vedhika.rajan3207@hotmail.com,9170383791,"195, Lata Circle",Sagar
C00479,Harini Barad,harini.barad479@gmail.com,7509360523,"H.No. 067, Mukherjee Nagar",Kamarhati
C02645,Bahadurjit Buch,bahadurjit.buch2645@gmail.com,6273010435,,Guna
C01279,Lakshit Char,lakshit.char1279@outlook.com,,"822, Kari Circle",Jamshedpur
N00127,Xiti Varughese,xiti.varughese3127@gmail.com,7847579994,H.No. 02 Ravel Marg,Jamnagar
C01817,Ria Apte,ria.apte1817@example.in,9908585474,"64/730, Kibe Street",New Delhi
C00916,Chaitanya Chada,,7841238306,H.No. 58 Chahal,
N00339,Abdul Oommen,abdul.oommen3339@gmail.com,9448490998,31/836 Sinha,Gangtok
N00332,Yoshita Narula,yoshita.narula3332@outlook.com,6449790929,"13, Ganesan Circle",Jhansi
N00292,Darpan Tara,darpan.tara3292@yahoo.com,7837348648,20/303 Comar Path,Nagpur
C01051,Laksh Tata,laksh.tata1051@hotmail.com,9988302580,"H.No. 366, Narain Nagar",Tumkur
,,,,,
N00077,Falan Dugar,falan.dugar3077@yahoo.com,7407428807,"16/821, Gupta Street",Pimpri-Chinchwad
C01288,Maya Bava,maya.bava1288@gmail.com,,,
N00014,Anusha Kala,anusha.kala3014@hotmail.com,6046856265,49 Gill Ganj,Jhansi
C01234,Brinda Chokshi,om.iyer1234@yahoo.com,6683258729,H.No. 34 Handa Ganj,Firozabad
N00346,Bhavya Karnik,bhavya.karnik3346@yahoo.com,9728205333,"92/508, Bail Road",Bellary
C00053,Ishanvi Shah,ishanvi.shah53@outlook.com,6354975856,987 Tiwari Road,Machilipatnam
C02488,Vrinda Nayar,vrinda.nayar2488@outlook.com,9924596170,"199, Krish Marg",Ghaziabad
C02084,Vansha Raja,vansha.raja2084@hotmail.com,9195954862,"H.No. 717, Mann Path",Mehsana
C00346,Shivansh Devi,vrinda.mukherjee38157@gmail.com,9178345767,"94/08, Vyas Path",Faridabad
N00150,Aachal Agarwal,aachal.agarwal3150@yahoo.com,6912505003,H.No. 669 Goel Circle,Imphal
N00358,Advay Cherian,advay.cherian3358@example.in,7176669832,"12, Sachdev Nagar",Anantapur
,Falak Brar,,,,
N00239,Nilima Kothari,nilima.kothari3239@example.in,9992922297,96/461 Mukhopadhyay Zila,Ballia
C01774,Gopal Talwar,gopal.talwar1774@example.in,8952349867,96/810 Singhal Path,Thane
C02423,Daksh Dayal,nakul.walla75722@yahoo.com,9488521414,03/931 Sibal,Dhule
N00377,Yagnesh Mittal,yagnesh.mittal3377@yahoo.com,7890258950,"152, Wable Nagar",Amravati
C01688,Devika Brahmbhatt,farhan.bir1688@hotmail.com,9478595939,H.No. 57 Borde Nagar,Kottayam
C01858,Zansi Murthy,zansi.murthy1858@example.in,7934535890,H.No. 43 Chhabra Marg,Pudukkottai
,Megha Naik,,,,
C02917,Pallavi Edwin,pallavi.edwin2917@example.in,7624581062,"87, Bala Chowk",Korba
C02839,Umang Wagle,,9670526801,78 Agarwal Zila,Barasat
C02888,Tejas Patla,tejas.patla2888@hotmail.com,6124597880,"492, Grover Nagar",Bardhaman
C02985,Nachiket Rout,pooja.bawa56533@yahoo.com,9207213807,"77/781, Chacko Circle",Aurangabad
C00203,Mohini Garde,mohini.garde203@example.in,9701537076,"37, Sangha Nagar",Serampore
,,,,,Guntakal
N00330,Nimrat Bera,nimrat.bera3330@gmail.com,6306682374,36/31 Saha Zila,Sagar
,YASHAWINI DIXIT,,7510356657,"395, Sachdeva Nagar",Jodhpur
N00218,Nidhi Badal,nidhi.badal3218@outlook.com,6515434976,H.No. 82 Issac Road,Allahabad
C00550,Kai Thakkar,,,H.No. 77 Dewan Marg,Delhi
C01659,Geetika Bhargava,geetika.bhargava1659@example.in,6226389988,,Phusro
N00177,Balveer Kibe,balveer.kibe3177@outlook.com,9766478845,21 Walia Nagar,Maheshtala
C02550,Qadim Rana,,,16 Shere Street,
C00177,Ronith Bir,ronith.bir177@hotmail.com,9359910742,H.No. 94 Nadkarni Chowk,Sasaram
,Leela Mangal,,,,
C01857,Banjeet Dave,banjeet.dave1857@gmail.com,7083464717,,Raebareli
C00125,Anthony Khalsa,anthony.khalsa125@gmail.com,7171487641,"605, Tella Path",Bijapur
C01869,Farhan Mani,,6248541083,23/964 Vora Marg,
C01918,Devansh Sharma,devansh.sharma1918@example.in,9457807439,"H.No. 201, Sachdeva Ganj",Gopalpur
,,,,,
,AARINI OZA,,6215477346,H.No. 422 Kari Marg,Berhampore
,Vyanjana Samra,,,,
N00123,Banjeet Madan,banjeet.madan3123@gmail.com,8218131615,401 Dash Chowk,Hindupur
C02697,Xalak Devi,xalak.devi2697@gmail.com,,,
C02378,Ethan Gade,ethan.gade2378@gmail.com,9113760113,925 Prabhu Street,Hospet
C01059,Jairaj Pau,lohit.sahota1059@example.in,9674589054,"H.No. 884, Setty Path",Jamalpur
C02546,Girik Bera,girik.bera2546@gmail.com,8827076216,75 Balakrishnan Marg,Raipur
,Dipta Bobal,,,,
,Panini Mander,,,,
C01565,Eshana Chahal,,8409175816,,
C00736,Falak Batta,falak.batta736@gmail.com,8347369874,,Singrauli
C01736,Balveer Suri,,9673275900,,Raichur
,Rachita Baria,,,,Rourkela
C00014,Keya Hayre,keya.hayre14@yahoo.com,8232656018,94/960 Ganesh Path,Ambarnath
C00775,Barkha Sama,barkha.sama775@yahoo.com,6570398593,"H.No. 56, Hans Street",Khammam
C01625,Christopher Verma,,,298 Master,
,Oeshi Butala,,,,
N00155,Faraj Chatterjee,faraj.chatterjee3155@yahoo.com,9717839716,H.No. 94 Garg Street,Saharsa
,,,,,
C01423,Nidhi Zachariah,nidhi.zachariah1423@outlook.com,7427267358,"22, Sem Path",Rajkot
N00053,Yutika Ravi,yutika.ravi3053@yahoo.com,7962701404,"74, Koshy Street",Kishanganj
,,,,,Kulti
C01704,Chandran Swamy,,7265093762,,
C02788,Rudra Sachdev,rudra.sachdev2788@gmail.com,,H.No. 01 Balakrishnan Marg,
C01946,Vincent Malhotra,,,"34, Hora Circle",
C00324,Irya Mane,jhalak.mohan324@gmail.com,7100653697,54/251 Badal Ganj,Mathura
C02168,Bahadurjit Bhagat,nilima.oommen2168@yahoo.com,8779201523,"58, Natt Path",Panchkula
C02902,Dominic Tandon,advaith.mutti95398@gmail.com,7004499474,55/586 Golla Chowk,Bellary
C00578,Dev Nadig,dev.nadig578@example.in,9177496891,401 Badal Circle,Tadepalligudem
C01860,Girik Contractor,girik.contractor1860@gmail.com,7026011639,H.No. 189 Dara Chowk,Bhagalpur
C02271,Harshil Kalita,harshil.kalita2271@hotmail.com,7529726963,"57, Saha Zila",Narasaraopet
C01212,Gaurangi Mann,gaurangi.mann1212@outlook.com,,,
C00833,Lohit Patil,lohit.patil833@yahoo.com,6257675933,H.No. 09 Narain Ganj,Panchkula
C02810,Aarush Sane,,,92/358 Banik Path,Rampur
C00323,Veda Date,veda.date323@example.in,9100240806,86 De Nagar,Kozhikode
,Christopher Sha,,,,
C02643,Eshana Dewan,eshana.dewan2643@hotmail.com,,,
N00008,Robert Mitter,robert.mitter3008@yahoo.com,9390259232,"50/38, Barad Path",Avadi
C00583,Qabil Swaminathan,,7750345045,,
,,,,,
C01032,Januja Natt,januja.natt1032@outlook.com,6250858936,"838, Koshy Chowk",Kumbakonam
C01988,Ridhi Kale,ridhi.kale1988@yahoo.com,8970900895,"H.No. 57, Mangal Street",Kurnool
C00370,Vamakshi Bala,,,21 Sama Zila,Dehri
C01302,Gunbir Lad,benjamin.sanghvi97232@hotmail.com,8795614418,"48/31, Contractor Marg",Kochi
C01492,Yashvi Sarraf,yashvi.sarraf1492@hotmail.com,9241590072,"78, Cherian Nagar",Dewas
,Chaitaly Dixit,,,,
C00737,Harish Dhillon,harish.dhillon737@gmail.com,7897344657,"02/012, Kulkarni",Phusro
C01800,Eta Kaul,eta.kaul1800@hotmail.com,7191271007,"722, Tiwari Nagar",Agartala
,DIPTA DATTA,,8230705219,90 Banik Chowk,Phagwara
C01498,Oviya Nagy,,9418076103,284 Muni Street,
C02083,Neelima Mahajan,wyatt.pandya2083@outlook.com,9633300601,"78, Bhatnagar",Deoghar
N00345,Netra Prabhakar,netra.prabhakar3345@hotmail.com,6676400450,85 Sheth Circle,Varanasi
C00669,Chakrika Chaudry,kritika.mukherjee25697@example.in,7070618675,"92/28, Choudhary Ganj",Hospet
,Chasmum Dhingra,,,,
C01068,Vincent Kala,pratyush.bhatia79620@hotmail.com,6622356154,H.No. 169 Sridhar Circle,Kishanganj
C02682,David Bhakta,,9935832125,"98, Randhawa Zila",Korba
C01050,Aradhana Hari,megha.char1050@gmail.com,6959826954,85/435 Lanka Marg,Bulandshahr
,Yoshita Bajaj,,,,
C01955,Tanvi Kuruvilla,tanvi.kuruvilla1955@gmail.com,,,Ahmedabad
,  chaaya verma  ,chaaya.verma592@hotmail.com,,"H.No. 438, Kapoor Zila",Kanpur
,,,,,
C01136,Balvan Ratta,balvan.ratta1136@outlook.com,9434292254,38/085 Sahni Circle,Bhiwandi
C00270,Irya Misra,irya.misra270@example.in,6173604473,38/548 Chanda Nagar,Pallavaram
C01182,Shravya Soman,shravya.soman1182@outlook.com,7241474606,46 Shroff Ganj,Kulti
N00211,Joshua Nanda,joshua.nanda3211@hotmail.com,9285955915,H.No. 88 Desai Zila,Ongole
C00982,Wishi Upadhyay,wishi.upadhyay982@example.in,,,
N00378,Urvashi Desai,urvashi.desai3378@outlook.com,9645416981,"H.No. 894, Ram Marg",Aizawl
,,champak.solanki2007@outlook.com,7908640363,,Raichur
C01193,Dakshesh Minhas,,,"95, Om Nagar",Morbi
N00352,Leela Nayak,leela.nayak3352@hotmail.com,7226141869,23/49 Ratta Chowk,Aurangabad
C02997,Charita Sachar,charita.sachar2997@example.in,8811958594,22/431 Aggarwal Marg,Rohtak
,OLIVER SANGHVI,,7352752331,"H.No. 814, Bhakta Zila",Bongaigaon
C02913,Abhimanyu Dube,,6064020246,,
,Tejas Mani,,,,Begusarai
,Gabriel Kala,,,,
C00614,Yatin Bala,yatin.bala614@yahoo.com,,,Srinagar
C01327,Neha Bhalla,neha.bhalla1327@gmail.com,,"72, Kumar Chowk",
C02769,Siya Chawla,siya.chawla2769@outlook.com,9438298752,973 Madan Road,Bikaner
C01701,Yochana Anand,yochana.anand1701@gmail.com,9890820515,,Noida
C02033,Omaja Dubey,,,"87, Goel Ganj",Amravati
N00082,Chatura Chowdhury,chatura.chowdhury3082@hotmail.com,7608939197,"H.No. 51, Mittal Road",Bally
N00230,Niharika Toor,niharika.toor3230@example.in,8748554968,79/073 Rajan Zila,Nagaon
,,,,,Bettiah
C02226,Aarav Gopal,,,"532, Saxena Nagar",
C00526,Nirja Manne,nirja.manne526@yahoo.com,7570806138,,Tirupati
,,ekta.gill2491@hotmail.com,8606706977,,Haldia
C02606,Ishani Chakraborty,ishani.chakraborty2606@gmail.com,9267428261,"56/133, Raghavan Chowk",Jorhat
C01937,Tanmayi Gokhale,tanmayi.gokhale1937@gmail.com,9322860189,058 Vyas Ganj,
C00598,Hiral Bahl,hiral.bahl598@example.in,7323064166,"12, Aggarwal Zila",Saharsa
C01641,Rayaan Lala,rayaan.lala1641@gmail.com,8063415370,00/67 Doshi,Sri Ganganagar
N00050,Gaurang Pai,gaurang.pai3050@gmail.com,8846594908,"73/292, Solanki Road",Haldia
C02814,Orinder Choudhry,orinder.choudhry2814@gmail.com,6371299957,"H.No. 10, Gill Chowk",Rampur
,  neha kanda  ,neha.kanda76@yahoo.com,,"H.No. 83, Ratta Road",Bihar Sharif
,Nitara Saxena,,,,
C02309,Daniel Varma,daniel.varma2309@hotmail.com,,,Gangtok
N00376,Bachittar Cherian,bachittar.cherian3376@gmail.com,8263465205,79/86 Raja Circle,Bhiwani
C00597,Samesh D’Alia,samesh.d’alia597@yahoo.com,6489646760,"07/59, Zacharia Marg",Bharatpur
N00288,Balvan Randhawa,balvan.randhawa3288@gmail.com,8256461595,435 Koshy Circle,Raichur
C01016,Urvashi Raval,urvashi.raval1016@yahoo.com,9677711723,"52/31, Sandal Circle",Thiruvananthapuram
,Hemal Boase,,,,
N00388,Sudiksha Kurian,sudiksha.kurian3388@yahoo.com,7577448583,52 Nagi Nagar,Danapur
C00517,Jack Dyal,jack.dyal517@gmail.com,,,
,  idika behl  ,idika.behl296@outlook.com,,04/249 Parmar Circle,Gaya
C00181,Eshana Bir,eshana.bir181@yahoo.com,9795342698,"52/97, Sarma Path",Shahjahanpur
N00203,Yachana Saraf,yachana.saraf3203@gmail.com,8895273029,66 Nagi Road,Motihari
C02408,Rajata Kulkarni,hemangini.baria2408@example.in,7066248997,50 Dey Marg,Amravati
C01710,Samuel Ray,samuel.ray1710@hotmail.com,6131418435,,Guna
N00277,Mugdha Loke,mugdha.loke3277@gmail.com,9453212475,"H.No. 628, Pandey Marg",Bhavnagar
N00280,Yatin Kapur,yatin.kapur3280@hotmail.com,8307167448,"H.No. 14, Suresh Path",Siwan
C01018,Manya Ray,manya.ray1018@hotmail.com,9291806530,34/98 Mody Chowk,Vijayanagaram
C01443,Neha Nagar,neha.nagar1443@yahoo.com,9769121808,,
,NATHAN KHARE,,7448188705,52/831 Sathe Path,Sri Ganganagar
C00761,Irya Bedi,irya.bedi761@yahoo.com,,,
N00354,Logan Sidhu,logan.sidhu3354@example.in,6641965436,96/68 Hari Path,Purnia
N00183,Advaith Tara,advaith.tara3183@outlook.com,7120693445,"094, Khurana Chowk",Deoghar
C01322,Harinakshi Prashad,harinakshi.prashad1322@gmail.com,,967 Jain Chowk,Bardhaman
N00226,Azaan Kohli,azaan.kohli3226@gmail.com,8312523057,"H.No. 287, Maharaj Street",Anantapuram
C00636,Meghana Sastry,madhavi.nair34463@gmail.com,9021169504,"H.No. 279, Mital Chowk",Vijayanagaram
,Yoshita Buch,,,,
C02202,Yashawini Chokshi,,,"H.No. 481, Balan Nagar",Coimbatore
C00847,Abeer Gill,,,,Bhopal
,,,,,
N00360,Ayaan Lad,ayaan.lad3360@example.in,7146729768,"86/554, Biswas Marg",Gurgaon
,Yoshita Narula,,,,Shahjahanpur
C02651,Radhika Rajagopalan,radhika.rajagopalan2651@yahoo.com,8951855345,73/174 Raman Zila,Moradabad
C02361,Widisha Yogi,widisha.yogi2361@hotmail.com,9855952952,"31/29, De Marg",Vasai-Virar
C00049,Jonathan Kala,,8346619082,"H.No. 679, Murthy Circle",Bhavnagar
C00112,Arya Dutta,arya.dutta112@gmail.com,,,
C02833,Jai Mall,jai.mall2833@yahoo.com,,"H.No. 755, Varty Path",
C00491,Om Mahal,om.mahal491@yahoo.com,6818033867,33 Wadhwa Street,Phusro
C00197,Qadim Sura,qadim.sura197@outlook.com,8471674301,"77/60, Pillay Path",Raurkela Industrial Township
C00363,Noah Char,noah.char363@yahoo.com,,,
N00112,Dev Sastry,dev.sastry3112@hotmail.com,8709473343,H.No. 75 Shetty Zila,Bidhannagar
N00317,Chakrika Nagi,chakrika.nagi3317@gmail.com,7475123987,H.No. 31 Nair Zila,Morbi
N00361,Janaki Prabhu,janaki.prabhu3361@example.in,9343673027,"18, Mall Street",Pimpri-Chinchwad
C00054,Gaurika Joshi,,9672511899,H.No. 292 Deol Ganj,Jhansi
C02774,Barkha Sankaran,meghana.bera2774@yahoo.com,6460246403,"898, Raju Ganj",Hapur
N00349,Veda Mani,veda.mani3349@yahoo.com,9692596572,"37/852, Shenoy Circle",Secunderabad
C00562,Yashvi Menon,yashvi.menon562@gmail.com,,"86/98, Bhalla Circle",Bhiwandi
C00476,Patrick Zachariah,eesha.keer98918@gmail.com,6888745428,"68/296, Yadav Street",Kamarhati
,NIRJA PALLA,,8936643766,93/21 Dhawan Circle,Bathinda
,Mitesh Gulati,,,,
C02520,Vedant Sachdev,vedant.sachdev2520@gmail.com,,62/335 Dara Chowk,Thoothukudi
N00217,Ekanta Bhavsar,ekanta.bhavsar3217@example.in,8260966501,"H.No. 16, Jayaraman Path",Rajkot
C02244,Karan Sangha,karan.sangha2244@gmail.com,7900631390,"29, Joshi Street",Mirzapur
C01097,Champak Palla,,,86 Anne Chowk,
C00281,Prisha Acharya,prisha.acharya281@outlook.com,9024210190,"276, Dubey Circle",
N00129,Laksh Vohra,laksh.vohra3129@hotmail.com,7430580681,61/38 Sami Road,Ajmer
,  maanav ray  ,maanav.ray232@hotmail.com,,"H.No. 19, Mohan Zila",Amaravati
C00112,Arya Dutta,arya.dutta112@gmail.com,9936372800,H.No. 75 Pingle Road,Warangal
N00191,Michael Nagi,michael.nagi3191@example.in,9160021716,H.No. 782 Nagar,Hubli–Dharwad
,  ojasvi doctor  ,ojasvi.doctor2823@example.in,,91 Narasimhan Zila,Muzaffarpur
C02004,Radhika Ghosh,radhika.ghosh2004@hotmail.com,6333607157,747 Dhillon Zila,
C01109,Agastya Kade,agastya.kade1109@hotmail.com,7171064632,"H.No. 74, Sarraf Road",Morena
,Urmi Varughese,,,,
C02024,Gavin Parmer,gavin.parmer2024@gmail.com,9788249617,"H.No. 97, Murthy Road",Amaravati
C01981,Eesha Bains,eesha.bains1981@yahoo.com,9492125907,80 Narayanan Zila,Panipat
N00200,Barkha Seth,barkha.seth3200@gmail.com,9510668287,"22, Dua Nagar",Ambala
C02777,Mohini Mann,,7018826133,749 Bhatti Marg,Silchar
,,kiaan.gola1881@outlook.com,7075707007,,Sangli-Miraj & Kupwad
,Teerth Kanda,,,H.No. 988 Chaudhari Path,Begusarai
N00367,Ranbir Natarajan,ranbir.natarajan3367@hotmail.com,7620706023,H.No. 04 Narasimhan,Ghaziabad
C00760,Thomas Merchant,thomas.merchant760@example.in,7929215492,"H.No. 863, Ramachandran Zila",Dindigul
C00508,Amrita Mane,shaurya.deshpande32727@yahoo.com,7831527733,"42/40, Shanker Zila",Bhilwara
C00848,Tanvi Palla,tanvi.palla848@yahoo.com,9137290410,"869, Vora Road",Latur
C00233,Siddharth Dyal,siddharth.dyal233@gmail.com,8748020622,"H.No. 31, Dugal Zila",Kakinada
C02666,Omkaar Salvi,omkaar.salvi2666@yahoo.com,9960209067,58 Raja Marg,Jalgaon
,Laban Sem,,,,
N00061,Teerth Khosla,teerth.khosla3061@example.in,7061693766,"H.No. 02, Borah Path",Surendranagar Dudhrej
C02868,Nicholas Jaggi,nicholas.jaggi2868@outlook.com,6112261110,"462, Lad Ganj",Kulti
C00561,Banjeet Ganesh,banjeet.ganesh561@outlook.com,6636761331,72/41 Grewal,Jhansi
C02270,Inaya Ghosh,inaya.ghosh2270@hotmail.com,9970047816,85/35 Nath Chowk,Mira-Bhayandar
C02450,Oni Tak,oni.tak2450@outlook.com,9197148761,H.No. 979 Mammen Ganj,Ludhiana
C00331,Yochana Wason,samar.lad89164@yahoo.com,9170863771,801 Devan Road,Panipat
C00144,Riya Tandon,riya.tandon144@yahoo.com,,,Srikakulam
,Tanvi Balasubramanian,,,"544, Mander Nagar",Adoni
C00364,Zayyan Bandi,zayyan.bandi364@gmail.com,7559318740,860 Kata,Tirunelveli
,,,,,
C00071,Qarin Dada,qarin.dada71@example.in,,,Gandhinagar
C01575,Sachi Wason,sachi.wason1575@outlook.com,8895371227,"H.No. 51, Mitter Path",Tiruchirappalli
C02824,Chasmum Kulkarni,chasmum.kulkarni2824@outlook.com,8523667425,67/500 Doshi Ganj,Varanasi
N00389,Vasana Mukherjee,vasana.mukherjee3389@gmail.com,6547220487,"983, Sheth Circle",Jaunpur
C01209,Jyoti Gola,ekanta.dugar1209@example.in,6655222768,"72/087, Murthy Nagar",Ghaziabad
C01983,Mason Ganesh,anya.bandi1983@hotmail.com,8331496764,"H.No. 645, Saran Zila",Madurai
C02790,Aahana Nagar,anthony.narula2790@yahoo.com,8618947021,"16/06, Modi Ganj",Etawah
C01226,Jeremiah Narayan,jeremiah.narayan1226@hotmail.com,,60/077 Uppal Nagar,
N00371,Nirja Kothari,nirja.kothari3371@gmail.com,8232066579,77 Dave Zila,Dehri
C02748,Madhav Vora,madhav.vora2748@hotmail.com,8690312600,"H.No. 055, Warrior",
C00791,Zehaan Ramaswamy,,6541286195,,
C00160,Yashoda Sule,ucchal.sawhney98462@yahoo.com,6666730197,H.No. 98 Sethi Circle,Indore
C02335,Nidra Dua,nidra.dua2335@gmail.com,7046761123,"94, Prabhu Circle",Tiruppur
,Xalak Sani,,,"H.No. 15, Bhatnagar Street",Katni
C00373,Robert Bhargava,robert.bhargava373@yahoo.com,8019691359,"885, Grewal",Amroha
C02013,Radhika Rau,radhika.rau2013@hotmail.com,9499670264,"31/821, Koshy Path",Burhanpur
N00255,Ranbir Chada,ranbir.chada3255@yahoo.com,6469642872,H.No. 312 Sengupta Chowk,Bhopal
N00336,Ojas Sahota,ojas.sahota3336@example.in,6655764702,H.No. 549 Sagar Circle,Noida
C00353,Aarav Kar,,,,Ramagundam
C01964,Yatan Kamdar,,7162974205,"H.No. 96, Bhatia Ganj",Srikakulam
C00923,Bachittar Sheth,bachittar.sheth923@example.in,6885303221,"H.No. 83, Mandal Marg",Sri Ganganagar
C02912,Umang Gola,,,"29/87, Buch Chowk",
N00212,Krish Dhar,krish.dhar3212@gmail.com,8229534052,47 Narain Nagar,Malegaon
C01726,Zilmil Ganguly,maanav.wable30940@outlook.com,9918562024,"H.No. 76, Sodhi Chowk",Vadodara
C00498,Tristan Lala,tristan.lala498@yahoo.com,7307523192,"H.No. 76, Sampath Path",Bhagalpur
C01479,Balhaar Garde,balhaar.garde1479@yahoo.com,6306894241,82/48 Kashyap Street,Allahabad
,Om Iyer,,,,Firozabad
C01681,Atharv Mangal,,7876174924,,Mangalore
C00658,Harinakshi Dhar,,7145221639,"82, Parmar Chowk",
C02883,Nakul Kapur,nakul.kapur2883@yahoo.com,9775681206,"H.No. 99, Chakraborty Marg",Ongole
N00010,Gaurangi Kadakia,gaurangi.kadakia3010@example.in,9359259596,41/255 Bhagat Path,Nandyal
C01780,Agastya Lala,agastya.lala1780@example.in,,,
C02808,Joshua Kalla,joshua.kalla2808@yahoo.com,8423672250,"H.No. 04, Gill Road",Mau
N00087,Viraj Narang,viraj.narang3087@gmail.com,9892857770,H.No. 80 Tripathi Street,Ahmedabad
N00347,Xalak Padmanabhan,xalak.padmanabhan3347@outlook.com,6050020189,14 Basu Road,Haridwar
C01243,Veda Sandal,pratyush.dua72709@example.in,8190039071,02/46 Mutti Marg,Pondicherry
C01467,Ijaya Goel,mitali.pingle95851@example.in,7938379785,H.No. 436 Dubey Nagar,Bhilwara
C01084,Kashish Radhakrishnan,,,,Jamnagar
C00037,Omya Seth,omya.seth37@example.in,7497330399,67 Murthy Zila,Kota
N00092,Jagrati Rama,jagrati.rama3092@yahoo.com,8050721262,84/07 Kant Circle,Yamunanagar
C00194,Simon Minhas,shivansh.sahni194@hotmail.com,9093476835,39/404 Cheema Chowk,Ozhukarai
N00310,Zayyan Raval,zayyan.raval3310@outlook.com,6099026289,332 Mishra Marg,Madhyamgram
C01647,Sai Ranganathan,avi.dugar1647@gmail.com,9378330807,H.No. 094 Khatri Chowk,Srinagar
C01452,Dhruv Datta,dhruv.datta1452@yahoo.com,9284228953,"800, Dara Circle",Erode
C02854,Xavier Mistry,xavier.mistry2854@hotmail.com,,,Meerut
,,,,,
C00686,Urmi Borde,urmi.borde686@hotmail.com,7527780261,486 Singhal Circle,Akola
N00118,Jalsa Salvi,jalsa.salvi3118@gmail.com,6930454046,"67/63, Dewan Nagar",Sultan Pur Majra
C01655,Jeevika Natarajan,,,23/571 Chawla,
N00394,Vinaya Arya,vinaya.arya3394@example.in,7310339606,"78/76, Kannan",Bilaspur
C00387,Ijaya Bajwa,ijaya.bajwa387@yahoo.com,7426123243,"92/57, Lad Road",Bhavnagar
N00227,Yamini Palan,yamini.palan3227@hotmail.com,7099642510,"05, Bhagat Path",Giridih
,,,,,Madhyamgram
C00375,Amaira Bhargava,yagnesh.grewal375@example.in,6299702576,81/16 Pillai,Madhyamgram
,  hemangini dhaliwal  ,hemangini.dhaliwal509@gmail.com,,"H.No. 47, Kapur Marg",Unnao
C00773,Bina Raval,bina.raval773@gmail.com,9703190453,"16/839, Hayre",Bhatpara
,Naksh Gara,,,,
C01792,Kamala Apte,kamala.apte1792@example.in,7756115134,81/143 Bala Road,Adoni
C00929,Widisha Ramaswamy,widisha.ramaswamy929@yahoo.com,9947430859,838 Chopra Path,Muzaffarnagar
,,,,,
C02804,Daniel Rastogi,daniel.rastogi2804@yahoo.com,,"H.No. 808, Edwin Chowk",
C00491,Om Mahal,om.mahal491@yahoo.com,,,
C00893,Harinakshi Oommen,harinakshi.oommen893@outlook.com,7074632857,44/85 Sridhar Circle,Kumbakonam
C00042,Matthew Gokhale,matthew.gokhale42@gmail.com,7971067250,"H.No. 184, Borah Marg",Salem
C01851,Anusha Padmanabhan,anusha.padmanabhan1851@hotmail.com,8434474510,89/490 Das Nagar,
C00567,Nikita Gopal,nikita.gopal567@outlook.com,6316006697,"H.No. 796, Chacko Street",Durgapur
,Warinder Nori,,,,
C01018,Benjamin Gera,manya.ray1018@hotmail.com,9291806530,32/243 Chad Ganj,Vijayanagaram
C01163,Chandresh Rajagopalan,,7562951977,,
N00342,Teerth Agarwal,teerth.agarwal3342@hotmail.com,9858984768,30/378 Narayanan Marg,Junagadh
,Siya Kaur,,,,Vijayanagaram
C01886,Oeshi Thakur,,,,Arrah
C01478,Kala Hans,kala.hans1478@outlook.com,6410939484,,Rajahmundry
C02100,Aarav Arya,aarav.arya2100@outlook.com,,"01, Natt Chowk",
N00151,Hredhaan Sachdeva,hredhaan.sachdeva3151@yahoo.com,9870011877,10/58 Dhar Circle,Tenali
C01526,Champak Bir,champak.bir1526@yahoo.com,7412525470,"346, Walia Zila",Anantapuram
N00149,Yashvi Koshy,yashvi.koshy3149@hotmail.com,7930993075,"25/51, Wadhwa Path",Gorakhpur
C02053,Tanvi Edwin,tanvi.edwin2053@example.in,9210063438,543 Tripathi Circle,Junagadh
C01764,Warda Jaggi,warda.jaggi1764@gmail.com,7459390527,,Rajpur Sonarpur
C02257,Isaac Palla,isaac.palla2257@example.in,7042030264,"36/637, Rajan Circle",Purnia
N00145,Nitesh Pandya,nitesh.pandya3145@yahoo.com,6970287388,"47, Sengupta Street",Indore
C01509,Aayush Cherian,siddharth.chada59534@hotmail.com,9981807911,862 Joshi Street,Amaravati
C00661,Maanav Deol,maanav.deol661@outlook.com,7390612716,"287, Vala Ganj",Panvel
C00512,Priya Char,priya.char512@example.in,6680789343,"61/720, Agarwal Chowk",Dharmavaram
C00015,Mahika Kamdar,anmol.aurora48100@outlook.com,9824550403,"408, Tella Nagar",Howrah
C02236,Yashvi Doctor,yashvi.doctor2236@example.in,9121728158,,
,Arya Mohanty,,,,
C01421,Patrick Parsa,patrick.parsa1421@gmail.com,8902159460,H.No. 64 Parikh Zila,
N00109,Ladli Sawhney,ladli.sawhney3109@gmail.com,7136419038,"H.No. 517, Chand Path",Kota
N00251,Farhan Saha,farhan.saha3251@hotmail.com,7764632377,01 Bobal Nagar,Kakinada
C01733,Libni Batra,libni.batra1733@gmail.com,,,
C02598,Girik Lad,,,,Jaipur
N00094,Vivaan Cherian,vivaan.cherian3094@gmail.com,7078939278,"H.No. 898, Bahl Road",Tiruchirappalli
,Sachi Thakkar,,,,
,DIPTA DE,,8487304431,"380, Narang Chowk",Narasaraopet
N00063,Sara Bail,sara.bail3063@hotmail.com,8443566298,"35/44, Butala Chowk",Solapur
N00113,Ansh Varty,ansh.varty3113@example.in,6888462644,"H.No. 893, Batra Ganj",Patna
N00039,Elijah Warrior,elijah.warrior3039@example.in,7941214101,"20/124, Thaker Zila",Ujjain
C01104,Nandini Guha,nandini.guha1104@example.in,,,
C00856,Vedhika Subramanian,luke.sane856@gmail.com,8440833518,H.No. 58 Karpe Chowk,Karimnagar
,MANAN RAU,,6585056840,"49/614, Kalita Path",Ramagundam
C00357,Tarak Subramaniam,,,25/20 Dhillon Chowk,Warangal
,Amaira Behl,,,,
C01565,Rudra Vaidya,samaksh.mander14347@outlook.com,8409175816,"04/85, Gupta Street",Sikar
N00272,Harshil Sinha,harshil.sinha3272@yahoo.com,8713273526,"64/17, Ahluwalia Street",Silchar
C00561,Ekiya Bajwa,banjeet.ganesh561@outlook.com,6636761331,"36/45, Dube Path",Jhansi
N00328,Pooja Agrawal,pooja.agrawal3328@hotmail.com,9163759273,"463, Lanka Ganj",Raebareli
C01807,Ishwar Vig,ishwar.vig1807@hotmail.com,7708254516,"H.No. 18, Nagy Road",
,Aarush Raval,,,,Agartala
C00610,Rohan Bala,,,H.No. 371 Rau Street,
C02982,Chakradev Iyengar,wriddhish.chaudhuri2982@hotmail.com,7342654519,"H.No. 249, Dave Road",Jaipur
C00712,Parth Pandit,irya.sem712@outlook.com,8211951954,"39/89, Bhagat Ganj",Gwalior
C00569,Forum Virk,peter.chowdhury569@example.in,6999056767,"69/59, Sem Path",Anantapur
C01116,Ekanta Bassi,ekanta.bassi1116@hotmail.com,,,Narasaraopet
C00267,Krish Mani,krish.mani267@yahoo.com,7920621882,35 Gaba Street,Dhanbad
C01536,Aachal Bhandari,aachal.bhandari1536@gmail.com,6237045676,"H.No. 10, Chowdhury Path",Ratlam
C01552,Turvi Garg,turvi.garg1552@example.in,6920440116,"99/276, Dasgupta Zila",Ahmedabad
N00072,Ryan Chandra,ryan.chandra3072@outlook.com,8411053335,93 Chakraborty,Raiganj
C02812,Gaurika Rajagopalan,,,906 Chana,
C02026,Atharv Dugar,,,"092, Kannan Ganj",Amritsar
C01804,Anya Agarwal,anjali.mitter16289@outlook.com,8690478893,"38/40, Tandon Street",Tezpur
N00190,Victor Bhatti,victor.bhatti3190@example.in,9858601144,H.No. 00 Dass Nagar,Nizamabad
C01735,Charles Butala,,7360464910,,
N00300,Mohammed Kibe,mohammed.kibe3300@gmail.com,6964656157,"H.No. 77, Tella Street",Shimoga
C02867,Isaiah Tripathi,isaiah.tripathi2867@outlook.com,6368876759,,
N00162,Balvan Tank,balvan.tank3162@outlook.com,9937881140,"84, Gopal Circle",Guntakal
C02415,Max Sangha,max.sangha2415@example.in,7806687293,93/588 Kumer Marg,Gangtok
C01750,Vritti Kaul,,8411804181,,Adoni
C00742,Barkha Dasgupta,barkha.dasgupta742@example.in,6343509841,"52/26, Bajwa Road",Ambarnath
C02299,Yatin Kar,yatin.kar2299@outlook.com,8443368063,H.No. 561 Vyas Ganj,Tiruchirappalli
,Ikshita Narayan,,,"09/30, Gade Street",Bidhannagar
C01486,Nidra Pant,,7527515669,,
C00733,Vasana Agarwal,vasana.agarwal733@gmail.com,9151023680,H.No. 010 Cheema Path,Moradabad
C01972,Chameli Mishra,gaurangi.bath48345@outlook.com,6139733918,"H.No. 23, Murthy Zila",Guntur
C02775,Vanya Menon,vanya.menon2775@example.in,,,Dindigul
,,advay.iyengar366@hotmail.com,9199175060,,Lucknow
C01373,Ishani Aggarwal,ekanta.bhalla83350@outlook.com,6291644791,"05/982, Hans Marg",Ahmedabad
,Ishanvi Venkataraman,,,"98/95, Kothari Nagar",Pimpri-Chinchwad
,Kabir Mani,,,,
C02361,Widisha Yogi,widisha.yogi2361@hotmail.com,,,Vasai-Virar
C02634,Eiravati Prabhakar,eiravati.prabhakar2634@hotmail.com,8196782289,162 Bansal Nagar,Pondicherry
C00803,Agastya Nagarajan,agastya.nagarajan803@yahoo.com,9801208120,"874, Kadakia Circle",Kanpur
C00002,Yashica Venkataraman,yashica.venkataraman2@gmail.com,7466356815,"42/22, Koshy Road",Guntur
C01076,Upadhriti Atwal,,9903709496,88/002 Manda Road,
N00168,Amruta Parmar,amruta.parmar3168@example.in,6424373036,"H.No. 78, Swaminathan Ganj",Uluberia
N00055,Indira Nair,indira.nair3055@outlook.com,8908518029,553 Viswanathan Zila,Rajahmundry
N00278,Devika Narula,devika.narula3278@yahoo.com,6342395311,H.No. 48 Chakraborty,Mangalore
C00635,Jyoti Kota,jyoti.kota635@outlook.com,6562161370,60 Dugar Road,Mehsana
C02659,Ekanta Aggarwal,zinal.walia2659@gmail.com,7387123157,149 Borde Nagar,Gangtok
C01957,Tristan Mall,tristan.mall1957@outlook.com,6269132568,,
N00385,Matthew Raju,matthew.raju3385@yahoo.com,9079706358,"487, Bail Chowk",Bareilly
C00773,Bina Raval,bina.raval773@gmail.com,9703190453,,Bhatpara
C02362,Finn Gara,,8063742111,,
C01830,Nathan Prabhakar,,,,Ghaziabad
C01061,Zilmil Rao,vyanjana.madan1061@example.in,8902304301,14/48 Tata Street,Amaravati
C00123,Yatin Patla,yatin.patla123@hotmail.com,,,Fatehpur
C02026,Atharv Dugar,atharv.dugar2026@outlook.com,9964228472,"092, Kannan Ganj",Amritsar
,Aarush Subramaniam,,,,
C01518,Brijesh Sachdev,brijesh.sachdev1518@hotmail.com,7859285476,"H.No. 420, Dhaliwal Zila",Pimpri-Chinchwad
N00216,Upadhriti Vaidya,upadhriti.vaidya3216@gmail.com,6481013591,"H.No. 59, Srivastava Marg",Howrah
C02876,Gautami Krishna,,8204632563,27/25 Balasubramanian Path,
C02341,Ganga Sura,ganga.sura2341@yahoo.com,,"79/868, Subramanian Street",Panvel
C01431,Lavanya Virk,lavanya.virk1431@hotmail.com,6273260970,H.No. 59 Solanki Marg,Navi Mumbai
,,,,,Avadi
,Ekantika Bali,,,39 Choudhary Chowk,Gudivada
C01168,Osha Korpal,,9871586786,"63/535, Bora Road",
C00106,Dakshesh Prabhakar,dakshesh.prabhakar106@yahoo.com,9339681525,"H.No. 52, Kapur Zila",Ramagundam
C02061,Rachana Panchal,,,42/770 Gupta Ganj,
,  faraj dyal  ,faraj.dyal755@outlook.com,,"30/852, Basu Circle",Nanded
C00813,Oviya Saini,gautam.goyal94940@gmail.com,7015926230,"642, Bhatti",Bharatpur
N00131,Amara Grover,amara.grover3131@gmail.com,6298507889,30/64 Korpal Nagar,Ghaziabad
C00312,Anthony Mahal,anthony.mahal312@gmail.com,8245825500,"52/427, Hayre Street",Karaikudi
C01887,Arjun Munshi,arjun.munshi1887@gmail.com,6341222881,"47, Shah Ganj",Kollam
C01317,Daksha Grover,daksha.grover1317@example.in,6836008902,"H.No. 271, Mand Chowk",Gulbarga
C00400,Madhavi Agate,madhavi.agate400@hotmail.com,,,Nangloi Jat
,Yasti Dhaliwal,,,,
,Turvi Rau,,,,Dharmavaram
C02204,Charvi Rai,charvi.rai2204@gmail.com,8649808344,"09/869, Banik Circle",Guntur
C00335,Idika Pillay,idika.pillay335@yahoo.com,6142909552,"H.No. 058, Sood Nagar",Guna
,Bhavini Kaul,,,,Nagaon
N00380,Charan Karnik,charan.karnik3380@yahoo.com,9279475979,"61/28, Kaul Ganj",Ambattur
C02087,Kabir Tank,kabir.tank2087@outlook.com,8639938391,"H.No. 53, Sama Circle",Bongaigaon
,,,,,Kottayam
,GAGAN SURA,,8789852232,"473, Rai Street",Muzaffarnagar
C01507,Prisha Menon,prisha.menon1507@example.in,,"67, Natt Nagar",
,  chandresh saha  ,chandresh.saha1970@gmail.com,,H.No. 788 Babu Circle,Mau
,Warhi Sen,,,,
C02835,George Mittal,george.mittal2835@hotmail.com,9293024076,858 Char Nagar,Proddatur
N00308,Tripti Ramaswamy,tripti.ramaswamy3308@outlook.com,7766798336,97/026 Chandra Marg,Mahbubnagar
N00219,Qushi Lanka,qushi.lanka3219@example.in,8182105895,"054, Mall",Naihati
C00521,Ansh Prabhakar,ansh.prabhakar521@yahoo.com,6259193163,"92, Kumer Chowk",
C02994,Arya Pandya,,8402766032,,
,Azaan More,,,"H.No. 42, Aggarwal Circle",Loni
N00350,Kala Sandal,kala.sandal3350@outlook.com,7938470569,"67/73, Dugar Zila",Kumbakonam
N00359,Vyanjana Sekhon,vyanjana.sekhon3359@gmail.com,8032128454,"460, Nadkarni Circle",Tirupati
C01800,Eta Kaul,eta.kaul1800@hotmail.com,,,
C00824,Aarna Oak,aarna.oak824@gmail.com,9636976349,89/824 Parekh Zila,Yamunanagar
N00324,Dhriti De,dhriti.de3324@gmail.com,9291428451,"754, Joshi Road",Medininagar
,Thomas Gokhale,,,"H.No. 265, Solanki Marg",Howrah
C02989,Lila Om,lila.om2989@yahoo.com,6092178934,"64/403, Saha Road",Sambalpur
C02315,Jai Sarraf,jai.sarraf2315@hotmail.com,7918999852,354 Sehgal Ganj,Karaikudi
C00191,Bahadurjit Khurana,bahadurjit.khurana191@yahoo.com,,"14/878, Barman Circle",
,Tanmayi Nadkarni,,,,Saharanpur
C02494,Jagdish Sahota,jagdish.sahota2494@yahoo.com,,48/759 Devan Path,Narasaraopet
C01768,Dalaja Sawhney,dalaja.sawhney1768@yahoo.com,9892968538,"30/861, Apte Path",Sirsa
C00220,Nathaniel Din,nathaniel.din220@example.in,6111117119,80/05 Kant,Tezpur
,,,,,
C02218,Faqid Baria,faqid.baria2218@example.in,6472041531,"82/65, Bhatnagar Path",Maheshtala
N00185,Abhimanyu Kapur,abhimanyu.kapur3185@outlook.com,7292413077,955 Vig Street,Ramgarh
C02517,Zilmil Raja,zilmil.raja2517@outlook.com,8500347975,H.No. 67 Sabharwal Marg,Kumbakonam
C02448,Ati Taneja,ati.taneja2448@hotmail.com,6317077017,"31/00, Raman Zila",Karimnagar
N00344,Arjun Sahota,arjun.sahota3344@example.in,9909586113,H.No. 49 Wali,Guwahati
,  tejas patla  ,tejas.patla2888@hotmail.com,,446 Pall Ganj,Bardhaman
C00604,Arjun Rajan,arjun.rajan604@outlook.com,,,
C00754,Nidra Bera,,9102196659,"H.No. 68, Kade Path",Dehradun
,Ganga Bhatti,,,,Mira-Bhayandar
N00040,Chanakya Sen,chanakya.sen3040@outlook.com,8819218662,H.No. 92 Sastry Path,Bharatpur
C00730,Gagan Memon,,8172133022,,
,,ojasvi.kala1042@example.in,7984495055,,Nagpur
C00725,Dayamai Mani,dayamai.mani725@yahoo.com,7556421194,"209, Goda Nagar",Akola
C01157,Noah Andra,,,288 Chaudhuri Street,
,Chandran Venkataraman,,,,
C00438,Megha Sekhon,utkarsh.date36055@outlook.com,8650839223,"65, Bhakta Nagar",Sasaram
,Ryan Chaudhry,,,,
N00351,Sai Kuruvilla,sai.kuruvilla3351@yahoo.com,7851673070,92/400 Lalla Zila,Pudukkottai
N00184,Yoshita Sathe,yoshita.sathe3184@hotmail.com,7076633421,H.No. 843 Bobal Circle,Tadepalligudem
,,,,,
N00245,Avi Badal,avi.badal3245@hotmail.com,7816613201,"15/52, Prabhakar Chowk",Rajpur Sonarpur
C00738,Barkha Hans,barkha.hans738@gmail.com,9555434403,"99/77, Kota Circle",Ludhiana
C02708,Aarna Iyengar,,,43/907 Morar Marg,Bhavnagar
C01752,Wyatt Khare,wyatt.khare1752@outlook.com,9758300839,56/37 Khatri Chowk,Bidar
,,,,,Yamunanagar
,TRISTAN SANKAR,,9677643804,918 Yohannan Ganj,Ramgarh
C00717,Jagvi Swamy,jagvi.swamy717@gmail.com,7619343181,56 Choudhary Path,Sultan Pur Majra
N00364,Vincent Behl,vincent.behl3364@outlook.com,8717246501,"H.No. 79, Raj",Rohtak
C00540,Falguni Balakrishnan,,7384686415,21 Bajaj Street,Machilipatnam
N00057,Fiyaz Soman,fiyaz.soman3057@example.in,9809347774,679 Bahl,Muzaffarpur
C02487,Balveer Sharma,bakhshi.hegde2487@outlook.com,8202217260,346 Dyal,Shivpuri
C00159,Anthony Jayaraman,anthony.jayaraman159@yahoo.com,,"H.No. 212, Edwin Street",Udupi
C02696,Xiti Manne,xiti.manne2696@gmail.com,8653183881,,
,Madhav Vora,,,,Erode
C01937,Tanmayi Gokhale,adweta.sharma45819@example.in,9322860189,058 Vyas Ganj,Kishanganj
C00089,Amara Randhawa,amara.randhawa89@hotmail.com,6500721461,57/936 Char,Nagaon
C00724,Riya Pathak,,7171996625,,Tadepalligudem
C00148,Tanvi Balasubramanian,,7179075614,"544, Mander Nagar",
N00038,Jagrati Rana,jagrati.rana3038@hotmail.com,8236408830,"01, Shroff Road",Secunderabad
N00254,Dhruv Parmer,dhruv.parmer3254@gmail.com,8500154053,12/08 Deshpande Circle,Sirsa
,Eshana Kakar,,,,
C01177,Tarak Bumb,tarak.bumb1177@gmail.com,9126362587,12/528 Dugar Circle,Nandyal
C02224,Lohit Mani,,7573957270,76/21 Memon Ganj,Pune
C02521,Watika Thakur,arya.dara78204@example.in,6704956564,88/99 Biswas Ganj,Bhusawal
C00974,Shravya Raja,,6905717634,"H.No. 41, Sawhney Road",Kota
N00074,Balvan Nadkarni,balvan.nadkarni3074@outlook.com,7247483430,H.No. 375 Prasad Circle,Anantapuram
C01901,Bina Sagar,chakradev.dubey33353@example.in,6356685568,H.No. 883 Sem Nagar,Hosur
,Barkha Dasgupta,,,"52/26, Bajwa Road",Ambarnath
N00046,Anjali Sarin,anjali.sarin3046@yahoo.com,9810723747,H.No. 820 Choudhary Nagar,Bhalswa Jahangir Pur
C01026,Maya Grewal,maya.grewal1026@example.in,,,
N00282,Idika Sanghvi,idika.sanghvi3282@outlook.com,7156824674,"414, Barman Street",Guntakal
C01637,Pranit Padmanabhan,pranit.padmanabhan1637@gmail.com,,,
C01215,Bahadurjit Ram,bahadurjit.ram1215@gmail.com,,43 Sharma,Amaravati
C02028,Ekantika Sanghvi,,7886068670,H.No. 010 Sodhi Nagar,Alwar
,Ranbir Chanda,,,H.No. 90 Borah Chowk,Kota
C02500,Chatura Nazareth,chatura.nazareth2500@example.in,8382037063,,Kirari Suleman Nagar
C01776,Sanya Krishnan,,,"08/26, Majumdar Path",
C00167,Adweta Soni,adweta.soni167@gmail.com,,"H.No. 31, Verma Zila",Amritsar
,,,,,
,,inaya.mohan309@outlook.com,9728654525,,Vasai-Virar
C00059,Mahika Chander,mahika.chander59@example.in,6307438633,"96, Babu",
N00090,Kamya Dayal,kamya.dayal3090@yahoo.com,9095765073,"12/404, Ratta Chowk",Vellore
C01279,Lakshit Char,lakshit.char1279@outlook.com,8584722322,"822, Kari Circle",Jamshedpur
N00244,Banjeet Rana,banjeet.rana3244@example.in,9588358903,"99/943, Sharma Marg",Hyderabad
C01901,Sanya Warrior,sanya.warrior1901@outlook.com,6356685568,H.No. 883 Sem Nagar,Hosur
N00224,Ladli Kohli,ladli.kohli3224@yahoo.com,6702515310,"556, Devan Nagar",Tinsukia
C02598,Girik Lad,girik.lad2598@hotmail.com,6380753865,"805, Radhakrishnan Zila",Jaipur
C00028,Pranit Mangat,pranit.mangat28@yahoo.com,7407336375,"80, Rastogi Street",Naihati
C00417,Vedhika Mand,,9940207252,"H.No. 236, Babu Path",
C00059,Mahika Chander,mahika.chander59@example.in,9136168283,"96, Babu",Singrauli
C02597,Rajata Bala,rajata.bala2597@gmail.com,6585734490,,Ambarnath
,AGASTYA LALA,,6137852363,90 Gour Chowk,Ulhasnagar
C02277,Reyansh Pandya,reyansh.pandya2277@gmail.com,8448197821,"H.No. 86, Varughese Path",Sambalpur
N00067,Chakradhar Randhawa,chakradhar.randhawa3067@example.in,8590786088,H.No. 778 Nair Street,Mirzapur
C01178,Upkaar Chakrabarti,,,,Shahjahanpur
N00313,Chaaya Ghosh,chaaya.ghosh3313@example.in,9254645313,28/33 Menon Road,Jodhpur
C00253,Lajita Gupta,,,,Kadapa
C00166,Zehaan Thaker,zehaan.thaker166@yahoo.com,8025435837,"628, Sarma Path",Hindupur
,Hamsini Brahmbhatt,,,,
C01764,Warda Jaggi,warda.jaggi1764@gmail.com,7459390527,"060, Dubey Path",Rajpur Sonarpur
C02572,Libni Wali,libni.wali2572@outlook.com,9926279557,982 Balakrishnan Path,Tiruvottiyur
C02944,Nidhi Jhaveri,nidhi.jhaveri2944@hotmail.com,8888789978,"04/00, Loyal Street",Burhanpur
C00308,Qabil Samra,qabil.samra308@yahoo.com,7765118580,60 Rama Street,Chandigarh
C01396,Hemani Thakur,,,"580, Sant Zila",
C01532,Chandresh Desai,sanya.mani17724@gmail.com,6795813103,"H.No. 15, Bhatnagar Street",Katni
N00293,Damyanti Vig,damyanti.vig3293@outlook.com,8115817231,61 Hora Road,Kottayam
C00313,Ubika Narula,aarnav.chopra98812@outlook.com,8189846702,71/832 Goswami Road,Unnao
C01067,Om Kunda,om.kunda1067@hotmail.com,6802027462,16/815 Thakkar,Udaipur
,,,,,
C00580,Christopher Varkey,,,"92/741, Choudhry Path",Nellore
C02545,Amara Balay,,,,Hajipur
C02480,Warda Kanda,warda.kanda2480@yahoo.com,7519995273,"68/185, Ramesh Nagar",Nagpur
C00073,Caleb Chaudhary,jagat.badal73@gmail.com,7310795767,"H.No. 18, Desai Marg",Saharsa
C00794,Girindra Gupta,girindra.gupta794@hotmail.com,6012874012,"52/92, Garde Path",Suryapet
C01730,Januja Ramanathan,januja.ramanathan1730@yahoo.com,6244749560,H.No. 774 Bandi Circle,Sambhal
,Wakeeta Aurora,,,"19, Kanda Chowk",Ozhukarai
C02666,Omkaar Salvi,,9960209067,,
C02925,Robert Soni,robert.soni2925@outlook.com,,"006, Narula",
C02784,Zaid Parekh,,6745776166,"71/59, Agarwal Chowk",
C00063,Amaira Sangha,amaira.sangha63@outlook.com,6120541861,"201, Khalsa Street",Raichur
C02415,Max Sangha,max.sangha2415@example.in,,,Gangtok
C02866,Eshana Parsa,eshana.parsa2866@yahoo.com,,93/11 Krishnan Ganj,Loni
C00972,Utkarsh Keer,,,"H.No. 38, Bhardwaj Street",
C02833,Jai Mall,jai.mall2833@yahoo.com,7852507409,"H.No. 755, Varty Path",Asansol
,JOSHUA KALLA,,9154427710,"H.No. 689, Prabhu Marg",Mau
C01261,Yashoda Shenoy,yashoda.shenoy1261@example.in,7629587636,703 Basu,Jabalpur
N00023,Naksh Bhalla,naksh.bhalla3023@yahoo.com,6466150975,H.No. 16 Parikh Chowk,Dehri
C00564,Chatura Kade,chatura.kade564@yahoo.com,8084787465,84/50 Chakrabarti Nagar,Kulti
C00232,Maanav Ray,maanav.ray232@hotmail.com,6490611492,"H.No. 19, Mohan Zila",Amaravati
,,,,,Kirari Suleman Nagar
C00801,Rehaan Sachar,rehaan.sachar801@gmail.com,9732541855,,
N00051,Ranbir Mutti,ranbir.mutti3051@hotmail.com,6777601987,H.No. 66 Hari Path,Narasaraopet
,Siya Chacko,,,,
,Bishakha Shetty,,,,Khammam
C01649,Inaya Pandey,inaya.pandey1649@gmail.com,6523708605,"H.No. 98, Savant Nagar",Bhiwandi
C00885,Wahab Palla,wahab.palla885@yahoo.com,8337608141,"H.No. 91, Tandon Nagar",Surendranagar Dudhrej
C00008,Yug Madan,yug.madan8@yahoo.com,9862667226,"03, Handa Street",Vadodara
,JASMIT WARRIOR,,8108590641,"988, Halder Zila",Kirari Suleman Nagar
C02988,Qarin Loke,qarin.loke2988@hotmail.com,9835939924,"H.No. 940, Yadav Marg",Jamnagar
C01628,Mahika Banik,praneel.naik98032@gmail.com,9318909756,"H.No. 69, Nair Zila",Tiruchirappalli
C02087,Kabir Tank,kabir.tank2087@outlook.com,8639938391,"H.No. 938, Ganguly",Kolkata
N00030,Manbir Chawla,manbir.chawla3030@example.in,8975752074,53/367 Hayer,Jamnagar
C02147,Mason Dugar,mason.dugar2147@hotmail.com,6024345858,H.No. 99 Bala Ganj,Karimnagar
C01221,Bhavya Toor,vasana.subramanian1221@example.in,6413606330,886 Chana Street,Siliguri
,,,,,Chandrapur
N00137,Jatin Acharya,jatin.acharya3137@example.in,7831002387,"H.No. 833, Krishna Marg",Khora 
C01772,Triveni Jaggi,triveni.jaggi1772@yahoo.com,9631848875,H.No. 333 Mani Ganj,Noida
C00966,Laksh Puri,,8483407546,,
C00298,Anya Shah,dhriti.ahuja298@yahoo.com,7763742605,49 Bedi,Aurangabad
C01020,Jeevika Dua,,,,Imphal
N00086,Vansha Kurian,vansha.kurian3086@example.in,8003895765,92/01 Menon,Ludhiana
C00338,Jalsa Vasa,jalsa.vasa338@outlook.com,6378449265,H.No. 03 Ram Nagar,Muzaffarpur
C00915,Yatan Kaur,pallavi.mahajan78906@example.in,6130484084,62 Raja Circle,Varanasi
C00484,Aryan Hegde,aryan.hegde484@example.in,8646047868,H.No. 845 Mohan Road,Patiala
C02446,William Lad,william.lad2446@gmail.com,9318941478,"230, Soman Marg",Nandyal
C02171,Tanish Sachdeva,tanish.sachdeva2171@gmail.com,7105543309,H.No. 743 Varghese,Nagaon
,Dakshesh Prabhakar,,,,
C01407,Omkaar Narasimhan,omkaar.narasimhan1407@example.in,6419818789,"226, Dutt Road",Kottayam
C00683,Udyati Luthra,udyati.luthra683@hotmail.com,9732282637,21/197 Oza Zila,Ongole
,MEGHANA YADAV,,9399426377,"04/550, Parikh Road",Danapur
C02392,Naveen Agarwal,naveen.agarwal2392@hotmail.com,9299722495,"45/88, Parsa Road",
N00289,Forum Rastogi,forum.rastogi3289@hotmail.com,7224127646,"61/146, Bains Chowk",Jalna
C01001,Charan Nagi,charan.nagi1001@outlook.com,7614224845,57/646 Mane Zila,Shahjahanpur
,,,,,
C00739,Devika Saxena,devika.saxena739@gmail.com,7613444454,342 Hans Circle,Raurkela Industrial Township
,  yashawini shere  ,yashawini.shere2519@outlook.com,,H.No. 17 Lad Ganj,Latur
N00187,Laban Malhotra,laban.malhotra3187@gmail.com,8932872281,52/45 Dani Nagar,Varanasi
,  jeremiah mukhopadhyay  ,jeremiah.mukhopadhyay1129@example.in,,"18/068, Talwar Street",Bhiwani
C00167,Adweta Soni,adweta.soni167@gmail.com,6248184978,"H.No. 31, Verma Zila",Amritsar
,Kala Samra,,,,Guntakal
C02335,Nidra Dua,nidra.dua2335@gmail.com,8090708417,"94, Prabhu Circle",Tiruppur
C02702,Henry Pandey,eesha.khanna2702@example.in,9881982554,"09, Karnik Marg",Mango
C02444,Shaurya Bhatti,shaurya.bhatti2444@yahoo.com,8885768246,"H.No. 40, Mody Street",Serampore
C02435,Vrishti Trivedi,vrishti.trivedi2435@hotmail.com,6451776897,"47, Dara Nagar",Pallavaram
C02782,Nitara Srivastava,nitara.srivastava2782@yahoo.com,6457167525,44 Contractor Street,Kozhikode
,,urmi.dhaliwal1809@example.in,7873089461,,Korba
C00087,Patrick Dube,patrick.dube87@hotmail.com,8538026322,"012, Tiwari Chowk",Orai
,Anika Handa,,,,
N00373,Eiravati Sem,eiravati.sem3373@yahoo.com,9533557892,H.No. 259 Sibal Path,Satara
N00390,Vinaya Wadhwa,vinaya.wadhwa3390@gmail.com,7699555251,"096, Mall Path",Jorhat
C02730,Chavvi Chakrabarti,joshua.bandi2730@outlook.com,8622230314,"113, Misra Chowk",Berhampur
C02267,William Pal,william.pal2267@gmail.com,6963551235,"02/16, Ravel",Chandrapur
C02108,Zayyan Sami,zayyan.sami2108@outlook.com,9985917108,"19/783, Varughese Road",Sambalpur
,Peter Jha,,,,
N00124,Zayan Bedi,zayan.bedi3124@yahoo.com,7865303750,H.No. 796 Sachdeva Path,Mango
C00108,Sanya Nagar,sanya.nagar108@gmail.com,6227680529,"32/71, Kala",Gulbarga
C02647,Oscar Lalla,oscar.lalla2647@example.in,6303885357,"59/53, Chokshi Street",Jalna
N00368,Vinaya Keer,vinaya.keer3368@yahoo.com,7083852384,"58/13, Bir Chowk",Salem
C00316,Nihal Chopra,nihal.chopra316@gmail.com,7916312147,165 Balakrishnan Path,Vadodara
,MAX SANE,,8534319874,"030, Misra Zila",Gangtok
C01233,Quincy Khare,quincy.khare1233@outlook.com,,,Nangloi Jat
C00801,Rehaan Sachar,rehaan.sachar801@gmail.com,9732541855,24/741 Vaidya Nagar,Bhagalpur
,Manan Kale,,,,Suryapet
,Aradhana Dave,,,86 Raj Road,Satna
N00134,Anamika Lala,anamika.lala3134@yahoo.com,6529860332,"H.No. 59, Ramachandran Nagar",Etawah
,  ekaraj sami  ,ekaraj.sami2527@outlook.com,,67 Malhotra Street,Vijayawada
N00012,Ekani Kara,ekani.kara3012@gmail.com,9624255659,216 Nath Marg,Siwan
,,tripti.sridhar2683@yahoo.com,8515357106,,Adoni
,Nidhi Zachariah,,,"22, Sem Path",Rajkot
N00399,Eshana Bir,eshana.bir3399@gmail.com,8802699792,"21/17, Mukhopadhyay Zila",Loni
C00306,Vinaya Sawhney,vinaya.sawhney306@hotmail.com,,,
C00121,Ekantika Chowdhury,ekantika.chowdhury121@gmail.com,6811354220,"96/816, Mall Street",Akola
,Utkarsh Badal,,,,
C01115,Nisha Sathe,nisha.sathe1115@hotmail.com,,59/62 Chander Path,
C01811,Anjali Patel,anjali.patel1811@gmail.com,,05 Jhaveri Chowk,
C00779,Ekta Deshpande,ekta.deshpande779@outlook.com,8119102732,"71, Ghosh Path",Lucknow
C00510,Mitesh Wason,mitesh.wason510@outlook.com,9874768167,145 Kaur Nagar,Panipat
,Gaurangi Jhaveri,,,"90/38, Rout Circle",Bihar Sharif
,Amara Balay,,,"H.No. 30, Parikh Road",Hajipur
N00179,Yadavi Khanna,yadavi.khanna3179@hotmail.com,7235304468,H.No. 85 Kadakia Circle,Thrissur
C00248,Ishanvi Mishra,,6058806740,,
C02114,Arya Borde,arya.borde2114@example.in,6083401819,88/026 Halder Road,Naihati
C02636,Wazir Sachdev,,9099477503,"663, Brar Chowk",Gudivada
C02908,Utkarsh Kapoor,utkarsh.kapoor2908@gmail.com,7158590497,"27/12, Mander Nagar",Raipur
C00983,Jasmit Doshi,,8648814740,,
N00220,Timothy Randhawa,timothy.randhawa3220@outlook.com,6055028753,H.No. 557 Savant Path,Fatehpur
C02962,Deepa Sodhi,deepa.sodhi2962@outlook.com,9389155334,436 Cheema Road,Nizamabad
C02307,Ikshita Narayan,ikshita.narayan2307@yahoo.com,,"09/30, Gade Street",
N00334,Nilima Chander,nilima.chander3334@yahoo.com,8691868995,"H.No. 183, Batra Chowk",Meerut
,CHAMPAK PALLA,,7703513135,86 Anne Chowk,Arrah
C01692,Ladli Mangal,ladli.mangal1692@hotmail.com,,"473, Comar Road",Naihati
C01859,Ranveer Bhatti,,6389821512,,
C00743,Ekantika Narayanan,ekantika.narayanan743@outlook.com,9334377705,49/081 Lad Marg,Berhampur
,,ishita.raju1806@example.in,8027190202,,Tiruvottiyur
,,,,,
C01345,Sarthak Murthy,,,,Medininagar
C02073,Rohan Desai,rohan.desai2073@outlook.com,6572656709,"H.No. 59, Sood Ganj",Tumkur
C01424,Arin Raval,arin.raval1424@example.in,7981335052,509 Om Ganj,
C01228,Dhriti Dey,,6509624125,"53/81, Bhatia Nagar",
C00057,Mitali Ramaswamy,mitali.ramaswamy57@example.in,9820432460,45 Dixit Path,Raurkela Industrial Township
C01991,Aishani Ahluwalia,aishani.ahluwalia1991@yahoo.com,6901012517,69 Rastogi Path,Ahmednagar
N00355,Shivansh Devan,shivansh.devan3355@hotmail.com,9000978770,"47/818, Dasgupta Marg",Akola
N00033,Pushti Prakash,pushti.prakash3033@yahoo.com,9181573740,"62, Choudhury Street",Siwan
C02286,Omaja Sandhu,omaja.sandhu2286@yahoo.com,7650534083,590 Butala Circle,Thrissur
C01503,Amruta Dalal,amruta.dalal1503@yahoo.com,7195596372,"93, Pant Road",Aligarh
C01952,Laban Shenoy,laban.shenoy1952@yahoo.com,7512711913,H.No. 895 Bhasin Chowk,Unnao
C00188,Aadhya Sheth,aadhya.sheth188@outlook.com,6724582470,81/87 Doshi Chowk,Darbhanga
C01120,Yashica Behl,,7223042025,,Ghaziabad
,Kalpit Khatri,,,,
C00800,Atharv Jani,atharv.jani800@gmail.com,7485918850,"983, Chandra Street",Ranchi
N00270,Chakrika Thaman,chakrika.thaman3270@yahoo.com,6275100312,35 Gopal Zila,Latur
N00091,Veda Bedi,veda.bedi3091@outlook.com,7608536080,"011, Yohannan Chowk",Jehanabad
C01500,Bimala Basu,bimala.basu1500@gmail.com,6521117789,"55/004, Mani Ganj",Nagpur
,Matthew Gokhale,,,,
C00592,Chaaya Verma,,8703046836,,Kanpur
C02046,Shaurya Shenoy,shaurya.shenoy2046@yahoo.com,,,
C00231,Lakshit Sangha,lakshit.sangha231@gmail.com,9509519981,47 Dugal Ganj,
C02065,William Baria,william.baria2065@outlook.com,8423871609,H.No. 13 Mangal Marg,Ludhiana
,Vincent Barman,,,,Bhiwani
,Onveer Merchant,,,,Howrah
C02314,Tripti Prashad,,8057385230,,
C01472,Peter Jha,,,,Gandhinagar
N00003,Raagini Ray,raagini.ray3003@example.in,7479030098,"66/58, Vora Circle",Bijapur
N00268,Anmol Bobal,anmol.bobal3268@yahoo.com,7177714088,"479, Naidu Chowk",Sri Ganganagar
C00351,Vasana Bose,vasana.bose351@example.in,6277455493,48 Muni Street,Bhilwara
,,prisha.gola2801@yahoo.com,6501023127,,Kolhapur
C00526,Nirja Manne,nirja.manne526@yahoo.com,7570806138,"434, Dhar Chowk",Tirupati
C02759,Zinal Narayanan,,,"H.No. 94, Pai Zila",
,Omya Kurian,,,,
,Harita Ganguly,,,,Berhampore
C02509,Siddharth Kari,,,H.No. 14 Mukhopadhyay Marg,Gurgaon
C02466,Jai Raval,chaitaly.dugar55787@example.in,8442048822,66/608 Kurian Street,Coimbatore
C00697,Sanaya Chada,sanaya.chada697@yahoo.com,6619446468,71 Jayaraman,Bhalswa Jahangir Pur
,,,,,Rohtak
C00339,Ishani Sandal,yasti.narayanan73034@yahoo.com,6332082013,72/04 Narang Marg,Tiruvottiyur
,QADIM ISSAC,,7165184788,"55, Mann Circle",Hapur
C00703,Naksh Lad,naksh.lad703@outlook.com,7274530335,"24, Chauhan Street",Loni
C02858,Aarna Chakraborty,aarna.chakraborty2858@hotmail.com,8397727894,07/58 Ahuja,Kadapa
C02626,Maanas Dey,maanas.dey2626@outlook.com,7459827158,"832, Lal Road",Gudivada
C02705,Pavani Sundaram,pavani.sundaram2705@yahoo.com,,H.No. 73 Uppal Zila,
,Xalak Sani,,,,
C01663,Dhriti Gour,dhriti.gour1663@gmail.com,7247690630,06/28 Lall Circle,Ozhukarai
C00192,Faraj Patil,megha.vora83995@gmail.com,9142128807,638 Sarkar Path,Morbi
C02009,Geetika Hayer,,8235828854,,Pune
N00240,Diya Ben,diya.ben3240@yahoo.com,7730498629,16/84 Madan Marg,Proddatur
C00701,Amruta Bahri,matthew.deshmukh78054@hotmail.com,6874914232,H.No. 468 D’Alia Road,Ozhukarai
,Pranav Batra,,,,Erode
C00571,Barkha Lanka,,9742735608,650 Deep Zila,
C01566,Yagnesh Dayal,yagnesh.dayal1566@example.in,,,
C02246,Nisha Sengupta,,,"16/15, Deo Marg",
C00556,Tanvi Shanker,,6177810620,961 Ghose Circle,
C01038,Daniel Hegde,daniel.hegde1038@example.in,9437124267,"564, Thaman Path",Nanded
,Bachittar Sheth,,,,
N00119,Tara Sami,tara.sami3119@outlook.com,6349917157,88 Vora Chowk,Anantapuram
C02437,Pushti Ratta,pushti.ratta2437@hotmail.com,8575367303,H.No. 38 Anand Circle,Kadapa
C02854,Oni Dara,xavier.mistry2854@hotmail.com,8093704478,H.No. 67 Sawhney Marg,Kavali
N00071,Isha Shah,isha.shah3071@yahoo.com,6913044910,"167, Chahal Chowk",Shahjahanpur
C01129,Jeremiah Mukhopadhyay,jeremiah.mukhopadhyay1129@example.in,7591205890,"18/068, Talwar Street",Bhiwani
N00264,Utkarsh Rau,utkarsh.rau3264@example.in,7775090352,89/877 Palan Ganj,Yamunanagar
C00877,Bhavini Seshadri,bhavini.seshadri877@gmail.com,8710675643,"957, Desai Zila",Jaunpur
,  madhav ganguly  ,madhav.ganguly858@example.in,,"50/943, Ratti Road",Malegaon
C01072,Yashica Mani,yashica.mani1072@gmail.com,6434911358,"H.No. 871, Rana Chowk",North Dumdum
C02142,Nikita Subramaniam,,6130778577,,
N00098,Chandran Dar,chandran.dar3098@example.in,7783207825,"87/421, Samra Ganj",Barasat
,FALAK ARYA,,7527842372,"867, Gupta Ganj",Bally
C00633,Maanas Shah,maanas.shah633@hotmail.com,,H.No. 28 Sekhon Circle,
C01966,Naksh Sengupta,naksh.sengupta1966@gmail.com,7780016152,H.No. 47 Pingle Street,Gangtok
C01436,Sachi Raman,,,,Alappuzha
C00711,Tanish Batta,tanish.batta711@hotmail.com,8468652826,"567, Loke Circle",Baranagar
C02569,Idika Tiwari,idika.tiwari2569@gmail.com,9813004871,19/387 Ganesan Chowk,Ahmednagar
C02002,Frado Varghese,frado.varghese2002@gmail.com,6897979787,"16/56, Kade Nagar",Nashik
N00070,Aarav Shukla,aarav.shukla3070@gmail.com,8250334424,"433, Doctor Path",Bellary
C00095,Banjeet Mannan,,,48/58 Datta Nagar,
,Avi Narayanan,,,,
,,,,,
C00356,Arunima Sani,arunima.sani356@outlook.com,,,
,Harinakshi Prashad,,,,Bardhaman
C01994,Ekavir Konda,ekavir.konda1994@hotmail.com,7000009689,953 Vaidya Street,Orai
C01468,Frederick Reddy,frederick.reddy1468@yahoo.com,8923110522,"74/529, Mody Marg",Nashik
C01746,Agastya Venkatesh,,,,Vijayawada
C00113,Krishna Pant,krishna.pant113@hotmail.com,7678399487,H.No. 850 Rattan Marg,Thanjavur
N00258,Vasana Tella,vasana.tella3258@outlook.com,8888356263,"04, Barman",Sambalpur
N00078,Brinda Issac,brinda.issac3078@gmail.com,7755747685,"40/37, Prashad Street",Kolhapur
C01237,Gautam Chauhan,,7652965818,,
C01904,Brinda Bala,atharv.thaker69843@outlook.com,8381202372,16/132 Behl Street,Udupi
C00372,Anya Dave,,,,Erode
C00866,Ojasvi Cherian,,,,Kishanganj
,,,,,Tiruchirappalli
N00161,Amruta Gade,amruta.gade3161@yahoo.com,6101390896,H.No. 85 Kuruvilla Circle,Bihar Sharif
,  azad deol  ,azad.deol1648@outlook.com,,"40, Devan Circle",Hajipur
C00156,Azaan Khalsa,azaan.khalsa156@outlook.com,7477283855,62/049 Keer Ganj,Hospet
C02118,Kashvi Gill,kashvi.gill2118@outlook.com,7402232606,H.No. 431 Jhaveri Road,Alappuzha
C00905,Jagvi Ghose,jagvi.ghose905@outlook.com,,,
N00062,Aadhya Subramanian,aadhya.subramanian3062@example.in,7344065209,"H.No. 09, Sengupta Nagar",Noida
C00518,Sarthak Chad,sarthak.chad518@hotmail.com,8739509368,,
C01287,Orinder Apte,orinder.apte1287@gmail.com,6544691143,486 Deshmukh Ganj,Bathinda
C02039,Tanmayi Nadkarni,tanmayi.nadkarni2039@gmail.com,6859395408,"56/964, Patla Street",Phusro
N00375,Jeevika Dutta,jeevika.dutta3375@outlook.com,7832128474,56/623 Biswas Road,Ambala
N00059,Vidhi Ratti,vidhi.ratti3059@hotmail.com,7339631028,"01/269, Rajan Zila",Bhopal
N00056,Mahika Sundaram,mahika.sundaram3056@example.in,6150693066,"32, Atwal Circle",Raurkela Industrial Township
,  yahvi goswami  ,yahvi.goswami469@yahoo.com,,91/588 Nagar,Pondicherry
C01173,Ekaraj Wable,ekaraj.wable1173@hotmail.com,,"H.No. 144, Nadkarni Chowk",Chandrapur
C02152,Shivansh Bir,shivansh.bir2152@yahoo.com,9608520702,H.No. 83 Morar,Bulandshahr
C02837,Saumya Merchant,,8809022732,,Udaipur
C01414,Logan Rajagopalan,logan.rajagopalan1414@hotmail.com,9782603459,"52/46, D’Alia Ganj",Jalgaon
C00241,Aashi Ghosh,,7815839769,"H.No. 17, Varghese Ganj",Kochi
C01408,Rachita Baria,rachita.baria1408@yahoo.com,7917497334,121 Lanka,Rourkela
C02958,Abha Gokhale,abha.gokhale2958@outlook.com,,,Bhiwani
C01389,Ekaraj Dass,ekaraj.dass1389@outlook.com,7271897921,"H.No. 766, Banerjee Ganj",Munger
C00142,Xiti Sami,xiti.sami142@yahoo.com,7679996111,"H.No. 17, Banerjee Street",Chinsurah
,,,,,Berhampur
N00326,Avni Raghavan,avni.raghavan3326@outlook.com,8363550905,"07/899, Thaker Ganj",Kota
C01193,Dakshesh Minhas,dakshesh.minhas1193@yahoo.com,7438572098,"95, Om Nagar",Morbi
C00146,Xavier Golla,xavier.golla146@example.in,6631839192,"H.No. 85, Bajaj Marg",Kolhapur
C00541,Dalbir Kakar,dalbir.kakar541@example.in,6101171836,H.No. 958 Desai Road,Rohtak
,Vansha Raja,,,,
C00248,Ishanvi Mishra,ishanvi.mishra248@example.in,6058806740,65 Mahajan Zila,Mumbai
N00201,Ati Sama,ati.sama3201@example.in,8519559651,"04/69, Madan Nagar",Shimoga
C00890,Samar Swaminathan,samar.swaminathan890@example.in,9892264885,H.No. 25 Gala Marg,Dhule
N00021,Anirudh Lanka,anirudh.lanka3021@example.in,9206970189,839 Madan Circle,Jorhat
C02903,Dhruv Swaminathan,dhruv.swaminathan2903@example.in,9349491624,82 Sandal Chowk,Durgapur
C01045,Fariq Butala,fariq.butala1045@hotmail.com,6186573628,"35, Goel Circle",Dhanbad
C01690,Anmol Deep,anmol.deep1690@yahoo.com,6485426710,"18/14, Kulkarni",Solapur
,,bhavani.raj168@example.in,9362808794,,Raurkela Industrial Township
,Qadim Sura,,,,
C02408,Hemangini Baria,hemangini.baria2408@example.in,7269447552,50 Dey Marg,Amravati
C00128,Pranav Cheema,pranav.cheema128@yahoo.com,6463933171,"277, Warrior Street",Surendranagar Dudhrej
C02059,Yochana Pathak,amruta.ramachandran75613@gmail.com,7839017111,"01/916, Lad Nagar",Purnia
N00079,Alexander Merchant,alexander.merchant3079@hotmail.com,6081605909,"784, Ben Circle",Bhopal
C01384,Aishani Ram,aishani.ram1384@hotmail.com,7599414450,"26/697, Sant Nagar",Bellary
N00283,Kashvi Din,kashvi.din3283@yahoo.com,8510623725,62 Bains Road,Jamalpur
C02375,Ubika Bahl,ubika.bahl2375@yahoo.com,9698271962,436 Pandit Zila,Varanasi
C00664,Garima Varkey,,9916422605,45/154 Garg Ganj,Junagadh
C00477,Ijaya Sane,atharv.mukherjee477@hotmail.com,6511959264,"815, Raval",Raebareli
C00279,Hiral Kata,hiral.kata279@gmail.com,,,Hindupur
C01783,Qabil Chana,qabil.chana1783@gmail.com,6144868857,,Bidar
C01843,Nilima Dugar,nilima.dugar1843@gmail.com,7914538962,"54, Sheth Street",Chapra
N00210,Eta Sane,eta.sane3210@gmail.com,6279518622,"38/739, Dube Circle",Orai
C00386,Nicholas Gokhale,nicholas.gokhale386@yahoo.com,7664369758,422 Gokhale Ganj,Indore
N00006,Chandresh Bhatt,chandresh.bhatt3006@gmail.com,6566503714,"H.No. 576, Kala",Sirsa
C02011,Mohammed Mammen,mohammed.mammen2011@hotmail.com,8652939861,"537, Dugar Chowk",Indore
C02371,Lajita Sahni,lajita.sahni2371@outlook.com,8771965741,25/82 Bath Marg,Bettiah
,,gautami.madan2025@outlook.com,9756148190,,Vadodara
C01312,Jack Dora,jack.dora1312@hotmail.com,7526852847,23 Barad Ganj,Khammam
C01525,Nirja Sanghvi,chandran.pradhan1525@yahoo.com,7797527488,"773, Sinha Path",Panihati
C02331,Anita Sen,kalpit.shroff2331@gmail.com,8896386691,"714, Nair Zila",Pali
,Jyoti Suresh,,,,Ramagundam
N00011,Tejas Misra,tejas.misra3011@hotmail.com,6951156829,H.No. 346 Borra Street,Jaunpur
C01564,Yagnesh Srinivasan,,9985845369,"03/465, Naik Circle",Pudukkottai
,,,,,
C02661,Ishani Bir,ishani.bir2661@example.in,6216620328,94/163 Mody Circle,Varanasi
C01235,Daniel Dave,,6214207003,,
N00259,Ishaan Shanker,ishaan.shanker3259@outlook.com,8587682969,"H.No. 44, Shetty Circle",Baranagar
C00749,Rudra Naik,januja.biswas749@hotmail.com,8072766431,"00/45, Batta Marg",Serampore
N00136,Caleb Desai,caleb.desai3136@gmail.com,7908563059,"35, Dalal Path",Dhanbad
C01189,Chaitaly Taneja,chaitaly.taneja1189@gmail.com,6270255384,H.No. 75 Murty Road,Bikaner
C02798,Nakul Radhakrishnan,zayan.pathak2798@yahoo.com,8444446528,"464, Narayan",Bhilwara
N00192,Ranveer Wali,ranveer.wali3192@hotmail.com,7345940867,27/21 Krishnamurthy Nagar,Bhiwani
C02907,Adya Palla,pallavi.goswami2907@gmail.com,9950072194,"H.No. 373, Chacko Street",Lucknow
C02047,Ekansh Wagle,ekansh.wagle2047@yahoo.com,8318512194,"26, Vohra Nagar",Mumbai
C01161,Reva Puri,kashvi.dara1161@outlook.com,8613462735,59 Datta Marg,Dibrugarh
,  keya hayre  ,keya.hayre14@yahoo.com,,94/960 Ganesh Path,Ambarnath
C01247,Divya Naidu,divya.naidu1247@hotmail.com,6678786254,"H.No. 151, Guha Path",Ahmednagar
N00301,Ishani Taneja,ishani.taneja3301@yahoo.com,7900595935,"19/629, Biswas Chowk",Anantapuram
N00148,Jalsa Sankaran,jalsa.sankaran3148@hotmail.com,9070815982,26 Goswami Road,Kadapa
C01534,Hemang Garg,hemang.garg1534@hotmail.com,8469689027,H.No. 282 Johal Street,Rohtak
,,oscar.rana1978@gmail.com,9619504524,,Kanpur
C00687,Advay Sachdev,advay.sachdev687@outlook.com,,79 Varty Road,Agra
C02129,Ekta Konda,,,"H.No. 97, Mittal Ganj",Kottayam
C01748,Eshana Chaudhuri,eshana.chaudhuri1748@yahoo.com,9567833937,73/66 Guha Zila,Hapur
C02335,Nidra Dua,nidra.dua2335@gmail.com,,"94, Prabhu Circle",
C00066,Ayushman Bajwa,ayushman.bajwa66@gmail.com,6014077148,H.No. 112 Vora Ganj,Dhanbad
C02455,Yoshita Mohan,yoshita.mohan2455@example.in,9684444835,"74/760, Yohannan Ganj",
,ISHITA CHAHAL,,6539494372,272 Barad Street,Mumbai
C01655,Kabir Banerjee,jeevika.natarajan1655@outlook.com,6993613060,23/571 Chawla,Mumbai
N00125,Robert Sane,robert.sane3125@gmail.com,8363479055,79 Reddy Path,Alappuzha
C00061,Anirudh Basak,yahvi.dixit35636@yahoo.com,6738973000,47/73 Shere Marg,Varanasi
C00020,Ria Sabharwal,ria.sabharwal20@yahoo.com,,"54/400, Mitra Nagar",Davanagere
C02632,Jagdish Hegde,jagdish.hegde2632@example.in,6768424096,10/773 Sura,Lucknow
,,,,,Chittoor
,,,,,Thoothukudi
,Faraj Patil,,,,
N00029,Caleb Mammen,caleb.mammen3029@yahoo.com,6720405678,"65/10, Gera Chowk",Barasat
N00214,Gopal Maharaj,gopal.maharaj3214@hotmail.com,8859508834,"22/72, Pingle Chowk",Ozhukarai
C02003,Kevin Sawhney,kevin.sawhney2003@hotmail.com,8773910085,"03/75, Dada Circle",Gaya
,DAYITA ANNE,,7876386978,H.No. 65 Sem Circle,Pimpri-Chinchwad
N00233,Yug Rajagopal,yug.rajagopal3233@gmail.com,7121677401,14 Misra Street,Madanapalle
,Nikita Som,,,,
N00353,Nidra Padmanabhan,nidra.padmanabhan3353@example.in,7697914023,74/36 Wason Path,Nizamabad
C00036,Bhanumati Dave,bhanumati.dave36@example.in,7934658697,,Orai
,Alexander Bajwa,,,"H.No. 60, Raval Zila",Gurgaon
C01883,Quincy Chada,diya.memon42184@hotmail.com,6228327357,"51/62, Pall Path",Pune
N00004,Aarav Suresh,aarav.suresh3004@example.in,9801970834,"H.No. 040, Upadhyay Road",Rourkela
N00142,Nandini Bhandari,nandini.bhandari3142@example.in,6721449736,447 Ramanathan Nagar,Nanded
C01600,Liam Panchal,liam.panchal1600@hotmail.com,7408856755,"H.No. 46, Borah Ganj",Bhilai
N00027,Ronith Chander,ronith.chander3027@outlook.com,9704958554,H.No. 475 Kale Marg,Thane
C01070,Rachana Batra,abeer.sachdeva1070@example.in,8640840463,50/65 Viswanathan Zila,Hosur
C02463,Sneha Keer,sneha.keer2463@yahoo.com,8372308855,85/16 Khatri Path,Sagar
N00263,Anmol Kakar,anmol.kakar3263@gmail.com,9419402289,H.No. 462 Sura Circle,Fatehpur
,Zaid Shukla,,,85/446 Dasgupta Road,Bhalswa Jahangir Pur
N00271,Bhavya Kalla,bhavya.kalla3271@gmail.com,9706620252,"84/044, Bains Road",Guwahati
C00669,Chakrika Chaudry,,9187302749,,
N00126,Laban Banerjee,laban.banerjee3126@gmail.com,6928051517,00 Das Chowk,Raiganj
C00884,Vedant Merchant,vedant.merchant884@gmail.com,9619676249,"H.No. 18, Sankaran Chowk",Davanagere
C01531,Pranav Anand,pranav.anand1531@outlook.com,8209869887,"H.No. 76, Singh Chowk",Tiruchirappalli
C00698,Nihal Suresh,udant.malhotra95837@example.in,7892640496,431 Tak Nagar,Etawah
C01294,Isha Devi,isha.devi1294@outlook.com,,"80/04, Sachdev Chowk",
N00178,Eta Chaudhari,eta.chaudhari3178@outlook.com,8506137593,H.No. 40 Mani Ganj,Pune
C01703,Harish Bhalla,,6936433637,"73/55, Baral Road",Raiganj
C01353,Jeevika Ravi,jeevika.ravi1353@outlook.com,9486564186,"904, Choudhary Road",Kozhikode
,Indrajit Kant,,,,
,Henry Mander,,,,Raiganj
C00587,Timothy Sama,umang.parmer587@yahoo.com,9677379590,"H.No. 52, Pal Nagar",Mira-Bhayandar
,Zayyan Sarma,,,,
N00198,Om Grover,om.grover3198@outlook.com,7580329243,"804, Sankaran Marg",Jaunpur
C00028,Pranit Mangat,pranit.mangat28@yahoo.com,8350637922,841 Biswas Chowk,Naihati
C00613,Dhruv Bhargava,dhruv.bhargava613@yahoo.com,8623122407,69/546 Varma Chowk,Pimpri-Chinchwad
N00197,Raksha Goswami,raksha.goswami3197@example.in,8899882840,"H.No. 71, Sinha",Ozhukarai
,Bina Raval,,,,
C02160,Daniel Raval,daniel.raval2160@yahoo.com,9140832958,518 Dass Zila,Kulti
C01105,Siya Chacko,siya.chacko1105@gmail.com,8438113915,"95/516, Bhandari Nagar",Nandyal
N00121,Manan Ganesh,manan.ganesh3121@yahoo.com,7732312447,H.No. 27 Swamy Road,Rajkot
,Dayita Anne,,,,
C00933,Arin Chanda,arin.chanda933@outlook.com,,,Narasaraopet
,,chaman.borra371@gmail.com,6811196577,,Muzaffarpur
C02608,Alka Narayanan,alka.narayanan2608@example.in,8727407450,05/38 Sastry Path,
C02743,Barkha Varty,,7038273601,H.No. 908 Bains Road,Kottayam
N00143,Vivaan Sekhon,vivaan.sekhon3143@hotmail.com,8236359774,798 Sur Ganj,Satna
N00315,Adya Tak,adya.tak3315@outlook.com,9509047739,"166, Kaur Circle",Bijapur
C02574,Ekantika Chakrabarti,ekantika.chakrabarti2574@hotmail.com,9131293183,83/40 Ganesan Street,Kamarhati
C01238,Dev Mammen,tanveer.lalla52051@hotmail.com,8615089042,"49, Khosla Nagar",Parbhani
N00357,Gunbir Narayanan,gunbir.narayanan3357@hotmail.com,9331139693,"H.No. 625, Suresh Marg",Junagadh
,Zansi Ganesan,,,,Bhavnagar
C00283,Bishakha Chaudhry,ekaja.bhagat62729@example.in,8647645313,30/710 Wadhwa Nagar,Nizamabad
C01082,Shivani Dhillon,widisha.om78944@example.in,9812490630,"H.No. 767, Solanki Street",Ratlam
C02445,Pratyush Balasubramanian,pratyush.balasubramanian2445@gmail.com,7694500572,947 Chaudhari Circle,Khammam
N00234,Zaitra Narula,zaitra.narula3234@hotmail.com,9584619631,"04/112, Oza Zila",Bijapur
C02047,Ekansh Wagle,,8318512194,"26, Vohra Nagar",Mumbai
C02989,Lila Om,lila.om2989@yahoo.com,9936390894,,
C01291,Ekaraj Chacko,ekaraj.chacko1291@hotmail.com,7347021788,"80/460, Balakrishnan",Erode
C01774,Gopal Talwar,gopal.talwar1774@example.in,,,Thane
C00003,Daksha Pai,daksha.pai3@outlook.com,7186826128,"09/236, Krishnan Street",
,Jeremiah Mukhopadhyay,,,,
N00225,Sudiksha Apte,sudiksha.apte3225@gmail.com,7719800150,"01/664, Bhat Nagar",Gandhinagar
C00042,Matthew Gokhale,matthew.gokhale42@gmail.com,,,
C01494,Krishna Das,,7041775003,"H.No. 145, Bose Ganj",Sangli-Miraj & Kupwad
C02291,Azad Aurora,azad.aurora2291@gmail.com,7350574647,,
C00468,Timothy Magar,timothy.magar468@yahoo.com,,25/475 Balasubramanian Street,Gandhinagar
C00606,Rayaan Mohan,,9691893708,"H.No. 73, Shetty Road",
C01920,Inaya Kulkarni,inaya.kulkarni1920@example.in,9838895729,"H.No. 36, Puri Ganj",Shimoga
,,nitara.sane576@gmail.com,6376524256,,Durgapur
C00138,Vihaan Dass,vihaan.dass138@gmail.com,6460540597,H.No. 21 Kapoor Street,Rohtak
,Eesha Bains,,,,Panipat
,Qushi Naidu,,,21 Choudhry Nagar,Jamshedpur
C02406,Ekiya Agate,ekiya.agate2406@gmail.com,8540191093,"H.No. 75, Luthra Nagar",Phagwara
C01542,Harshil Dass,,6367578051,,Dhanbad
N00294,Anvi Patla,anvi.patla3294@outlook.com,8448056337,71/36 Datta Marg,Bihar Sharif
C02272,Amrita Sampath,amrita.sampath2272@yahoo.com,7590014742,19/720 Mukhopadhyay Zila,Bangalore
C02663,Mohini Kamdar,mohini.kamdar2663@outlook.com,8967977302,28/19 Madan Path,Amravati
,,,,,Tenali
C01293,Nimrat Baria,,6333115084,035 Madan Nagar,Madurai
C02783,Pranit Yogi,pranit.yogi2783@gmail.com,,,
N00257,Kavya Shenoy,kavya.shenoy3257@hotmail.com,6857345575,"H.No. 95, Butala Chowk",Gaya
,Chandran Swamy,,,,
C00879,Chaitanya Gole,chaitanya.gole879@yahoo.com,9729065609,"117, Date Path",Hapur
N00037,Bachittar Sarin,bachittar.sarin3037@outlook.com,6952991841,"34/65, Srivastava Circle",Delhi
N00102,Maanav Aggarwal,maanav.aggarwal3102@yahoo.com,9102190270,71/54 Zachariah Street,Gurgaon
,,,,,
C02022,Abeer Prashad,,,,Davanagere
C02527,Ekaraj Sami,,,,Vijayawada
C00346,Jackson Agrawal,jackson.agrawal346@example.in,9178345767,,
C02698,Bahadurjit Jhaveri,bahadurjit.jhaveri2698@example.in,6487318478,H.No. 14 Sekhon Chowk,Pallavaram
C02479,Ucchal More,ucchal.more2479@hotmail.com,9843550663,"61, Dutta Road",Mehsana
C02434,Nikita Som,nikita.som2434@example.in,8362326342,"10, Lala Nagar",Anantapuram
C02821,Yahvi Natarajan,yahvi.natarajan2821@example.in,7311613241,"614, Ramachandran Marg",Naihati
C00887,Siddharth Rao,siddharth.rao887@outlook.com,8393648846,"448, Pingle Marg",Thanjavur
,,ekta.ramachandran2442@hotmail.com,6494312308,,Ratlam
N00221,Gagan Varty,gagan.varty3221@outlook.com,8910533888,"H.No. 580, Malhotra Path",Dibrugarh
C01254,Janaki Bhavsar,janaki.bhavsar1254@example.in,9513860184,H.No. 131 Chandran Chowk,Nadiad
C02473,Ishita Chahal,,6539494372,,
,Om Pandya,,,,
C00071,Qarin Dada,qarin.dada71@example.in,9918738121,"H.No. 64, Madan Street",Gandhinagar
,,,,,
,Hemal Boase,,,"H.No. 814, Purohit",Hosur
C01529,Kevin Mannan,kevin.mannan1529@yahoo.com,8082066985,H.No. 142 Raju Road,Muzaffarpur
C01304,Yochana Choudhary,yochana.choudhary1304@example.in,9587289853,"08/41, Shroff Road",Panchkula
N00117,Keya Chakrabarti,keya.chakrabarti3117@gmail.com,8580751261,"614, Jhaveri Nagar",Nellore
,Chandani Deo,,,,
C01556,Daniel Badal,daniel.badal1556@example.in,6008218920,,
N00298,Hema Dalal,hema.dalal3298@outlook.com,8582916178,25 Kakar Chowk,Tezpur
C02770,Neel Tak,neel.tak2770@hotmail.com,6138695080,"58, Kapoor Chowk",
C02180,Aryan Trivedi,abhiram.vasa62416@hotmail.com,9627612326,H.No. 11 Narayan Marg,Hindupur
C00951,Tanay Kashyap,tanay.kashyap951@gmail.com,,"H.No. 22, Varty Path",
C02145,Oscar Wali,,8701812311,,Kanpur
N00156,Aishani Prakash,aishani.prakash3156@example.in,9131236967,"H.No. 878, Pradhan Road",Tadepalligudem
C00766,Kritika Sule,kritika.sule766@yahoo.com,6215240978,"H.No. 710, Raja Nagar",Muzaffarnagar
C02716,Eshana Sandal,,,,Tiruppur
C00583,Qabil Swaminathan,qabil.swaminathan583@example.in,7750345045,"45/98, Hans Road",Barasat
C02556,Meera Kale,meera.kale2556@gmail.com,8501308511,"H.No. 71, Bassi Ganj",Fatehpur
C00994,Qadim Chakraborty,qadim.chakraborty994@outlook.com,,,
C02728,Lucky Deep,lucky.deep2728@hotmail.com,9366609532,55/95 Magar Ganj,Nanded
C00331,Yochana Wason,yochana.wason331@example.in,9170863771,801 Devan Road,Panipat
C02760,Arin Hora,tanay.hayer34818@yahoo.com,7361370926,"14/405, Sinha Marg",Junagadh
C01700,Michael Barad,michael.barad1700@yahoo.com,7967442000,"33/55, Narain Nagar",New Delhi
C01024,Qabil Sarraf,qabil.sarraf1024@example.in,9168171876,542 Ramachandran Chowk,Raurkela Industrial Township
C00309,Inaya Mohan,inaya.mohan309@outlook.com,9728654525,,
C01078,Harrison Sanghvi,harrison.sanghvi1078@yahoo.com,7360744801,"H.No. 33, Ram Street",Mysore
N00075,Anirudh Khurana,anirudh.khurana3075@outlook.com,6151920459,66 Chahal Chowk,Davanagere
N00049,Hemani Wali,hemani.wali3049@outlook.com,7337902927,H.No. 711 Madan,Dharmavaram
,,mitali.ramaswamy57@example.in,9778074582,,Raurkela Industrial Township
C02209,Vincent Mutti,vincent.mutti2209@hotmail.com,9251445922,"H.No. 31, Behl Zila",Bikaner
C02275,Peter Vohra,matthew.sodhi2275@gmail.com,6695313896,"27, Bakshi Street",Bokaro
,Divya Aggarwal,,,,Tezpur
N00042,Tanish Parmar,tanish.parmar3042@hotmail.com,7194013721,"026, Rana Road",Bhagalpur
C01201,Ekalinga Kashyap,ekalinga.kashyap1201@example.in,,,
C00756,Aachal Chaudhary,aachal.chaudhary756@outlook.com,8149105134,25 Kari Chowk,Darbhanga
C00673,Brijesh Misra,idika.naidu673@outlook.com,6858514092,H.No. 502 Mammen Nagar,Srikakulam
N00128,Bishakha Gupta,bishakha.gupta3128@yahoo.com,8496288522,83 Tak Zila,Bhalswa Jahangir Pur
,,gayathri.nayak18@hotmail.com,7326555199,,Gudivada
C00682,Zashil Babu,zashil.babu682@gmail.com,8034952570,"869, Mani Chowk",Belgaum
N00172,Chandran Solanki,chandran.solanki3172@example.in,7832430917,60/01 Choudhry Nagar,Dehri
,Abha Gokhale,,,,
N00309,Imaran Ray,imaran.ray3309@yahoo.com,9922634670,861 Kari Path,Motihari
C01650,Balvan Borde,,,,Akola
N00253,Raghav Gopal,raghav.gopal3253@gmail.com,6596547521,"957, Sarna Road",Coimbatore
,Kala Tripathi,,,,
C02732,Zaid Sani,,8521894940,,
,,,,,Panvel
N00319,Ranbir Bajaj,ranbir.bajaj3319@example.in,8497533562,484 Modi Zila,Durg
C00139,Vrinda Pathak,,8014057369,370 Khalsa Ganj,
C01350,Pavani Bhagat,wriddhish.chana1350@gmail.com,7157124930,"82, Sibal Path",Loni
N00103,Anya Bahri,anya.bahri3103@example.in,9325981582,"60, Narasimhan Marg",Ujjain
C01525,Chandran Pradhan,,7797527488,"773, Sinha Path",
C01062,Jacob Rao,,6796812927,"H.No. 309, Karnik Street",
,,,,,
C01462,Advik Goel,advik.goel1462@gmail.com,9612735197,,
N00182,Bakhshi Pradhan,bakhshi.pradhan3182@yahoo.com,7739318386,"32, Dua Nagar",Jamshedpur
C00243,Adya Varma,,,"61/597, D’Alia Circle",
C00813,Oviya Saini,oviya.saini813@hotmail.com,,"H.No. 68, Wagle Zila",Bharatpur
C02494,Jagdish Sahota,jagdish.sahota2494@yahoo.com,9536571137,48/759 Devan Path,Narasaraopet
C00946,Indira Parikh,ekapad.kunda946@gmail.com,6644205757,"510, Krishnan",Nashik
N00186,Jatin Mangat,jatin.mangat3186@yahoo.com,9077067662,H.No. 962 Sheth Circle,Avadi
N00337,Ria Buch,ria.buch3337@hotmail.com,6216677048,"08/903, Bali Street",Giridih
C02019,Vivaan Tandon,,7663974591,"362, Madan Zila",
N00279,Henry Palan,henry.palan3279@hotmail.com,9954296956,H.No. 222 Kohli Zila,Amaravati
C01685,Wriddhish Ramesh,,,,Srikakulam
C02081,Vyanjana Apte,vyanjana.apte2081@yahoo.com,7712911296,"851, Raval Nagar",Mira-Bhayandar
C02636,Shivansh Krishnamurthy,wazir.sachdev2636@example.in,9099477503,"663, Brar Chowk",Lucknow
C01786,Nimrat Nadkarni,nimrat.nadkarni1786@gmail.com,6635005313,58/25 Dutt Road,Asansol
C02856,Dalbir Hayer,ira.sura2856@hotmail.com,7190586760,"17/74, Dugar Street",Mumbai
C00116,Aarna Patla,aarna.patla116@example.in,6257538112,H.No. 46 Khurana,Kolkata
C02088,Omya Deep,,,"78/507, Kapoor Ganj",
C00429,Ikbal Agrawal,,,,Anantapuram
C00626,Orinder Walia,alexander.memon626@hotmail.com,7733223511,83 Vig Street,Suryapet
,Vanya Dara,,,,Gandhidham
C00872,Meera Nigam,meera.nigam872@outlook.com,8104904045,61 Barad Nagar,
C01016,Urvashi Raval,urvashi.raval1016@yahoo.com,9677711723,,Ahmednagar
C00500,Liam Borra,liam.borra500@yahoo.com,9933518254,"82/551, Om Path",Warangal
C00918,Daniel Barad,daniel.barad918@hotmail.com,9408099424,06 Sood,Rajahmundry
N00232,Jairaj Prabhakar,jairaj.prabhakar3232@hotmail.com,6956767091,95 Ratti Zila,Avadi
C02201,Indali Magar,bhavika.jayaraman92834@gmail.com,9541791241,"H.No. 945, Andra Path",Firozabad
N00305,Advaith Arya,advaith.arya3305@outlook.com,7808037929,"675, Bansal Circle",Vijayawada
C02445,Pratyush Balasubramanian,,7694500572,,
C02463,Sneha Keer,,8372308855,85/16 Khatri Path,Sagar
,  vedant shanker  ,vedant.shanker2179@outlook.com,,"48/32, Patil Chowk",Saharanpur
C00481,Lajita Thakur,lajita.thakur481@hotmail.com,9423890961,"H.No. 659, Bhasin Path",Bokaro
C00217,Ekansh Dhingra,ekansh.dhingra217@yahoo.com,7438751747,"40, Kala Street",Baranagar
C00926,Amruta Wali,nirja.soni44612@example.in,8645026347,H.No. 40 Dalal Road,Sonipat
C00111,Warhi Kaul,warhi.kaul111@gmail.com,6201226959,"30/394, Dada Ganj",Ghaziabad
C02752,Madhav Kari,urvi.pal2752@gmail.com,6925364913,H.No. 58 Bhatnagar Path,Kadapa
N00321,Jackson Dugar,jackson.dugar3321@gmail.com,8638617583,"95/412, Borah",Chinsurah
C02297,Triya Badal,,9785610346,H.No. 28 Wali Ganj,Bhusawal
C01357,Rehaan Kakar,rehaan.kakar1357@example.in,7092381812,H.No. 40 Korpal Zila,Etawah
C02322,Urishilla Patil,,,,Barasat
C02250,Vasatika Nadig,vasatika.nadig2250@gmail.com,6727525336,"65, Ravel Zila",Phusro
N00081,Pranav Tella,pranav.tella3081@hotmail.com,6289521654,"53, Sachdeva Zila",Phagwara
,George Deol,,,"H.No. 914, Mall Street",Morbi
,,,,,
C00574,Gayathri Chaudhuri,gayathri.chaudhuri574@outlook.com,8336860258,"15/89, Thakkar",Nizamabad
C00748,Ekiya Chaudhry,ekiya.chaudhry748@example.in,9565001818,"407, Setty Street",Tinsukia
N00066,Amara Lanka,amara.lanka3066@outlook.com,6139198105,"H.No. 64, Chad",Tumkur
C00043,Gunbir Banerjee,gunbir.banerjee43@gmail.com,6883016525,"H.No. 848, Sharaf Circle",Lucknow
,Chakradhar Hayer,,,,
,,,,,
,Ijaya Sidhu,,,,
C02713,Eiravati Sant,ethan.kaul2713@hotmail.com,8981382905,"H.No. 29, Kara Street",Bikaner
C02809,Madhavi Kohli,madhavi.kohli2809@example.in,7299041172,"95/35, Natarajan Path",Salem
C00329,Damyanti Wadhwa,damyanti.wadhwa329@hotmail.com,7994363665,,Kolhapur
C00289,Darika Grewal,darika.grewal289@outlook.com,8531967569,H.No. 713 Oak Circle,Udupi
C00604,Arjun Rajan,arjun.rajan604@outlook.com,7189778247,"197, Bal Zila",Madhyamgram
,,harish.virk886@hotmail.com,8058804837,,Raebareli
C01260,Vedant Nath,vedant.nath1260@yahoo.com,,,
N00295,Faris Rai,faris.rai3295@example.in,6640176420,18 Shetty Chowk,Bharatpur
C00407,Kabir Dalal,,9309885607,"H.No. 676, Sampath Marg",Gurgaon
N00135,Jeevika Jain,jeevika.jain3135@example.in,7681787243,06 Lalla Zila,Vijayanagaram
C02137,Atharv Soni,sarthak.date2137@gmail.com,8710610746,401 Ganesan Road,Bijapur
C00606,Thomas Parmer,rayaan.mohan606@example.in,9691893708,"H.No. 73, Shetty Road",Muzaffarpur
C00841,Bhavika Lala,,,"H.No. 734, Jayaraman Path",
N00114,Xavier Tata,xavier.tata3114@hotmail.com,8604216681,322 Saran Zila,Gandhinagar
C02778,Charan Sethi,charan.sethi2778@gmail.com,6184218734,59/712 Nayak Nagar,Baranagar
C01997,Pranit Dey,pranit.dey1997@example.in,,,
C02643,Eshana Dewan,eshana.dewan2643@hotmail.com,6076972612,H.No. 189 Sarma,Bidhannagar
N00273,Dalaja Dhillon,dalaja.dhillon3273@gmail.com,9603823309,86/25 Andra,Meerut
N00036,Keya Roy,keya.roy3036@example.in,8660291486,"H.No. 83, Ahluwalia Road",Vasai-Virar
N00400,Yochana Chana,yochana.chana3400@hotmail.com,6756416465,"58, Mannan Street",Kolhapur
C01894,Harshil Sani,harshil.sani1894@yahoo.com,9704486191,H.No. 836 Gulati Circle,Orai
C01484,Tanmayi Johal,omaja.barad1484@hotmail.com,8555182033,"H.No. 81, Ghose Marg",Sasaram
C02608,Alka Narayanan,alka.narayanan2608@example.in,8727407450,05/38 Sastry Path,Agartala
C01360,Jagat Borah,tarak.ramakrishnan88034@example.in,6434512456,"83/908, Mitra Circle",Buxar
C00774,Qabil Hegde,qabil.hegde774@hotmail.com,,"665, Bhardwaj Circle",Sasaram
,Aradhana Devan,,,,
C00846,Suhani Kari,suhani.kari846@outlook.com,6971053894,030 Sagar Zila,Haridwar
,Hredhaan Tak,,,,
C00757,Mekhala Dugal,mekhala.dugal757@hotmail.com,8420616717,"669, Venkatesh Path",Pondicherry
C00881,Sai Date,,9797249849,,
C00917,Abhiram Sandal,abhiram.sandal917@outlook.com,8295489900,"74/526, Bansal Ganj",Chittoor
C00444,Damini Sandhu,damini.sandhu444@outlook.com,,,
C00420,Qabil Pandey,qabil.pandey420@gmail.com,9155184164,"83/148, Borra Zila",Srinagar
,,,,,
N00022,Gopal Acharya,gopal.acharya3022@yahoo.com,6189054348,351 Sama Street,Warangal
N00303,Dominic Contractor,dominic.contractor3303@example.in,8179473590,"H.No. 57, Upadhyay Ganj",Agartala
,,,,,
N00262,Aarna Das,aarna.das3262@hotmail.com,6590538092,09/61 Sagar Road,Pudukkottai
,Xalak Jha,,,,
,,,,,
N00133,Jai Sarin,jai.sarin3133@yahoo.com,8159513975,"67/535, Nori Path",Thoothukudi
C02379,Peter Raj,leena.subramanian2379@gmail.com,9079963819,21 Butala Road,Jodhpur
C00612,Xiti Raja,tripti.doctor612@yahoo.com,6841118158,"770, Krishna Path",Hazaribagh
C02154,Meghana Seth,ladli.borde29000@gmail.com,7785035338,66/891 Lanka Ganj,Ichalkaranji
C02826,Falak Arya,,7527842372,"867, Gupta Ganj",Bally
C02330,Faqid Ghosh,faqid.ghosh2330@example.in,7157007474,"H.No. 53, Sandal Ganj",Dewas
N00043,Maanas Chhabra,maanas.chhabra3043@gmail.com,9735111028,23 Misra Circle,Kadapa
N00393,Sachi Anand,sachi.anand3393@yahoo.com,7826914458,"74/367, Dave Road",Rajpur Sonarpur
C02149,Elijah Mohan,elijah.mohan2149@outlook.com,9276607172,"85, Mangal Zila",Nanded
C01622,Raagini Pall,raagini.pall1622@outlook.com,6267887554,92/23 Sant Zila,Kalyan-Dombivli
C02847,Yachana Keer,yachana.keer2847@example.in,9813355164,02/53 Behl Zila,Jammu
C02591,Raghav Sekhon,raghav.sekhon2591@example.in,8626519697,"H.No. 32, Deep Nagar",Baranagar
C00634,Gagan Gandhi,gagan.gandhi634@yahoo.com,7735130060,"86/15, Bail",Bhavnagar
N00031,Omaja Chander,omaja.chander3031@example.in,8342960724,"19, Cherian Chowk",Dhanbad
N00276,Warjas Devi,warjas.devi3276@example.in,6915889624,"H.No. 07, Parmar Circle",Guntur
N00286,Warinder Bera,warinder.bera3286@hotmail.com,9870716659,"50/622, Nayar",Shimla
C00533,Nihal Subramaniam,nihal.subramaniam533@outlook.com,7492512349,30/761 Pingle Chowk,Tinsukia
C00935,Anita Handa,anita.handa935@gmail.com,7900026461,24 Biswas Path,Kishanganj
C00818,Chameli Tripathi,,7108852843,"59/601, Kala Chowk",Visakhapatnam
C02288,Jyoti Rau,jyoti.rau2288@example.in,9141004336,74/754 Purohit Ganj,Kalyan-Dombivli
C00487,Hredhaan Badami,hredhaan.badami487@hotmail.com,,"397, De Street",Morena
N00384,Abha Chahal,abha.chahal3384@gmail.com,9138545130,H.No. 19 Puri,Coimbatore
N00266,Rushil Swaminathan,rushil.swaminathan3266@gmail.com,7165937955,"24/98, Ahluwalia Nagar",Warangal
C01756,Shravya Kapadia,shravya.kapadia1756@gmail.com,8897406268,,Muzaffarnagar
N00181,Jackson Rattan,jackson.rattan3181@outlook.com,8172540045,"H.No. 565, Bhardwaj Chowk",Panvel
C02035,Mitesh Parikh,mitesh.parikh2035@gmail.com,7642129537,"H.No. 298, Bhakta",
C02651,Radhika Rajagopalan,radhika.rajagopalan2651@yahoo.com,6402418622,,
,Panini Sathe,,,,
C01031,Mitali Sura,mitali.sura1031@outlook.com,6960697678,93/37 Gole,Bhatpara
C01489,Orinder Shetty,orinder.shetty1489@gmail.com,9074830504,H.No. 68 Buch Ganj,Satara
,Dalaja Misra,,,,
,Hredhaan Badami,,,,
C02648,Aishani Agarwal,aishani.agarwal2648@hotmail.com,,H.No. 239 Goel Chowk,
N00144,Rachana Ramanathan,rachana.ramanathan3144@hotmail.com,9715170716,"67/237, Mannan Road",Rourkela
C00273,Jeet Shenoy,jeet.shenoy273@gmail.com,,"81/34, Mohan Path",Amroha
C02829,Aradhana Devan,aradhana.devan2829@yahoo.com,8170993717,644 Wadhwa,Ghaziabad
C00331,Yochana Wason,,9170863771,,Panipat
,Abhimanyu Halder,,,,Chapra
,  turvi sekhon  ,turvi.sekhon1754@example.in,,H.No. 186 Krish,Pune
,Mohammed Natarajan,,,,
C00827,Reva Walla,reva.walla827@yahoo.com,7089402453,"19/19, Sachdeva Nagar",Jaunpur
,  qabil trivedi  ,qabil.trivedi1146@outlook.com,,H.No. 15 Peri,Rampur
,Imaran Anne,,,,Buxar
N00348,Zayyan Reddy,zayyan.reddy3348@outlook.com,8524888851,"81, Nagi Street",Jaunpur
N00338,Harish Sem,harish.sem3338@example.in,7184655104,"H.No. 12, Das Road",Khammam
C01461,Ranbir Char,,,"13, Radhakrishnan Ganj",Amroha
N00083,Megha Narayanan,megha.narayanan3083@hotmail.com,8580800862,70 Lal Road,Agra
C01313,Mugdha Khurana,mugdha.khurana1313@gmail.com,6842807959,"28/078, Bedi Path",Darbhanga
C01545,Urmi Wason,zansi.dugar1545@example.in,9115620071,92/95 Gill Circle,Bettiah
C00439,Nathaniel Bhatia,,6679648540,H.No. 66 Bhardwaj Circle,Indore
C02300,Priya Das,priya.das2300@example.in,9373485973,"30/153, Wali Zila",
N00157,Manbir Balan,manbir.balan3157@gmail.com,9692373549,73/005 Subramanian Chowk,Coimbatore
C02793,Nirja Hans,yatin.kothari2793@yahoo.com,7880205354,58/96 Pandey Marg,Tirunelveli
N00325,Ranbir Panchal,ranbir.panchal3325@hotmail.com,9556254246,"H.No. 81, Banik Zila",Ranchi
C00264,Yashvi Panchal,yashvi.panchal264@gmail.com,6816869359,83 Hora Nagar,Munger
C01701,Yochana Anand,yochana.anand1701@gmail.com,9890820515,28/49 Naik Circle,Noida
C00666,Tara Bhatt,,6450696388,,
C00876,Max Dugar,max.dugar876@gmail.com,6700371334,18 Kari Zila,Orai
,Unnati Narang,,,,Gurgaon
C00240,Vedhika Chopra,vedhika.chopra240@yahoo.com,6535074499,73 Choudhury Street,Bangalore
C02731,Theodore Bhatnagar,theodore.bhatnagar2731@yahoo.com,6889533984,32/65 Bhatia Circle,Meerut
,,udant.yogi1626@hotmail.com,8397123799,,Ambattur
C00559,Nihal Ram,nihal.ram559@yahoo.com,8110707123,"48, Prashad Chowk",Darbhanga
,Hiral Bahl,,,,
,Vanya Sabharwal,,,,Bhubaneswar
,  chameli babu  ,chameli.babu828@outlook.com,,645 Bhatia Ganj,Kamarhati
C00287,Leela Mangal,leela.mangal287@gmail.com,9382015637,"H.No. 12, Chad Marg",Pallavaram
C00952,Tarak Kari,tarak.kari952@hotmail.com,6972397011,H.No. 98 Mukhopadhyay Nagar,Shivpuri
C01183,Pranav Golla,pranav.golla1183@gmail.com,7518739945,"969, Ahuja Street",Ujjain
,Omkaar Bhalla,,,,
N00284,Aadi Chaudhuri,aadi.chaudhuri3284@gmail.com,7115610779,"42/417, Bandi Nagar",Anand
C02221,Kai Rajagopalan,tamanna.sundaram71791@gmail.com,6334667644,79 Kapur Street,Vasai-Virar
C01446,Dipta Datta,dipta.datta1446@example.in,8230705219,,Phagwara
C00785,Qarin Anand,qarin.anand785@gmail.com,,,
C02307,Ikshita Narayan,ikshita.narayan2307@yahoo.com,6010914098,"09/30, Gade Street",Bidhannagar
N00275,Tanvi Tiwari,tanvi.tiwari3275@outlook.com,7019554641,H.No. 56 Bumb Road,Chinsurah
N00188,Yuvraj Sheth,yuvraj.sheth3188@gmail.com,8969197629,"H.No. 416, Rege Circle",Chennai
N00174,Advika Parikh,advika.parikh3174@gmail.com,6629235935,"70/43, Batra Ganj",Rohtak
C00505,Naksh Gara,naksh.gara505@yahoo.com,8235827813,,Bokaro
C02412,Lekha Saraf,lekha.saraf2412@gmail.com,,,Nanded
N00382,Kashish Dar,kashish.dar3382@hotmail.com,6931106616,"H.No. 23, Prabhu Street",Bhopal
C00663,Hema Kota,hema.kota663@gmail.com,9746599193,54 Bandi Street,Kottayam
C00156,Azaan Khalsa,leena.prabhu74318@outlook.com,7477283855,62/049 Keer Ganj,Hospet
C01114,Aradhana Tata,teerth.grover16941@gmail.com,8694113447,H.No. 49 Dasgupta Circle,Pudukkottai
C00799,Onkar Kota,onkar.kota799@example.in,6336498020,H.No. 15 Bhatti Ganj,Guwahati
N00215,Lakshit Kurian,lakshit.kurian3215@outlook.com,7798193531,"68/51, Hans Chowk",Thanjavur
C00268,Wahab Nadkarni,wahab.nadkarni268@hotmail.com,9383052600,,Machilipatnam
C01033,Vasatika Naidu,neha.hora99200@example.in,8165828539,68 Narasimhan Marg,Korba
C01081,Dalaja Balay,dalaja.balay1081@outlook.com,6281531831,"H.No. 07, Sangha Road",Kharagpur
C02952,Nikita Shere,kalpit.madan2952@outlook.com,7924510829,"66, Kaur Path",Patiala
C02102,Agastya Trivedi,agastya.trivedi2102@hotmail.com,9302561376,"15/877, Golla Path",Mau
C01290,Ubika Ghosh,,7570778583,,
N00312,Pratyush Kanda,pratyush.kanda3312@hotmail.com,8260958890,H.No. 27 Bala Ganj,Panchkula
,Upkaar Som,,,,Kolhapur
,Jagvi Tak,,,,Chittoor
,,,,,Haridwar
C01840,Brinda Ghosh,aahana.pandey57871@gmail.com,8100946123,"H.No. 685, Ramesh Marg",Katni
C01089,Hitesh Sabharwal,hitesh.sabharwal1089@gmail.com,7151580486,"014, Bali Street",Patiala
C00772,Ethan Sule,ethan.sule772@gmail.com,7948381726,99 Tella Nagar,Mahbubnagar
C02116,Rohan Sane,niharika.raja2116@hotmail.com,9261602021,"H.No. 32, Kunda Street",Tirunelveli
C02063,Parth Khalsa,parth.khalsa2063@hotmail.com,6441092477,65 Mani Chowk,Hospet
N00101,Warhi Batra,warhi.batra3101@outlook.com,9561539092,44 Sampath Marg,Phusro
N00302,Suhani Madan,suhani.madan3302@yahoo.com,8738463770,"H.No. 59, Saha Circle",Pudukkottai
C01405,Daniel Agate,daniel.agate1405@outlook.com,7766489812,"27, Pal Marg",
C02409,Fariq Vig,,9763811266,,
C02985,Nachiket Rout,,,"77/781, Chacko Circle",
N00084,Chakradhar Mishra,chakradhar.mishra3084@outlook.com,9286036874,83/85 Chaudry Marg,Jehanabad
,,,,,
,,,,,
C02779,Dakshesh Desai,dakshesh.desai2779@outlook.com,9899206333,H.No. 32 Varughese Road,Uluberia
N00013,Aarush Deol,aarush.deol3013@hotmail.com,6262392257,"50, Rastogi Circle",Bhagalpur
C02503,Azad Sidhu,azad.sidhu2503@yahoo.com,8430544596,"H.No. 13, Buch Zila",Tiruvottiyur
C02865,Gavin Som,,8735297872,,
N00068,Pushti Kala,pushti.kala3068@outlook.com,9189434177,52/20 Upadhyay Chowk,Farrukhabad
,Caleb Talwar,,,,
C01416,Benjamin Dalal,bhavya.bhattacharyya85457@example.in,8724695677,"03/343, Dhar Marg",Thrissur
,,,,,
C00895,Guneet Varty,eiravati.vohra43529@gmail.com,7942873104,"H.No. 362, Menon Street",Kozhikode
C01106,Ucchal Sangha,ucchal.sangha1106@hotmail.com,9167531561,"27/82, Murty Road",
C00690,Vrishti Sandal,vrishti.sandal690@gmail.com,8451720300,"819, Doshi Nagar",Kozhikode
C01724,Pushti Chander,pushti.chander1724@yahoo.com,6609783531,52/38 Mann Circle,Nadiad
C00205,Naveen Chana,utkarsh.badal205@yahoo.com,6669526896,"25/860, Dixit Zila",Navi Mumbai
C01362,Megha Grewal,megha.grewal1362@yahoo.com,7585782953,,
C01640,Aachal Brahmbhatt,aachal.brahmbhatt1640@gmail.com,7991345188,43/66 Thaman Chowk,Proddatur
C00309,Inaya Mohan,inaya.mohan309@outlook.com,9728654525,72 Rout Circle,Vasai-Virar
N00318,Tanmayi Handa,tanmayi.handa3318@yahoo.com,6502076733,H.No. 812 Nadkarni Marg,Ahmedabad
N00111,Frado Kulkarni,frado.kulkarni3111@outlook.com,6902289037,"38, Upadhyay Ganj",Coimbatore
,Pranav Golla,,,,
C00500,Liam Borra,liam.borra500@yahoo.com,9933518254,345 Ratti Nagar,Warangal
C00400,Zilmil Jain,madhavi.agate400@hotmail.com,7758208488,42 Shere Chowk,Nangloi Jat
C02222,Vedant Sawhney,vedant.sawhney2222@gmail.com,,,
,Gavin Purohit,,,,Bidar
C00707,Wishi Nigam,wishi.nigam707@outlook.com,8742953657,05/983 Bali Path,Patna
N00058,Jeremiah Maharaj,jeremiah.maharaj3058@gmail.com,9658098932,H.No. 35 Lalla,Shivpuri
,,nathaniel.bhatia439@yahoo.com,6679648540,,Indore
C00399,Ridhi Vasa,shivani.doctor30015@example.in,9980780650,24/126 Badal Nagar,Ratlam
,,,,,
N00222,Lajita Bajaj,lajita.bajaj3222@hotmail.com,7873261596,273 Memon Street,Aligarh
C00169,Umang Deol,umang.deol169@yahoo.com,6207979273,H.No. 606 Narain Path,Proddatur
C00854,Chandresh Dewan,yochana.ratta46625@outlook.com,7367361333,35/358 Mahal Circle,Singrauli
,  finn rama  ,finn.rama2346@gmail.com,,"42/849, Warrior Path",Nandyal
C01002,Oscar Kalita,gabriel.biswas36144@yahoo.com,7486541561,H.No. 591 Sur Circle,Alwar
C00454,Falguni Krish,falguni.krish454@hotmail.com,7633884534,H.No. 98 Datta Street,Panchkula
C01895,Falak Brar,falak.brar1895@example.in,,,Mira-Bhayandar
C00870,Ijaya Mandal,ijaya.mandal870@hotmail.com,7241170434,"H.No. 990, Bhalla Street",Nanded
C01573,Rachana Nori,rachana.nori1573@hotmail.com,6930602848,,Akola
C00744,Jagvi Pandya,,8315703387,"H.No. 642, Devan Road",Sikar
C02776,Vasatika Krishnan,prisha.sangha2776@hotmail.com,8086150706,"H.No. 33, Gola",Muzaffarpur
,Vasudha Kannan,,,,
C00659,Wahab Bawa,wahab.bawa659@gmail.com,8050231919,52 Deshpande Zila,
,  indira shah  ,indira.shah1741@hotmail.com,,61 Chadha Path,Anantapur
C02915,Imaran Jani,yuvraj.hayer2915@gmail.com,9256645632,"440, Kashyap Road",Bangalore
C00084,Shravya Banerjee,shravya.banerjee84@yahoo.com,6778907459,H.No. 295 Sathe,Avadi
N00035,Arin Brar,arin.brar3035@hotmail.com,9998201928,"67, Gopal Street",Vellore
C00184,Vyanjana Sidhu,nicholas.bakshi184@hotmail.com,8490598008,01 Vig Ganj,Shimla
,,,,,Khammam
,Tarak Subramaniam,,,,Saharanpur
C02017,Warinder Doctor,warinder.doctor2017@yahoo.com,7255197717,H.No. 72 Hari Zila,Solapur
C01470,Krishna Cheema,krishna.cheema1470@hotmail.com,6036102129,"H.No. 149, Nayak Zila",Berhampur
C01520,Kabir Randhawa,kabir.randhawa1520@gmail.com,6022758318,"55/44, Yogi Street",Kurnool
C00573,Qarin Chandra,qarin.chandra573@example.in,8118658573,H.No. 11 Mall Road,Ghaziabad
C00318,Umang Vala,umang.vala318@gmail.com,,,Tinsukia
,Ekta Gill,,,,Haldia
N00327,Mitali Chand,mitali.chand3327@hotmail.com,6584752500,63/55 Nanda Nagar,Muzaffarpur
,,,,,
C01136,Balvan Ratta,balvan.ratta1136@outlook.com,9434292254,69/04 Sen Chowk,Bhiwandi
C01999,Max Mitter,max.mitter1999@example.in,,479 Barman,Korba
N00395,Sneha Das,sneha.das3395@hotmail.com,7374657100,77/05 Bahl Chowk,Begusarai
C02730,Joshua Bandi,joshua.bandi2730@outlook.com,8622230314,"20/098, Pau Chowk",Berhampur
C02237,Zaid Shukla,zaid.shukla2237@yahoo.com,7353291656,,Bhalswa Jahangir Pur
C00191,Bahadurjit Khurana,max.nayar11652@gmail.com,7669094134,"14/878, Barman Circle",Surendranagar Dudhrej
N00202,Wridesh Purohit,wridesh.purohit3202@outlook.com,6675939827,H.No. 55 Saha Nagar,Kadapa
C00811,Yatan Saha,,9561008043,"91, Narayan Zila",Gaya
,,,,,
N00205,Jackson Malhotra,jackson.malhotra3205@gmail.com,7093444420,"H.No. 222, Vaidya Zila",Bhilwara
,,,,,
C02098,Udant Chanda,,,,Gulbarga
C00369,Urishilla Trivedi,,7951033851,"74, More Path",
N00241,George Baria,george.baria3241@example.in,6569471528,24 Trivedi Street,Rajpur Sonarpur
,Pallavi Balasubramanian,,,,
C02441,Abdul Madan,abdul.madan2441@hotmail.com,8090743772,90/222 Toor Road,Proddatur
C02813,Indali Nadkarni,indali.nadkarni2813@gmail.com,7946534234,"H.No. 92, Varkey Marg",Erode
C02881,Yatin Jaggi,,8747314793,,Rajpur Sonarpur
C00783,Wakeeta Shankar,wakeeta.shankar783@gmail.com,7237968922,"92/303, Butala",Panchkula
C00341,Lopa Modi,,,"094, Joshi Street",
C00403,Sanya Brar,sanya.brar403@gmail.com,8045119745,56/51 Das Street,Amritsar
C02548,Charan Soni,,8379711298,05/76 Andra,Gwalior
,Karan Chand,,,,
C02204,Charvi Rai,charvi.rai2204@gmail.com,8649808344,"09/869, Banik Circle",
C01250,Upadhriti Cheema,upadhriti.cheema1250@outlook.com,6551251833,"H.No. 448, Mammen Path",Aurangabad
C01353,Jeevika Ravi,jeevika.ravi1353@outlook.com,9486564186,,
,Jatin Banik,,,,
,Agastya Ganesh,,,,
C00201,Kai Goswami,kai.goswami201@example.in,6078830339,"H.No. 83, Ramanathan Zila",Guna
C01309,Frederick Kara,jeevika.bhatia87307@example.in,8786474248,"92/02, Sanghvi Road",Bettiah
C00489,Vivaan Patla,vivaan.patla489@outlook.com,,,
C01635,Onkar Choudhary,onkar.choudhary1635@example.in,,,
C01669,Onkar Krishnamurthy,onkar.krishnamurthy1669@example.in,,H.No. 85 Jaggi Ganj,Ratlam
C00227,Umang Iyengar,umang.iyengar227@hotmail.com,,"737, Mangat Zila",
C02382,Wazir Chadha,wazir.chadha2382@example.in,7277393564,,Madurai
,  ishanvi shah  ,ishanvi.shah53@outlook.com,,987 Tiwari Road,Machilipatnam
C01428,Ria Mannan,ria.mannan1428@outlook.com,7045443461,"H.No. 33, Halder Road",Amroha
C02801,Prisha Gola,prisha.gola2801@yahoo.com,,55/602 Rout Road,Kolhapur
C00524,Ikshita Gour,ekta.savant524@outlook.com,9119297667,74/674 Ramaswamy,Nagaon
C00646,Zinal Randhawa,zinal.randhawa646@yahoo.com,7771354388,100 Modi Marg,Nanded
C00287,Leela Mangal,yashica.ganesh11145@yahoo.com,9382015637,"H.No. 12, Chad Marg",Tirupati
N00335,Ijaya Muni,ijaya.muni3335@hotmail.com,7301240074,27 Shanker Circle,Belgaum
N00366,Mohammed Manda,mohammed.manda3366@example.in,7190410013,"25, Sehgal Circle",Mehsana
N00106,Zarna Mane,zarna.mane3106@yahoo.com,6633973711,51 Sanghvi Path,Bhiwani
N00193,Harrison Barad,harrison.barad3193@gmail.com,6651461820,H.No. 46 Batta Path,Rajahmundry
,,,,,Karimnagar
C01222,Wakeeta Chander,wakeeta.chander1222@yahoo.com,9974390879,22/65 Bali Road,Phusro
,Ranbir Char,,,,Amroha
C00289,Darika Grewal,darika.grewal289@outlook.com,,H.No. 713 Oak Circle,Pimpri-Chinchwad
C02230,Abeer Misra,abeer.misra2230@hotmail.com,6767902093,"90, Halder Road",Pimpri-Chinchwad
N00356,Urvashi Bhatti,urvashi.bhatti3356@yahoo.com,9440948267,628 Pai Zila,Alwar
C02387,Nirja Palla,nirja.palla2387@hotmail.com,8936643766,93/21 Dhawan Circle,Bathinda
N00285,Lakshit Sachdev,lakshit.sachdev3285@gmail.com,8537180931,"59, Grewal Street",Amroha
C00464,Ayaan Manne,ayaan.manne464@example.in,6631699703,"24, Kade Path",Hospet
,,manthan.roy2303@yahoo.com,6531627638,,Moradabad
C01834,Pahal Tailor,pahal.tailor1834@hotmail.com,7442029670,89/885 Kata Zila,
,Warinder Ravel,,,,
C02511,Meghana Yadav,meghana.yadav2511@outlook.com,9399426377,"04/550, Parikh Road",Danapur
N00340,Jason Dayal,jason.dayal3340@outlook.com,9125534503,H.No. 12 Bhatia Circle,Singrauli
C01417,Riya Khosla,riya.khosla1417@gmail.com,7634617696,H.No. 79 Char Circle,Danapur
,Yauvani Chhabra,,,,
,  nidra bera  ,nidra.bera754@outlook.com,,"H.No. 68, Kade Path",Dehradun
C01854,Owen Pathak,abha.bassi86149@hotmail.com,9649435200,H.No. 103 Sen Marg,Bharatpur
C01491,Urmi Pai,urmi.pai1491@hotmail.com,9924541904,"H.No. 55, Murthy Path",Raebareli
,Faras Ravi,,,,Muzaffarnagar
N00296,Watika Handa,watika.handa3296@outlook.com,6664898985,"23/820, Sandhu Road",Gandhinagar
C00024,Hemal Boase,hemal.boase24@gmail.com,8008778536,"H.No. 814, Purohit",Hosur
C01336,Anya Nanda,anya.nanda1336@gmail.com,6598873510,"85, Om Chowk",Kollam
C01839,Damyanti Setty,damyanti.setty1839@hotmail.com,,65 Tank Circle,Hajipur
C01237,Gautam Chauhan,gautam.chauhan1237@example.in,7652965818,86/893 Mahajan Marg,Bhilai
C00839,Aarna Palla,,9147796103,315 Lal Road,Amravati
C02275,Matthew Sodhi,matthew.sodhi2275@gmail.com,9876677551,"27, Bakshi Street",
,,,,,
C02353,Chatresh Pillay,chatresh.pillay2353@yahoo.com,8883793400,"806, Sha Road",Bihar Sharif
C00347,Hemang Chanda,hemang.chanda347@outlook.com,9820274024,H.No. 42 Malhotra Nagar,Chandrapur
C01292,Tejas Ahuja,aarav.das1292@outlook.com,8249516572,"H.No. 17, Dara Path",Rajahmundry
C02500,Chatura Nazareth,chatura.nazareth2500@example.in,8382037063,H.No. 29 Jani Path,Kirari Suleman Nagar
C02797,Hema Gola,,,,Ambala
N00073,Prisha Gill,prisha.gill3073@hotmail.com,9128465028,"70, Sama Marg",Jamnagar
C01797,Ishita Golla,ishita.golla1797@yahoo.com,7908216320,"84/045, Sharma Street",Bokaro
C02855,Ishanvi Nagi,ishanvi.nagi2855@yahoo.com,6858601081,"H.No. 632, Dutta Road",Raiganj
C01923,Aashi Nair,,,09/91 Palan,
C01734,Neha Roy,,,"75, Pingle Ganj",Kozhikode
N00248,Indrajit Golla,indrajit.golla3248@outlook.com,9686295143,"H.No. 54, Chowdhury",Saharsa
C00052,Ranbir Chanda,ranbir.chanda52@yahoo.com,9480677384,H.No. 90 Borah Chowk,Kota
N00060,Wazir Dara,wazir.dara3060@outlook.com,7448943422,H.No. 64 Mangal Circle,Arrah
,Vedant Sachdev,,,,Thoothukudi
C01774,Gopal Talwar,chaitanya.prasad13239@example.in,8952349867,96/810 Singhal Path,Gurgaon
C00349,Tamanna Thakur,,,"78, Padmanabhan Road",
C01680,Chaman Mital,chaman.mital1680@yahoo.com,6055399621,"39, Hora Street",Chandigarh
N00322,Aryan Ravel,aryan.ravel3322@gmail.com,6910254084,926 Wable Nagar,Ramgarh
N00026,Gagan Chander,gagan.chander3026@example.in,9992245982,73 Dhar Nagar,Medininagar
N00171,Neelima Kota,neelima.kota3171@outlook.com,8910151933,"H.No. 890, Bhattacharyya Road",Nizamabad
C01215,Bahadurjit Ram,bahadurjit.ram1215@gmail.com,8918272134,43 Sharma,Amaravati
N00007,Harrison Ahuja,harrison.ahuja3007@example.in,7079285572,"96, Pillai Ganj",Baranagar
,Raghav Sekhon,,,"H.No. 32, Deep Nagar",Baranagar
C00944,Ekanta Patil,ekanta.patil944@yahoo.com,7376429653,"64/24, Gour Ganj",Nizamabad
C02997,Charita Sachar,charita.sachar2997@example.in,,,
C01093,Vedika Bora,vedika.bora1093@example.in,6596376737,32/88 Narayan Street,Patna
C00114,Chakradev Chaudhari,chakradev.chaudhari114@hotmail.com,7670946436,"96, Anne Chowk",Kalyan-Dombivli
C02296,Watika Goda,watika.goda2296@outlook.com,9582520695,,Karimnagar
,,,,,
C01657,Utkarsh Bal,utkarsh.bal1657@gmail.com,,"857, Sami Road",Nadiad
C00640,Jagat Banik,jagat.banik640@example.in,9461429779,93/357 Subramanian Marg,Panipat
C00567,Nikita Gopal,,6316006697,,
C00364,Zayyan Bandi,,7559318740,860 Kata,
,Riya Ramakrishnan,,,,Kharagpur
C01162,Jyoti Kumer,aadi.din60716@outlook.com,7154214231,25/84 Sani Chowk,Dindigul
C01215,Bahadurjit Ram,bahadurjit.ram1215@gmail.com,7798896221,43 Sharma,Amaravati
C02364,Dominic Bahl,bhavya.prabhakar73474@example.in,6876625968,"H.No. 015, Ahuja Circle",Jammu
N00096,Ekantika Kumar,ekantika.kumar3096@gmail.com,9487779213,"01/06, Zachariah Chowk",Raichur
,  zansi ganesan  ,zansi.ganesan224@gmail.com,,749 Deep Nagar,Bhavnagar
C00822,Gayathri Deo,,,"H.No. 42, Thaman Nagar",Jamshedpur
,Gagan Cheema,,,,
C02978,Upasna Bhatt,upasna.bhatt2978@hotmail.com,,"85/748, Majumdar Road",
,Kala Chakrabarti,,,,Bareilly
,ANYA BIR,,6038759505,431 Upadhyay Ganj,Tiruchirappalli
,UTKARSH BAL,,6178387094,"857, Sami Road",Nadiad
N00009,Tamanna Kara,tamanna.kara3009@example.in,7969447726,H.No. 29 Dave Nagar,Raiganj
C02851,Raagini Chanda,dalbir.vohra2851@yahoo.com,8354712970,050 D’Alia,Karimnagar
,,nihal.subramaniam533@outlook.com,7492512349,,Tinsukia
N00231,Deepa Som,deepa.som3231@gmail.com,8608234564,24/559 Kibe Path,Ichalkaranji
C01645,Tanveer Lala,girindra.bawa65796@example.in,6062284274,H.No. 70 Wali Zila,Giridih
C02838,Shivani Dhawan,shivani.dhawan2838@yahoo.com,8432860405,43/225 Sachdeva Chowk,Rampur
,,veer.atwal406@outlook.com,6911283111,,Navi Mumbai
C01213,Liam Bala,liam.bala1213@hotmail.com,9797498172,"87, Choudhury Zila",Jalandhar
,Warinder Ranganathan,,,"32, Sane",Barasat
N00165,Nakul Maharaj,nakul.maharaj3165@outlook.com,6618569831,"H.No. 85, Merchant Road",Kharagpur
,Ishani Yohannan,,,,
C00378,Omya Kurian,omya.kurian378@outlook.com,8742610098,,
C01922,Damini Chanda,damini.chanda1922@outlook.com,9950497178,"H.No. 92, Rai Path",Srinagar
C00735,Patrick Borra,patrick.borra735@example.in,7379150345,"323, Devan Path",Panchkula
C02762,Eshana Bhatt,,,"H.No. 649, Bava Chowk",
C02319,Yamini Mutti,yamini.mutti2319@hotmail.com,7752685971,"H.No. 085, Tara Marg",
N00120,Zaitra Sachdev,zaitra.sachdev3120@example.in,9800415567,"58, Ramaswamy Nagar",Jaipur
C00850,Urishilla Gokhale,chanakya.maharaj850@gmail.com,8783827662,31/87 Pai Marg,Parbhani
N00363,Geetika Chaudry,geetika.chaudry3363@yahoo.com,7908598988,"H.No. 857, Baria Circle",Mau
C00867,Vivaan Mall,vivaan.mall867@gmail.com,9914881512,"H.No. 048, Narula Road",Shimoga
C01511,Vasudha Kannan,,,,Hyderabad
N00001,Quincy Mangat,quincy.mangat3001@outlook.com,7680932537,74 Wali Chowk,Shimla
C00829,Kamala Agate,luke.yadav829@example.in,6096296944,"49/74, Parmar Road",Vadodara
,,,,,Kota
C01168,Osha Korpal,osha.korpal1168@example.in,9871586786,"63/535, Bora Road",Burhanpur
N00147,Ekaraj Soni,ekaraj.soni3147@gmail.com,8928581678,"16, Mann Chowk",Nizamabad
,Ekavir Tiwari,,,"H.No. 827, Ramachandran Zila",Munger
C02562,Veda Choudhry,sachi.choudhary2562@gmail.com,8630510106,H.No. 928 Batta Road,Tiruvottiyur
C01220,Bishakha Majumdar,nandini.bhatt47239@outlook.com,9568773507,"15/411, Shan Chowk",Katni
C00897,Aadhya Nagar,aadhya.nagar897@yahoo.com,6496772162,707 Chadha Street,Kollam
N00333,Vasudha Kala,vasudha.kala3333@gmail.com,8156498783,70/40 Natarajan Road,Tezpur
C00924,Charvi Warrior,charvi.warrior924@outlook.com,8650773148,"88/60, Majumdar Marg",Bharatpur
C02447,Hema Kata,hema.kata2447@hotmail.com,9309691853,"100, Singhal Street",Dharmavaram
C00954,Unnati Narang,unnati.narang954@hotmail.com,6506655569,20/273 Agate Ganj,Gurgaon
C01831,Anamika Sami,anamika.sami1831@outlook.com,7926439011,"31/991, Bora Nagar",Karawal Nagar
,,wakeeta.shankar783@gmail.com,7237968922,,Panchkula
N00018,Abhimanyu Kumer,abhimanyu.kumer3018@hotmail.com,9393667859,"57, Muni Zila",Coimbatore
C02649,Girik Bera,girik.bera2649@outlook.com,7627403945,51/99 Chandra Nagar,Barasat
N00153,Rishi Gala,rishi.gala3153@hotmail.com,6224450789,"H.No. 512, Dubey Ganj",Bhatpara
C01254,Janaki Bhavsar,aadi.sathe65687@example.in,9513860184,86/437 Bose Zila,Nadiad
C01276,Jagvi Joshi,jagvi.joshi1276@gmail.com,6759164912,76 Bhattacharyya Chowk,Arrah
,MOHINI MANN,,7018826133,749 Bhatti Marg,Silchar
N00383,Pranit Tailor,pranit.tailor3383@yahoo.com,9257679301,"27/13, Agate Ganj",Dharmavaram
N00089,Yashica Sodhi,yashica.sodhi3089@yahoo.com,7021975310,"35/13, Dara Path",Maheshtala
C02939,Matthew Ghosh,matthew.ghosh2939@yahoo.com,7467208405,65/477 Sandhu Nagar,Gudivada
C00657,Waida Boase,waida.boase657@hotmail.com,,H.No. 680 Varkey,
N00017,Ranbir Khanna,ranbir.khanna3017@outlook.com,8271460586,601 Swaminathan Ganj,Fatehpur
,SATHVIK KEER,,6003060251,"H.No. 240, Luthra Nagar",Singrauli
,,neha.baria1364@hotmail.com,6186221745,,Kakinada
C00967,Yashoda Bera,warinder.de967@yahoo.com,7517223773,H.No. 62 Barad Street,Chandrapur
,Tripti Ratta,,,"H.No. 823, Nazareth Marg",Kolhapur
C02301,Quincy Ratta,quincy.ratta2301@gmail.com,6888804859,94/12 Savant Marg,Kurnool
C02419,Harita Ganguly,harita.ganguly2419@yahoo.com,8572919873,"031, Rastogi Path",Berhampore
N00392,Lila Deol,lila.deol3392@hotmail.com,6218245722,H.No. 63 Parikh Chowk,Bettiah
C00643,Arjun Deep,arjun.deep643@gmail.com,8086984018,,
C01320,Advay Verma,advay.verma1320@gmail.com,9284877331,51/51 Puri Path,Ichalkaranji
N00320,Jagvi Kar,jagvi.kar3320@yahoo.com,6481368485,"H.No. 963, Ratti Zila",Durgapur
C01944,Kamya Manda,kamya.manda1944@gmail.com,9436304008,61/263 Sachdev Zila,Proddatur
C00121,Ekantika Chowdhury,ekantika.chowdhury121@gmail.com,8387346696,"96/816, Mall Street",Akola
C01019,Urmi Varughese,qasim.dara45349@example.in,7741190363,"54/82, Bajwa Circle",Serampore
C00865,Ikbal Natt,ikbal.natt865@gmail.com,9004238269,,Hubli–Dharwad
C00229,Teerth Ramachandran,teerth.ramachandran229@hotmail.com,8602599734,"70/20, Peri Path",South Dumdum
N00064,Vasana Nanda,vasana.nanda3064@hotmail.com,6426695506,"H.No. 371, Ramakrishnan Nagar",Firozabad
C00511,Amruta Oak,,9631310238,,
N00398,Vidhi Nigam,vidhi.nigam3398@example.in,9104745140,H.No. 939 Sengupta Nagar,Durgapur
C02057,Ikbal Khurana,ikbal.khurana2057@example.in,8281800850,"04/354, Mittal Street",Saharsa
C02068,Yash Rege,januja.iyer34083@yahoo.com,8868799371,H.No. 31 Palla Road,Patiala
N00044,Qushi Radhakrishnan,qushi.radhakrishnan3044@gmail.com,7522100229,H.No. 18 Atwal Nagar,Arrah
N00016,Vedant Hayer,vedant.hayer3016@outlook.com,9113699522,H.No. 61 Sagar,Narasaraopet
C00080,Theodore Borra,theodore.borra80@outlook.com,7494944762,,
C00178,Rayaan Wali,,8928180736,,
C01047,Ridhi Bora,ridhi.bora1047@hotmail.com,8048016208,H.No. 819 Dave Street,Darbhanga
N00110,Karan Bajaj,karan.bajaj3110@outlook.com,6426941066,H.No. 46 Mitra Road,Nizamabad
C01169,Tanish Sama,tanish.sama1169@example.in,9266490764,"H.No. 382, Chada Nagar",Malda
C00611,Abhimanyu Ramesh,,,583 Sahota Circle,
,,,,,
N00194,Faraj Parsa,faraj.parsa3194@hotmail.com,8010334650,"53/549, Subramanian Circle",Deoghar
C01539,Wakeeta Keer,wakeeta.keer1539@yahoo.com,6490516080,,
N00252,Adweta Iyer,adweta.iyer3252@outlook.com,7355058835,"35, Pillay Street",Nagpur
,Hardik Saran,,,,Davanagere
C01645,Tanveer Lala,,6062284274,H.No. 70 Wali Zila,Giridih
,VANSHA MURTY,,7813846464,67/87 Samra Circle,Coimbatore
C01975,Hemangini Wagle,hemangini.wagle1975@yahoo.com,7114102683,H.No. 103 Mall,Nagercoil
C00877,Bhavini Seshadri,,,"957, Desai Zila",
,Abha Seth,,,,
C01071,Charles Mammen,charles.mammen1071@hotmail.com,6951552384,"98/718, Raghavan Chowk",Sri Ganganagar
,VEDHIKA NAIR,,7592616774,037 Rastogi Road,Sangli-Miraj & Kupwad
N00331,Janani Mohanty,janani.mohanty3331@outlook.com,8397002796,36 Bhatnagar Zila,Chittoor
,Kiaan Dugal,,,,
C00734,Pranav Bobal,pranav.bobal734@hotmail.com,6080325792,H.No. 129 Mohanty Zila,Mirzapur
,,sanaya.nagar2228@hotmail.com,7751048146,,Thiruvananthapuram
C02825,Gautami Memon,gautami.memon2825@yahoo.com,8824191063,,Hajipur
C02419,Harita Ganguly,harita.ganguly2419@yahoo.com,9045889601,480 Palan Street,Berhampore
C02290,Jackson Parmer,jackson.parmer2290@example.in,6850538167,163 Dyal Road,Karimnagar
C00398,Bhavya Dugal,bhavya.dugal398@example.in,,"88/432, Raman Street",
,ZASHIL PATEL,,8069066697,"549, Kadakia Zila",Jorhat
,,,,,Tezpur
C01485,Indali Tandon,,9081644731,,
,Nicholas Aurora,,,,Panvel
,,aadi.ratti409@example.in,6288352812,,Malegaon
C02910,Zinal Tara,zinal.tara2910@gmail.com,9875496935,22/100 Bhavsar Circle,Hazaribagh
,,champak.bir1526@yahoo.com,7412525470,,Anantapuram
C01600,Liam Panchal,liam.panchal1600@hotmail.com,8813224175,"H.No. 46, Borah Ganj",Dewas
C01474,Vanya Warrior,vanya.warrior1474@yahoo.com,,56/672 Cherian Road,Varanasi
C02766,Om Ramesh,om.ramesh2766@gmail.com,,,Vijayanagaram
N00246,Quincy Shanker,quincy.shanker3246@yahoo.com,6467982991,"57/676, Garde Circle",Srinagar
C01317,Daksha Grover,,,,Gulbarga
C01014,Rajata Sundaram,ishaan.sami1014@gmail.com,7720150833,H.No. 832 Verma Road,Jammu
C00869,Jason Sha,kiaan.khurana14508@hotmail.com,9354363099,"978, Subramanian Chowk",Jalandhar
N00076,Ryan Gupta,ryan.gupta3076@example.in,6369833222,H.No. 199 Mohan Zila,Anand
,,,,,
C02718,Faris Kakar,faris.kakar2718@outlook.com,8166511431,47/80 Saran Circle,Mathura
C02284,Mohammed Natarajan,,9610185808,94 Patla Street,Bhavnagar
N00236,Vasudha Toor,vasudha.toor3236@outlook.com,6685284572,"H.No. 76, Gade Ganj",Imphal
C01348,Devika Mital,devika.mital1348@example.in,,"H.No. 27, Khosla Chowk",
,,,,,
C01413,Kabir Bath,kabir.bath1413@example.in,9349476129,H.No. 22 Dhingra,Satna
C01057,Luke Wason,,9306177776,,
,Aadhya Sheth,,,,
C02933,Lila Guha,lila.guha2933@yahoo.com,,"16, Sahni Path",Tumkur
N00020,Irya Konda,irya.konda3020@example.in,8552352787,39 Misra Nagar,Guna
,,,,,
C02477,Peter Varkey,gautami.rajagopalan2477@example.in,7047912560,"H.No. 511, Sastry Street",Haldia
C00348,Ranveer Prasad,,6054405299,,
C01426,Faraj Kashyap,,7483936607,974 Kakar Nagar,
C00809,Oliver Bhat,oliver.bhat809@outlook.com,8138670091,"51, Nagy Nagar",Raebareli
C00781,Hamsini Apte,hamsini.apte781@yahoo.com,9503499620,"44/82, Chaudhuri",
C01134,Mekhala Bhalla,mekhala.bhalla1134@example.in,,85 Sharaf Zila,
,,,,,
,  vasudha kannan  ,vasudha.kannan1511@outlook.com,,35 Nagi Zila,Hyderabad
,Vrishti Sane,,,,Durgapur
C00340,Maanav Gara,maanav.gara340@outlook.com,6442075756,541 Krishnan Ganj,Jhansi
N00290,Gaurang Sidhu,gaurang.sidhu3290@yahoo.com,7606250927,"94, Sen Nagar",Gurgaon
C00895,Guneet Varty,guneet.varty895@outlook.com,7942873104,"H.No. 362, Menon Street",Kozhikode
C00908,Gavin Rajagopal,gavin.rajagopal908@example.in,7343637659,"37/067, Bahri Ganj",Khandwa
,,,,,
C01321,Udyati Sen,udyati.sen1321@gmail.com,,,
N00242,Zilmil Upadhyay,zilmil.upadhyay3242@yahoo.com,8436451534,84/837 Ahluwalia Marg,Raebareli
C02578,Maanav Rajagopal,maanav.rajagopal2578@example.in,6513757303,"H.No. 52, Jani Zila",Bhagalpur
C01503,Amruta Dalal,amruta.dalal1503@yahoo.com,7195596372,,Aligarh
C01238,Dev Mammen,dev.mammen1238@example.in,8615089042,,Parbhani
C01884,Jhalak Narasimhan,,8712483052,"H.No. 73, Karan Circle",
,  nitesh ramaswamy  ,nitesh.ramaswamy2863@gmail.com,,"78, Mammen Nagar",Munger
C00098,Yamini Roy,yamini.roy98@hotmail.com,8745724511,46 Solanki Ganj,Panvel
C00365,Azad Chakrabarti,azad.chakrabarti365@gmail.com,7592864724,"88/48, Palan Circle",Ratlam
N00365,Amrita Sant,amrita.sant3365@outlook.com,6456127855,"84, Bose Street",Ghaziabad
N00032,Garima Kannan,garima.kannan3032@yahoo.com,7521246510,614 Sarin Circle,Hajipur
C01396,Hemani Thakur,hemani.thakur1396@hotmail.com,6335577288,"77, Raja Nagar",Hospet
C02540,Dipta Bhattacharyya,dipta.bhattacharyya2540@yahoo.com,7664858227,,
,ADWETA BEN,,8045392514,"H.No. 799, Samra Path",Sambalpur
,HARINI AGRAWAL,,6057211839,22/93 Vig Chowk,Bidar
,,,,,
N00316,Nicholas Khare,nicholas.khare3316@yahoo.com,6968747670,"H.No. 408, De Street",Sonipat
,Balvan Ratta,,,,Bhiwandi
C00026,Zarna Ramaswamy,zarna.ramaswamy26@hotmail.com,9144581346,"H.No. 771, Dutt",Kirari Suleman Nagar
N00297,Jason Iyer,jason.iyer3297@outlook.com,6561525344,H.No. 75 Savant,Munger
C00952,Xiti Halder,tarak.kari952@hotmail.com,8795518514,H.No. 98 Mukhopadhyay Nagar,Shivpuri
C01719,Anita Nagi,mason.dhar82685@yahoo.com,6323226408,215 Dugal,Alappuzha
C01959,Mohammed Bera,parth.bawa17418@outlook.com,7301900624,"H.No. 753, Sankar Nagar",Katihar
C00627,Neha Mukhopadhyay,neha.mukhopadhyay627@hotmail.com,9300264276,H.No. 54 Sarkar Chowk,Alappuzha
C00047,Jasmit Nath,,,11/189 Palla Zila,Mira-Bhayandar
,,devika.saxena739@gmail.com,7613444454,,Raurkela Industrial Township
N00158,Bahadurjit Sur,bahadurjit.sur3158@hotmail.com,7747978160,H.No. 02 Batra Street,Gwalior
C01258,Yasti Nadkarni,yasti.nadkarni1258@outlook.com,8253103469,H.No. 682 Dave Road,Buxar
N00002,Gautam Vasa,gautam.vasa3002@example.in,8111830096,H.No. 016 Chawla Street,Dindigul
N00099,Dalbir Kar,dalbir.kar3099@outlook.com,7545243746,"197, Sabharwal Path",Visakhapatnam
C02126,Arjun Bawa,arjun.bawa2126@yahoo.com,,"20/89, Bajwa Street",Kirari Suleman Nagar
C01363,Yochana Sule,yochana.sule1363@example.in,6326948271,90 Gandhi Path,Karaikudi
C02841,Anya Kaul,anya.kaul2841@example.in,6072253392,H.No. 672 Bumb Nagar,Bhalswa Jahangir Pur
N00329,Isha Tiwari,isha.tiwari3329@yahoo.com,9734286324,87 Apte Road,Mangalore
N00105,Priya Ramesh,priya.ramesh3105@outlook.com,7557707621,903 Biswas Ganj,Jaipur
N00209,Frado Sura,frado.sura3209@outlook.com,9546015417,H.No. 199 Soni Ganj,Bally
C01318,Chaitanya Dhingra,chaitanya.dhingra1318@outlook.com,7573323944,"73/66, Nanda Ganj",Warangal
N00047,Ekaja Modi,ekaja.modi3047@hotmail.com,7501747202,"667, Sachdev Nagar",Ongole
C00363,Noah Char,noah.char363@yahoo.com,8158247586,"35/534, Balasubramanian Zila",Raipur
C02893,Samar Amble,samar.amble2893@outlook.com,6202275911,H.No. 884 Varghese Marg,Karimnagar
C01824,Suhani Basu,suhani.basu1824@outlook.com,6904901335,"H.No. 09, Mangal Road",Guntakal
C02557,Jairaj Devi,jairaj.devi2557@gmail.com,7340023291,,
C01989,Vedant Batta,,6666556082,H.No. 71 More Circle,Asansol
C02111,Tripti Ratta,,,"H.No. 823, Nazareth Marg",Kolhapur
C02887,Chavvi Mangal,,,"H.No. 50, Pradhan Zila",Tumkur
N00387,Dakshesh Nazareth,dakshesh.nazareth3387@hotmail.com,8837333965,36/193 Bhavsar Nagar,Anantapuram
C02127,Ladli Johal,,6239027773,,Medininagar
,  krishna murthy  ,krishna.murthy2894@gmail.com,,"57/916, Pal Marg",Raipur
C01464,Kavya Boase,kavya.boase1464@outlook.com,9321772198,,
C00300,Harinakshi Yohannan,jack.buch46758@yahoo.com,9878306347,"87/36, Mannan Marg",Phusro
N00069,Chaaya Kapur,chaaya.kapur3069@yahoo.com,9674318279,"824, Chad Zila",Bikaner
C02498,Daksh Sule,,8942056545,,
C01815,Kashvi Randhawa,kashvi.randhawa1815@gmail.com,6459347560,40 Bassi Ganj,Bhagalpur
C01551,Ekansh Sharaf,ekansh.sharaf1551@outlook.com,7213461235,H.No. 728 Kibe Path,Mumbai
,Urvashi Kaul,,,,
C00140,Ridhi Sachdev,,,45/181 Menon Nagar,
C02132,Hamsini Gara,hamsini.gara2132@outlook.com,9446295542,"H.No. 338, Choudhury",Asansol
C01128,Tanvi Sehgal,advaith.nori30279@outlook.com,7830585603,"H.No. 89, Dyal Nagar",Bikaner
N00189,Jhalak Gala,jhalak.gala3189@yahoo.com,7978312543,H.No. 150 Nagy Chowk,Ghaziabad
C02184,Anya Bir,anya.bir2184@outlook.com,6038759505,431 Upadhyay Ganj,Dindigul
C02753,Chandresh Bora,,,,Mangalore
,,,,,
N00341,Yauvani Sem,yauvani.sem3341@example.in,9181239339,"306, Chana Nagar",Chennai
,Fariq Dugal,,,,
N00304,Zayan Karan,zayan.karan3304@example.in,8374659024,"H.No. 564, Yohannan Marg",Gorakhpur
C02734,Ekansh Saha,ekansh.saha2734@hotmail.com,9449698041,"H.No. 66, Mand Ganj",Malegaon
C02628,Ekantika Bali,ekantika.bali2628@outlook.com,,39 Choudhary Chowk,
,Quincy Bose,,,,Miryalaguda
C00260,Kavya Rajagopal,kavya.rajagopal260@hotmail.com,9161287737,"68/43, Ramanathan Marg",Karimnagar
,Megha Tak,,,"H.No. 34, Wali Chowk",Surendranagar Dudhrej
C00698,Nihal Suresh,nihal.suresh698@example.in,7892640496,431 Tak Nagar,
,Meera Dubey,,,,
N00024,Orinder Gole,orinder.gole3024@example.in,8038704336,14 Baria Zila,Thoothukudi
N00247,Tristan Sehgal,tristan.sehgal3247@hotmail.com,6755827735,"H.No. 19, Srivastava Street",Madanapalle
,,,,,
N00291,Jeevika Ramaswamy,jeevika.ramaswamy3291@example.in,8422813113,44/78 Tailor Ganj,Tirunelveli
C02641,Guneet Buch,guneet.buch2641@yahoo.com,7090585556,33 Gola Path,Karnal
,,,,,
N00015,Mekhala Guha,mekhala.guha3015@yahoo.com,9154090748,H.No. 687 Sandal Chowk,Singrauli
C01456,Charvi Ranganathan,rohan.sastry1456@hotmail.com,7624708115,05 Hayer Path,Srinagar
C00261,Zayyan Muni,zayyan.muni261@example.in,9583240902,H.No. 25 Karnik Nagar,Kolkata
,,vritti.khatri419@example.in,9845327653,,Kalyan-Dombivli
C01531,Pranav Anand,pranav.anand1531@outlook.com,8209869887,,
C00223,Faris Saini,faris.saini223@gmail.com,9265712092,H.No. 19 Soman Ganj,Buxar
C02453,Kavya Cheema,kavya.cheema2453@hotmail.com,6127206944,"03, Apte Road",
C01495,Dalbir Rau,dalbir.rau1495@gmail.com,8314099236,"365, Dada Road",Aligarh
,Wishi Upadhyay,,,,Bally
C01033,Vasatika Naidu,vasatika.naidu1033@outlook.com,8165828539,H.No. 52 Khare Chowk,Korba
,Eshana Chaudhuri,,,73/66 Guha Zila,Hapur
C01091,Nilima Sridhar,orinder.bajaj1091@outlook.com,8369778655,80/808 Morar,Muzaffarpur
C02486,Abeer Som,harini.gaba2486@hotmail.com,8971384134,"39/753, Bobal Path",Danapur
,Nikita Oommen,,,,
N00287,Elijah Ghosh,elijah.ghosh3287@outlook.com,8521635868,45/95 Memon Road,Ahmednagar
C00727,Widisha Hari,widisha.hari727@gmail.com,7591785927,H.No. 65 Solanki Path,Mahbubnagar
N00025,Joshua Gupta,joshua.gupta3025@yahoo.com,9800556259,88/71 Sandhu,Giridih
C01909,Osha Hora,zilmil.palan72588@example.in,8409251235,647 Edwin Ganj,Madurai
C00034,Mugdha Om,mugdha.om34@hotmail.com,8396489361,,Jorhat
C02518,Anamika Sampath,anamika.sampath2518@outlook.com,8062522205,H.No. 215 Deshpande Street,Tezpur
,  sai narain  ,sai.narain2049@gmail.com,,"H.No. 616, Sheth Path",Bally
C01266,Yamini Kunda,yamini.kunda1266@example.in,7953095034,"77/724, Bhat Zila",Danapur
C00188,Aadhya Sheth,aadhya.sheth188@outlook.com,,81/87 Doshi Chowk,Darbhanga
,,,,,
C00405,Luke Dyal,,,"27/523, Mukherjee Nagar",
N00097,Gopal Gopal,gopal.gopal3097@outlook.com,9536198516,"516, Sinha Marg",Sikar
C00292,Isha Bora,,7783305442,,
N00196,Ekani Uppal,ekani.uppal3196@yahoo.com,8384540755,"H.No. 792, Rai Marg",Bardhaman
C02464,Nirja Sawhney,nirja.sawhney2464@gmail.com,6074000906,"79/23, Hari Chowk",Etawah
C02052,Bakhshi Dalal,bakhshi.dalal2052@outlook.com,7815824431,66/795 Upadhyay Nagar,Hubli–Dharwad
,SIYA CHACKO,,7033884542,"95/516, Bhandari Nagar",Nandyal
N00307,Omya Raman,omya.raman3307@outlook.com,7675325580,H.No. 710 Malhotra Path,Shimoga
N00256,Vincent Mahal,vincent.mahal3256@outlook.com,7493492313,14 Mander Zila,Yamunanagar
,Nicholas Jaggi,,,,Kulti
C00200,Suhani Nayar,suhani.nayar200@outlook.com,,,Rohtak
,  charles mammen  ,charles.mammen1071@hotmail.com,,"98/718, Raghavan Chowk",Sri Ganganagar
C01779,Divya Manda,onkar.peri77198@outlook.com,8194224945,08/23 Gill Ganj,Bally
C00253,Lajita Gupta,edhitha.sani90921@outlook.com,9768626082,"H.No. 396, Mahal Marg",Kadapa
C02987,Ishanvi Venkataraman,,6057381423,"98/95, Kothari Nagar",Pimpri-Chinchwad
,DAKSH NAGY,,8373171398,"71, Sengupta Ganj",Ongole
N00180,Priya Gaba,priya.gaba3180@gmail.com,6462968752,50/25 Jani Chowk,Morbi
,Brinda Ghosh,,,,
N00139,Manthan Dhar,manthan.dhar3139@gmail.com,7568404180,"567, Singh Marg",Udupi
N00100,Abha Lata,abha.lata3100@gmail.com,8172973443,"85/25, Rama Path",Bhimavaram
C01199,Januja Raj,,8200604919,,
C00208,Tanveer Karan,tanveer.karan208@yahoo.com,9567645968,H.No. 240 Kurian Road,Tumkur
,Libni Batra,,,,
,JANAKI MASTER,,7804055031,71/24 Acharya Ganj,Miryalaguda
C00197,Qadim Sura,qadim.sura197@outlook.com,,"77/60, Pillay Path",Sultan Pur Majra
C01825,Ayushman Mahajan,simon.verma1825@gmail.com,8056412241,"81, Sarma Path",Guwahati
C02718,Faris Kakar,faris.kakar2718@outlook.com,,47/80 Saran Circle,Mathura
C00671,Alexander Sampath,alexander.sampath671@outlook.com,6049009918,"93/38, Dash Street",Tenali
C01719,Anita Nagi,anita.nagi1719@example.in,6213518674,,Alappuzha
C02711,Amruta Misra,amruta.misra2711@gmail.com,9937231824,764 Goswami Marg,Kirari Suleman Nagar
C00411,Isaac Gokhale,isaac.gokhale411@hotmail.com,,,Ballia
C02919,Maanav Devan,dalaja.misra2919@outlook.com,7199007300,"H.No. 423, Master Nagar",Hajipur
C00040,Frederick Pillai,frederick.pillai40@outlook.com,6131630831,"264, Bhavsar Street",Jalna
C00226,Anita Chandra,anita.chandra226@example.in,,74/397 Kakar Circle,Miryalaguda
,Sathvik Keer,,,,
C02696,Xiti Manne,xiti.manne2696@gmail.com,8653183881,H.No. 25 Saini Nagar,Baranagar
N00372,Dayita Vora,dayita.vora3372@yahoo.com,9597943485,"H.No. 642, Halder Circle",Morbi
C00831,Harrison Guha,harrison.guha831@outlook.com,9064327920,"008, Gulati Road",Serampore
N00379,Lakshmi Ganesan,lakshmi.ganesan3379@outlook.com,6189663836,"H.No. 589, Misra Street",Ghaziabad
C00777,Owen Sarkar,owen.sarkar777@gmail.com,6064547287,"H.No. 368, Balasubramanian Nagar",
N00019,Nathan Sule,nathan.sule3019@yahoo.com,7407891743,H.No. 555 Baral Marg,Loni
N00115,Jason Magar,jason.magar3115@outlook.com,6065819981,35/508 Bhavsar,Gangtok
C02006,Charvi Sundaram,charvi.sundaram2006@outlook.com,6785434366,41/143 Khurana Zila,Karaikudi
N00095,Widisha Dhingra,widisha.dhingra3095@yahoo.com,8232190999,74/38 Shere Marg,Serampore
C01647,Avi Dugar,,8777894562,H.No. 094 Khatri Chowk,Srinagar
C00826,Krish Hari,krish.hari826@example.in,,H.No. 008 Iyer Path,Jalgaon
,,,,,
C01456,Rohan Sastry,rohan.sastry1456@hotmail.com,7624708115,H.No. 70 Sabharwal Marg,Srinagar
C00162,Maya Kalla,maya.kalla162@yahoo.com,8655917861,"97, Thakur Nagar",Kozhikode
C01103,Hardik Pradhan,hardik.pradhan1103@example.in,6013651399,H.No. 678 Trivedi Road,Ranchi
C02476,Ekiya Nagarajan,ekiya.nagarajan2476@gmail.com,,H.No. 360 More Chowk,
C01207,Nilima Bath,yatin.warrior70382@hotmail.com,8804095082,775 Tiwari Circle,Rohtak
N00065,Zilmil Ganesan,zilmil.ganesan3065@example.in,7792080523,H.No. 095 Bahl Circle,Hosur
N00223,Oscar Bansal,oscar.bansal3223@example.in,9753895192,"H.No. 00, Jain Ganj",Gudivada
C00297,Girindra More,girindra.more297@yahoo.com,8806873684,H.No. 876 Sem Path,Khora 
,  chanchal nagi  ,chanchal.nagi2996@outlook.com,,"90/79, Sabharwal Ganj",Buxar
C01696,Naveen Mutti,naveen.mutti1696@hotmail.com,9331096104,H.No. 471 Kumar Nagar,Singrauli
C01046,Hemani Jha,,7429511847,,Kadapa
,,,,,Mangalore
N00122,Meera Mistry,meera.mistry3122@outlook.com,9006004049,"760, Gera Chowk",Thanjavur
N00140,Anita Bhattacharyya,anita.bhattacharyya3140@hotmail.com,8359499017,14/88 Mistry Road,Jaunpur
C02725,Ekani Karnik,ekani.karnik2725@example.in,,"716, Salvi Ganj",Sambhal
C01994,Ekavir Konda,,,953 Vaidya Street,Orai
,Ikbal Wali,,,,Visakhapatnam
N00314,Radhika Mukherjee,radhika.mukherjee3314@example.in,8611676697,H.No. 97 Johal Chowk,Dindigul
C00491,Samarth Nanda,dalaja.kant83253@outlook.com,6818033867,33 Wadhwa Street,Phusro
N00369,Noah Minhas,noah.minhas3369@gmail.com,8614732583,243 Soman Road,Gorakhpur
C02856,Ira Sura,ira.sura2856@hotmail.com,7190586760,"17/74, Dugar Street",Mumbai
C00838,Vinaya Rout,vinaya.rout838@outlook.com,8736630406,H.No. 287 Wali Chowk,Mahbubnagar
C01862,Divya Warrior,zayyan.garg34392@hotmail.com,8562329694,38/27 Venkatesh Circle,Udaipur
C02236,Yashvi Doctor,chakradev.naidu53465@gmail.com,6594960414,"H.No. 014, Balakrishnan Ganj",Warangal
C01744,Harsh Sekhon,harsh.sekhon1744@example.in,9187593883,998 Kota Ganj,Nizamabad
N00391,Udyati Balan,udyati.balan3391@gmail.com,7071303413,"289, Kala Street",Nagercoil
C02684,Vihaan Ravi,,,"H.No. 424, Ratti Zila",
C02949,Bachittar Sahota,bachittar.sahota2949@outlook.com,8710826346,"21, Saxena Marg",Madanapalle
,BANJEET GANESH,,6636761331,72/41 Grewal,Jhansi
,,,,,Ujjain
N00229,Yachana Zacharia,yachana.zacharia3229@yahoo.com,6963677899,489 Dalal,Mysore
C01772,Triveni Jaggi,triveni.jaggi1772@yahoo.com,,H.No. 333 Mani Ganj,
,Oviya Thakkar,,,,
C02308,Deepa Dar,deepa.dar2308@gmail.com,7653381502,226 Tara Street,Panvel
C01462,Ayushman Chaudhari,advik.goel1462@gmail.com,9612735197,50/625 Kaur Path,Kota
N00343,Harinakshi Patla,harinakshi.patla3343@gmail.com,8609647721,07/03 Vala Street,Phusro
,,janya.pillay2694@outlook.com,8144660983,,Kulti
C00170,Hiral Bala,hiral.bala170@gmail.com,9629775600,"896, Mohanty Nagar",Aizawl
,,,,,
N00041,Michael Vig,michael.vig3041@hotmail.com,8070985394,"88/949, Sagar Path",Bally
C00311,Sanaya Raj,sanaya.raj311@gmail.com,8945641516,,
N00397,Jeevika Kohli,jeevika.kohli3397@example.in,8531637843,262 Bath Road,Phagwara
C00107,Amrita Baral,amrita.baral107@hotmail.com,7396947697,10 Rana Path,Udupi
,Aarnav Dua,,,,Panipat
N00054,Yauvani Khatri,yauvani.khatri3054@outlook.com,8981632271,283 Warrior Road,Bihar Sharif
C00096,Oliver Pai,oliver.pai96@yahoo.com,9722857481,"H.No. 138, Patil Chowk",Tirupati
C02470,Parth Chowdhury,parth.chowdhury2470@hotmail.com,,,Nadiad
C01242,Anjali Dash,anjali.dash1242@gmail.com,9642758248,"19/12, Cherian Ganj",Tumkur
C00372,Anya Dave,anya.dave372@hotmail.com,6530652036,H.No. 20 Dubey Circle,Erode
,  baljiwan nori  ,baljiwan.nori482@gmail.com,,061 Raj Street,Gorakhpur
,Quincy Khare,,,,
N00132,Ekiya Krishnamurthy,ekiya.krishnamurthy3132@outlook.com,9822640175,H.No. 07 Mangat Circle,Bhilwara
C01805,Waida Batra,waida.batra1805@yahoo.com,9615131477,73/35 Mody Ganj,
N00362,Nilima Sampath,nilima.sampath3362@outlook.com,6600389609,H.No. 60 Shankar Path,Allahabad
C01479,Balhaar Garde,balhaar.garde1479@yahoo.com,,82/48 Kashyap Street,Allahabad
N00238,Fitan Chada,fitan.chada3238@example.in,6086529207,"28/335, Chawla Ganj",Madanapalle
,Jacob Nagar,,,,
C00642,Owen Reddy,,8951630368,,
N00154,Isha Sant,isha.sant3154@yahoo.com,7621532086,"20/87, Trivedi",Indore
C00926,Amruta Wali,amruta.wali926@example.in,8645026347,H.No. 40 Dalal Road,Sonipat
C00120,Orinder Choudhury,orinder.choudhury120@hotmail.com,9315147519,"37/163, Hayre Nagar",Khandwa
,,,,,Nizamabad
C01541,Wahab Gara,wahab.gara1541@example.in,7665329000,41/858 Guha Road,Gaya
C01280,Megha Tak,megha.tak1280@outlook.com,9256074342,"H.No. 920, Barman Road",Surendranagar Dudhrej
C00023,Irya Nori,anmol.sheth23@example.in,9871299028,"29/464, Mital Zila",Silchar
C00204,Riya Ramakrishnan,,7021976601,"65, Kaur Zila",Kharagpur
,Christopher Verma,,,,
C02495,Janaki Master,janaki.master2495@example.in,7804055031,"04, Lanka Street",Rohtak
C02874,Unni Mand,unni.mand2874@gmail.com,7841845508,"12/459, Menon Road",Korba
N00306,Forum Setty,forum.setty3306@gmail.com,8997439262,"579, Agrawal Street",Secunderabad
C02156,Xalak Raval,abhimanyu.nayar2156@example.in,9049101954,"H.No. 90, Keer Path",Siwan
C02456,Reyansh Saran,reyansh.saran2456@yahoo.com,9918750426,09/512 Karnik Circle,Ludhiana
C00685,Harsh Goda,geetika.bose685@gmail.com,9094617929,"48/62, Agate Street",Bally
C01096,Kiaan Balay,kiaan.balay1096@gmail.com,9615887379,"21/26, Borde Circle",Jorhat
C00475,Triveni Balakrishnan,,,"H.No. 436, Chadha Circle",
C01977,Hredhaan Aggarwal,hredhaan.aggarwal1977@outlook.com,6913281870,562 Hari Road,Jamnagar
C00983,Jasmit Doshi,jasmit.doshi983@outlook.com,8648814740,H.No. 40 Rao Circle,Raiganj
N00146,Nirja Trivedi,nirja.trivedi3146@gmail.com,9299226673,H.No. 16 Chana,Tiruppur
C01084,Kashish Radhakrishnan,kashish.radhakrishnan1084@example.in,6332077425,"H.No. 640, Din Zila",Jamnagar
N00173,Abdul Malhotra,abdul.malhotra3173@example.in,6903315063,H.No. 71 Lad Marg,Hapur
,,odika.bhavsar1890@outlook.com,6767596882,,Indore
C01618,Kashish Arya,kashish.arya1618@outlook.com,6154533634,93 Wali,Secunderabad
N00052,Yoshita Handa,yoshita.handa3052@hotmail.com,8497782730,H.No. 01 Garde Road,Motihari
N00163,Anita Brar,anita.brar3163@example.in,9054818765,"697, Gola Zila",Junagadh
,,,,,
,,,,,
C02164,Ryan Banerjee,ryan.banerjee2164@example.in,9965557051,"488, Deshmukh Zila",Madhyamgram
C02427,Abeer Contractor,chasmum.ahluwalia24748@hotmail.com,6098741673,91/71 Kunda,Hapur
,  vritti purohit  ,vritti.purohit2817@hotmail.com,,"H.No. 71, Uppal Path",Morena
C00174,Lila Narayan,lila.narayan174@gmail.com,,,
C02901,Kashish Chahal,warinder.divan37187@hotmail.com,7849282492,"12/300, Kalla Street",Karimnagar
N00167,Yachana Bora,yachana.bora3167@outlook.com,6457556742,"17/421, Saini Street",Firozabad
C00525,Tejas Aurora,tejas.aurora525@outlook.com,6808788860,,Orai
C00490,Nicholas Aurora,nicholas.aurora490@gmail.com,6953131054,"40/07, Bobal Street",Panvel
N00108,Hemangini Tiwari,hemangini.tiwari3108@example.in,6300930040,"90/419, Dua Zila",Aligarh
C01592,Sanaya Bal,sanaya.bal1592@gmail.com,7248651125,33 Varghese,Pondicherry
C00536,Aarnav Dua,,,"19, Ray Road",
C02304,Darika Saraf,darika.saraf2304@gmail.com,8666356159,"H.No. 59, Bhargava Chowk",Bettiah
C00724,Riya Pathak,riya.pathak724@gmail.com,7171996625,38/86 Mand Ganj,Tadepalligudem
N00267,Manya Sinha,manya.sinha3267@example.in,9020032788,759 Kapur Path,Jamshedpur
C02443,Xalak Mangal,xalak.mangal2443@hotmail.com,,,Kavali
C01446,Dipta Datta,vansha.sur47059@example.in,9486724031,90 Banik Chowk,Phagwara
N00107,Yahvi Ganesh,yahvi.ganesh3107@hotmail.com,9874416977,H.No. 090 Seth Marg,Malda
N00249,Dominic Vyas,dominic.vyas3249@example.in,8887434863,"257, Goel Marg",Gopalpur
C00446,Dipta Bobal,,,H.No. 588 Chad,Danapur
C00857,Rachit Bassi,noah.doshi52830@gmail.com,9793986653,369 Gera Chowk,Dhule
C01439,Arya Sathe,arya.sathe1439@yahoo.com,7120963871,52/068 Munshi Marg,Karimnagar
C02877,Girik Bhardwaj,girik.bhardwaj2877@outlook.com,9362431863,"H.No. 871, Ganguly",Panvel
N00093,Jalsa Purohit,jalsa.purohit3093@yahoo.com,7608876862,455 Wali Nagar,Ahmednagar
,,faras.aggarwal689@outlook.com,6412093780,,Chennai
C02310,Indira Iyengar,indira.iyengar2310@gmail.com,8939371126,H.No. 79 Mohan Path,Hyderabad
C01979,Laban Vasa,zaid.edwin22138@gmail.com,8054526407,"H.No. 106, Seshadri Zila",Dewas
C00979,Vanya Hegde,vanya.hegde979@outlook.com,7442038523,75/103 Gokhale Nagar,Jaipur
C00223,Faris Saini,,9265712092,440 Patil Street,
C01366,Lucky Gole,lucky.gole1366@gmail.com,9865061318,H.No. 000 Andra Circle,Guntur
C00186,Ishita Rajagopalan,ishita.rajagopalan186@yahoo.com,9636432926,,Ghaziabad
C00633,Maanas Shah,maanas.shah633@hotmail.com,9687103866,H.No. 28 Sekhon Circle,Aurangabad
,Anika Handa,,,"31/954, Bhavsar Chowk",Ludhiana
C01444,Wakeeta Chauhan,,,H.No. 28 Kothari Marg,Satara
C02576,Anita Pandya,anita.pandya2576@gmail.com,7061285987,H.No. 11 Menon Zila,Guntakal
C02334,Ishwar Butala,ishwar.butala2334@gmail.com,,"19, Amble Zila",Bhimavaram
C00259,Omkaar Buch,omkaar.buch259@example.in,7273086041,04/794 Sheth Road,Bellary
C02711,Amruta Misra,,9937231824,,
,,,,,
N00152,Damini Ganguly,damini.ganguly3152@outlook.com,6324694898,"79/785, Jain Chowk",Varanasi
C02096,Caleb Nagar,,,,Morena
,Victor Parmer,,,,
C01615,Neelima Barad,,9431180137,,Loni
C01853,Radha Bava,radha.bava1853@example.in,8992301594,75 Bhatia Road,Raichur
,  bhavika lala  ,bhavika.lala841@yahoo.com,,"H.No. 734, Jayaraman Path",Giridih
C00865,Ikbal Natt,ikbal.natt865@gmail.com,9004238269,H.No. 845 Kohli Marg,Hubli–Dharwad
N00138,Chatura Mistry,chatura.mistry3138@example.in,8121439378,"91/49, Chad Path",Nashik
,Chakradev Bhandari,,,74 Dora Nagar,Sirsa
N00028,Riya Dixit,riya.dixit3028@gmail.com,8767196731,"64/50, Modi Road",Kota
C00242,Harinakshi Goda,harinakshi.goda242@gmail.com,8881110323,91/477 Singhal,Barasat
,,,,,
N00199,Vamakshi Bhatia,vamakshi.bhatia3199@yahoo.com,7771093407,37/36 Chadha Ganj,Sri Ganganagar
C01993,Tejas Murty,tejas.murty1993@hotmail.com,8889193746,"H.No. 355, Sheth Path",Kirari Suleman Nagar
,,,,,
,VYANJANA PALAN,,9893170621,08/028 Anand Ganj,Tezpur
C00496,Ladli Bhalla,ladli.bhalla496@example.in,8596772803,75 Sahota Nagar,
,Abha Tandon,,,,
C02319,Yamini Mutti,yamini.mutti2319@hotmail.com,7752685971,"H.No. 085, Tara Marg",Rohtak
C01704,Chandran Swamy,chandran.swamy1704@hotmail.com,7265093762,"H.No. 93, Balakrishnan Circle",Madhyamgram
C02672,Balvan Mistry,balvan.mistry2672@example.in,6418376058,"75/566, Din",Mangalore
C01425,Ijaya Sidhu,,,H.No. 31 Gara Zila,Hosur
C00863,Ira Kaur,ira.kaur863@gmail.com,9152762794,"H.No. 20, Bhat Circle",Ongole
C01824,Suhani Basu,suhani.basu1824@outlook.com,6904901335,"H.No. 09, Mangal Road",
C02001,Jeremiah Balakrishnan,jeremiah.balakrishnan2001@gmail.com,7003084298,65/92 Khatri Path,Ichalkaranji
C01509,Aayush Cherian,aayush.cherian1509@outlook.com,9981807911,862 Joshi Street,Amaravati
,Theodore Bhatnagar,,,,Meerut
C01046,Hemani Jha,hemani.jha1046@hotmail.com,7429511847,"H.No. 112, Dua Chowk",Kadapa
C00906,Charan Yohannan,charan.yohannan906@yahoo.com,6251302325,,Maheshtala
N00116,Oeshi Sama,oeshi.sama3116@yahoo.com,8081810437,"H.No. 82, Prasad",Mehsana
C00199,Netra Pau,netra.pau199@hotmail.com,,714 Mann Circle,New Delhi
C02462,Rajata Bhandari,rajata.bhandari2462@outlook.com,9909221103,"415, Wali Chowk",Gurgaon
C01549,Jalsa Bawa,,7246969249,,
C01270,Eshana Dubey,eshana.dubey1270@gmail.com,9989804927,57/718 Manne Road,Udaipur
,  megha sekhon  ,megha.sekhon438@example.in,,"65, Bhakta Nagar",Sasaram
C00172,Urvi Nagy,urvi.nagy172@gmail.com,6710931587,31/671 Sankaran Marg,Mumbai
N00048,Rishi Swaminathan,rishi.swaminathan3048@gmail.com,9618858787,"66/02, Sharaf Chowk",Patna
C01189,Chaitaly Taneja,,6270255384,H.No. 75 Murty Road,Bikaner
C02077,Sneha Rai,sneha.rai2077@gmail.com,,69/208 Bhatnagar Street,
C00396,Bina Ravi,bina.ravi396@example.in,8011886841,"63, Doctor Path",Guntakal
N00370,Bakhshi Divan,bakhshi.divan3370@yahoo.com,9515072972,67/44 D’Alia Nagar,Thanjavur
C02081,Vyanjana Apte,vyanjana.apte2081@yahoo.com,7712911296,"851, Raval Nagar",
C00929,Widisha Ramaswamy,,9947430859,,
C00754,Nidra Bera,nidra.bera754@outlook.com,9102196659,"H.No. 68, Kade Path",Dehradun
C02458,Vrinda Venkatesh,,9281672947,,
N00374,Ekavir Sur,ekavir.sur3374@outlook.com,9807228289,H.No. 10 Shan Road,Thiruvananthapuram
C00178,Gunbir Anand,rayaan.wali178@example.in,8928180736,"49, Gole Circle",Kadapa
,,,,,
C02222,Vedant Sawhney,vedant.sawhney2222@gmail.com,8704687329,H.No. 20 Rajagopal Chowk,Bilaspur
C02962,Deepa Sodhi,,9389155334,436 Cheema Road,
,,indali.nadkarni2813@gmail.com,7946534234,,Erode
N00261,Inaya Wagle,inaya.wagle3261@outlook.com,6463268012,"30, Zachariah",Rajkot
C02268,David Bora,,7786563440,"30/267, Narayanan Street",
C00736,Falak Batta,falak.batta736@gmail.com,8347369874,"312, Kala Marg",Singrauli
C02745,Oeshi Butala,chandresh.mistry19002@outlook.com,7857535389,"H.No. 571, Raj Ganj",Amritsar
C00691,Champak Loke,jason.vig56336@hotmail.com,9199912769,"26/103, Mukhopadhyay Chowk",Patna
,  charles chaudhari  ,charles.chaudhari1123@yahoo.com,,73/512 Gade Path,Hyderabad
,  sai shukla  ,sai.shukla2413@yahoo.com,,"958, Subramanian Ganj",Tadipatri
,Vanya Sabharwal,,,"61, Sha Nagar",Bhubaneswar
N00130,Edhitha Basak,edhitha.basak3130@hotmail.com,8620383658,"H.No. 357, Srinivas Circle",Raebareli
C02329,Yochana Raman,yochana.raman2329@outlook.com,6510775494,H.No. 193 Venkataraman Marg,Gandhinagar
,Yashodhara Gandhi,,,"692, Basak Zila",Akola
C01927,Krish Arya,krish.arya1927@hotmail.com,7778682481,"88/367, Mitter Road",Tenali
N00045,Balendra Misra,balendra.misra3045@gmail.com,9936166709,H.No. 97 Pal Circle,Gandhinagar
C00616,Zarna Saraf,zarna.saraf616@hotmail.com,8434481744,,Allahabad
N00206,Ekansh Chaudhari,ekansh.chaudhari3206@outlook.com,7779603897,10/837 Tank,Udaipur
C00560,Upasna Gara,nirja.rao560@hotmail.com,8137227318,78/768 Kunda Street,Sambalpur
C02984,Watika Kalita,watika.kalita2984@gmail.com,8808518194,"H.No. 00, Desai",Bhavnagar
C01186,Vihaan Gupta,vihaan.gupta1186@yahoo.com,7356354684,"83, Narayan Zila",Bokaro
,Alexander Bera,,,,Coimbatore
C02223,Ekani Prashad,ekani.prashad2223@gmail.com,6501518746,"06/33, Srinivas Circle",Gandhinagar
,  madhavi agate  ,madhavi.agate400@hotmail.com,,42 Shere Chowk,Nangloi Jat
C02539,Zashil Ranganathan,zashil.ranganathan2539@yahoo.com,8260383123,H.No. 90 Gara Circle,Bhatpara
C02021,Harsh Chatterjee,pallavi.trivedi61007@outlook.com,8595817756,"69/509, Kumer Ganj",Lucknow
N00299,Pavani Gera,pavani.gera3299@example.in,6716520813,"H.No. 399, Sama Chowk",Jhansi
C02870,Hiral Biswas,hiral.biswas2870@outlook.com,8697806783,"17, Gulati",Surat
C02490,Falak Gole,falak.gole2490@gmail.com,9965528925,"671, Rajagopal",Raiganj
C01729,George Deol,george.deol1729@yahoo.com,,,
C02055,Zaitra Dubey,zaitra.dubey2055@gmail.com,8983454229,"17/982, Chanda Street",Raichur
N00396,Qabil Ram,qabil.ram3396@example.in,6275596438,"25/539, Wadhwa Street",Kolhapur
C01841,Oliver Hegde,,,,Kurnool
C01313,Mugdha Khurana,,6394119157,"28/078, Bedi Path",
,,,,,
C01660,Kritika Rau,kritika.rau1660@gmail.com,8288371475,"75/93, Misra Ganj",Bangalore
N00204,Thomas Buch,thomas.buch3204@example.in,9755055736,H.No. 850 Yadav Road,Gudivada
C00774,Qabil Hegde,qabil.hegde774@hotmail.com,8263908165,"665, Bhardwaj Circle",Sasaram
,MADHAV PRABHU,,8455321774,"29, Kapoor",Salem
N00104,Guneet Mahajan,guneet.mahajan3104@hotmail.com,7588932593,63/14 Din Path,Panvel
N00176,Chatura Verma,chatura.verma3176@yahoo.com,9128529593,16/09 Sinha Ganj,Gulbarga
,,isha.chaudhuri2042@outlook.com,7197997377,,Hajipur
,Triya Arora,,,,
C01617,Jonathan Rege,jonathan.rege1617@example.in,,"93/327, Naik Marg",Thanjavur
C00686,Urmi Borde,urmi.borde686@hotmail.com,8189120662,98 Setty Path,Akola
N00274,Warjas Kar,warjas.kar3274@outlook.com,7400798755,98 Kala,Bally
C02161,Vincent Barman,vincent.barman2161@hotmail.com,7652056295,"31/806, Manne",Bhiwani
C01759,Maanas Ben,maanas.ben1759@example.in,8327069035,074 Kalita Zila,Jodhpur
C01936,Zehaan Tailor,logan.zacharia1936@hotmail.com,9839544548,"63, Thakkar Marg",Solapur
C00728,Adya Nath,adya.nath728@outlook.com,9522726714,078 Cherian Path,Burhanpur
C00747,Viraj Thakkar,viraj.thakkar747@hotmail.com,8354627752,H.No. 739 Chauhan Ganj,Allahabad
C02299,Yatin Kar,,7699656714,,Bhind
C01171,Rayaan Cheema,,8041194247,,
N00169,Ucchal Deo,ucchal.deo3169@yahoo.com,9469775880,H.No. 32 Sabharwal Circle,Panipat
C02452,Michael Kannan,michael.kannan2452@yahoo.com,7696735012,880 Brahmbhatt Ganj,Sri Ganganagar
C01064,Veer Sanghvi,veer.sanghvi1064@outlook.com,6369991095,"H.No. 14, Ganesan Chowk",Muzaffarpur
N00166,Reva Pillay,reva.pillay3166@example.in,9152559639,"294, Saxena Circle",Tumkur
,,harinakshi.oommen893@outlook.com,7074632857,,Kumbakonam
N00195,Upadhriti Issac,upadhriti.issac3195@gmail.com,8959646025,"H.No. 43, Samra Circle",Belgaum
N00213,Lavanya Dubey,lavanya.dubey3213@yahoo.com,6776986717,"36/986, Viswanathan Marg",Hajipur
N00175,Damini Upadhyay,damini.upadhyay3175@example.in,9392756089,"88/238, Purohit Chowk",Hubli–Dharwad
C02416,Yadavi Singh,yadavi.singh2416@example.in,7379596584,"29/25, Sampath Zila",Gopalpur
C02403,Wridesh Kurian,wridesh.kurian2403@hotmail.com,6227717359,"H.No. 738, Krishnamurthy Path",Pondicherry
C00971,Amol Dhaliwal,elijah.parsa971@hotmail.com,6193415076,H.No. 482 Dar Street,Gudivada
C00658,Harinakshi Dhar,harinakshi.dhar658@example.in,7145221639,"82, Parmar Chowk",Amritsar
C00539,Warinder Bava,bakhshi.chandra539@hotmail.com,6967179412,"33/726, Aggarwal Ganj",Aligarh
C02844,Tanmayi Chhabra,tanmayi.chhabra2844@hotmail.com,,85 Nigam Street,Gopalpur
C01604,Ojasvi Tripathi,ojasvi.tripathi1604@outlook.com,9607609078,"H.No. 37, Suresh Zila",
C00609,Ishanvi Sastry,ishanvi.sastry609@example.in,6322702731,58/100 Golla Chowk,Amravati
C01050,Megha Char,megha.char1050@gmail.com,6959826954,85/435 Lanka Marg,Bulandshahr
,,,,,
N00243,Chandresh Lata,chandresh.lata3243@hotmail.com,7080702767,"14, Chakraborty Ganj",Loni
C02157,Madhav Singh,,,"H.No. 493, Samra Path",
,,,,,
N00164,Frado Salvi,frado.salvi3164@gmail.com,6509951300,H.No. 426 Atwal Path,Shahjahanpur
,,,,,
C02262,Zehaan Rastogi,,6245132456,"46, Tiwari Ganj",
,,,,,
C01118,Qasim Pai,qasim.pai1118@outlook.com,8751187865,,Bulandshahr
C00221,Yuvraj Dutt,yuvraj.dutt221@example.in,8557725554,,
C02230,Abeer Misra,abeer.misra2230@hotmail.com,7129927348,"H.No. 25, Edwin Chowk",Pimpri-Chinchwad
C02785,Adweta Dugar,bhavani.manne10811@yahoo.com,8814331947,"43/007, Nazareth Ganj",Phusro
C01745,Christopher Sharma,christopher.sharma1745@yahoo.com,6790781810,"H.No. 10, Morar Marg",
C01036,Teerth Dube,teerth.dube1036@example.in,7538672839,"H.No. 668, Kalla Road",Agartala
,  aadi tara  ,aadi.tara849@outlook.com,,"00, Goyal Street",Kadapa
N00160,Simon Mody,simon.mody3160@gmail.com,8194898195,"483, Muni",Mahbubnagar
,Vrinda Pathak,,,,Anantapuram
C01867,Aditya Dixit,,,72 Rastogi Circle,Yamunanagar
,Pranav Bedi,,,,
C02983,Manan Kale,,7414802253,99/112 Minhas Zila,
N00250,Janaki Chowdhury,janaki.chowdhury3250@gmail.com,7810890398,"83/83, Agate Nagar",Bhusawal
N00237,Reva Padmanabhan,reva.padmanabhan3237@yahoo.com,6753711558,H.No. 95 Mall Path,Darbhanga
C00207,Chanchal Gour,chanchal.gour207@yahoo.com,9502268617,,
,,,,,
C02156,Abhimanyu Nayar,abhimanyu.nayar2156@example.in,9049101954,"H.No. 90, Keer Path",Kakinada
,Chakradhar Badal,,,,
C02192,Ishanvi Boase,ishanvi.boase2192@example.in,8710926427,073 Randhawa Zila,Kota
,,,,,Faridabad
C00648,Ojasvi Kota,,7076356878,H.No. 542 Hans Street,
C01872,Avi Memon,avi.memon1872@hotmail.com,,,
,Samesh Sundaram,,,"H.No. 462, Biswas Path",Darbhanga
C01364,Neha Baria,,,161 Ram Chowk,Kakinada
C00931,Nirja Sha,nirja.sha931@yahoo.com,6856937899,"H.No. 710, Viswanathan Marg",Rewa
C00892,Chandresh Rai,chandresh.rai892@gmail.com,9497558042,86 Sampath Marg,Bihar Sharif
C00575,Kavya Chhabra,kavya.chhabra575@hotmail.com,6955887190,H.No. 085 Varkey Circle,Bhavnagar
C00891,Dayamai Khatri,hritik.banik891@gmail.com,8075284563,"49/001, Kumer Street",Udaipur
N00265,Parth Patla,parth.patla3265@outlook.com,9765440762,49 Bains Ganj,Kalyan-Dombivli
N00323,Warjas Jaggi,warjas.jaggi3323@example.in,9294142526,58/25 Anne Road,Vijayawada
,Yauvani Soman,,,,Barasat
C02772,Kashish Prabhu,kashish.prabhu2772@outlook.com,7628183026,"H.No. 587, Guha",Anantapur
N00228,Faraj Patil,faraj.patil3228@example.in,9984100078,H.No. 19 Bala Chowk,Khandwa
C02827,Ishani Gopal,ishani.gopal2827@example.in,7430727004,H.No. 277 Mangal Ganj,Mumbai
,Alexander Bajwa,,,,Gurgaon
C01102,Raksha Seshadri,ekansh.patil20240@outlook.com,7982771817,32 Gola Zila,Salem
N00269,Yashawini Contractor,yashawini.contractor3269@outlook.com,6564380969,88/494 Bhakta Street,Agartala
N00281,Ranbir Bali,ranbir.bali3281@yahoo.com,6801184782,"52, Gandhi",Kamarhati
N00080,Xiti Sundaram,xiti.sundaram3080@example.in,9781596169,"359, Chandran Circle",Parbhani
N00170,Peter Tak,peter.tak3170@gmail.com,9517646263,H.No. 93 Jhaveri Circle,Dehri
C00658,Harinakshi Dhar,harinakshi.dhar658@example.in,7145221639,H.No. 46 Sharaf Circle,Akola
,Amaira Behl,,,H.No. 70 Dar Path,Bhilwara
,Aarna Chakraborty,,,,Kadapa
C00284,Rishi Shetty,rishi.shetty284@outlook.com,6829988088,H.No. 43 Bora Road,Kottayam
,Aarnav Amble,,,,Sambalpur
C01290,Ubika Ghosh,ubika.ghosh1290@yahoo.com,7570778583,"H.No. 18, Dora Path",Dewas
